match_id,team_id,team_name,player_id,player_name,player_nickname,jersey_number,country_id,country_name,from,to,from_period,to_period,starter,on_bench,position_id,position_name,position_from,position_to,start_reason,end_reason
3857254,776,Denmark,3043,Christian Dannemann Eriksen,Christian Eriksen,10,61,Denmark,,,,,,,15.0,Left Center Midfield,00:00,50:24,Starting XI,Tactical Shift
3857254,776,Denmark,3570,Pierre-Emile Højbjerg,,23,61,Denmark,,,,,,,13.0,Right Center Midfield,00:00,50:24,Starting XI,Tactical Shift
3857254,776,Denmark,3815,Kasper Schmeichel,,1,61,Denmark,,,,,,,1.0,Goalkeeper,00:00,,Starting XI,Final Whistle
3857254,776,Denmark,3959,Andreas Christensen,,6,61,Denmark,,,,,,,5.0,Left Center Back,00:00,,Starting XI,Final Whistle
3857254,776,Denmark,4447,Martin Braithwaite Christensen,Martin Braithwaite,9,61,Denmark,,,,,,,,,,,,
3857254,776,Denmark,5524,Jens Stryger Larsen,,17,61,Denmark,,,,,,,,,,,,
3857254,776,Denmark,5527,Thomas Delaney,,8,61,Denmark,,,,,,,10.0,Center Defensive Midfield,00:00,45:32,Starting XI,Substitution - Off (Injury)
3857254,776,Denmark,5534,Simon Thorup Kjær,Simon Kjær,4,61,Denmark,,,,,,,4.0,Center Back,00:00,63:59,Starting XI,Substitution - Off (Tactical)
3857254,776,Denmark,5536,Yussuf Yurary Poulsen,Yussuf Poulsen,20,61,Denmark,,,,,,,,,,,,
3857254,776,Denmark,5732,Andreas Evald Cornelius,Andreas Cornelius,21,61,Denmark,,,,,,,23.0,Center Forward,64:28,,Substitution - On (Tactical),Final Whistle
3857254,776,Denmark,6302,Kasper Dolberg,,12,61,Denmark,,,,,,,24.0,Left Center Forward,00:00,50:24,Starting XI,Tactical Shift
3857254,776,Denmark,6797,Daniel Wass,,18,61,Denmark,,,,,,,,,,,,
3857254,776,Denmark,7097,Christian Nørgaard,,15,61,Denmark,,,,,,,,,,,,
3857254,776,Denmark,8247,Joachim Andersen,,2,61,Denmark,,,,,,,3.0,Right Center Back,00:00,,Starting XI,Final Whistle
3857254,776,Denmark,12420,Frederik Rønnow,,22,61,Denmark,,,,,,,,,,,,
3857254,776,Denmark,16190,Rasmus Nissen Kristensen,Rasmus Kristensen,13,61,Denmark,,,,,,,7.0,Right Wing Back,00:00,66:10,Starting XI,Tactical Shift
3857254,776,Denmark,16294,Robert Skov,,24,61,Denmark,,,,,,,,,,,,
3857254,776,Denmark,16554,Joakim Mæhle,Joakim Maehle,5,61,Denmark,,,,,,,8.0,Left Wing Back,00:00,66:10,Starting XI,Tactical Shift
3857254,776,Denmark,17042,Andreas Skov Olsen,,11,61,Denmark,,,,,,,22.0,Right Center Forward,00:00,50:24,Starting XI,Tactical Shift
3857254,776,Denmark,17043,Victor Nelsson,,3,61,Denmark,,,,,,,,,,,,
3857254,776,Denmark,18722,Mathias Jensen,,7,61,Denmark,,,,,,,4.0,Center Back,63:59,66:10,Substitution - On (Tactical),Tactical Shift
3857254,776,Denmark,21261,Jonas Older Wind,Jonas Wind,19,61,Denmark,,,,,,,,,,,,
3857254,776,Denmark,24443,Mikkel Damsgaard,,14,61,Denmark,,,,,,,10.0,Center Defensive Midfield,45:32,50:24,Substitution - On (Injury),Tactical Shift
3857254,776,Denmark,24547,Alexander Hartmann Bah,Alexander Bah,26,61,Denmark,,,,,,,,,,,,
3857254,776,Denmark,27038,Oliver Christensen,,16,61,Denmark,,,,,,,,,,,,
3857254,776,Denmark,27569,Jesper Lindstrøm,,25,61,Denmark,,,,,,,18.0,Right Attacking Midfield,64:28,66:10,Substitution - On (Tactical),Tactical Shift
3857254,777,Tunisia,3196,Wahbi Khazri,,10,232,Tunisia,,,,,,,,,,,,
3857254,777,Tunisia,3557,Naïm Sliti,,23,232,Tunisia,,,,,,,17.0,Right Wing,66:43,80:09,Substitution - On (Tactical),Tactical Shift
3857254,777,Tunisia,3767,Ellyes Joris Skhiri,,17,232,Tunisia,,,,,,,9.0,Right Defensive Midfield,00:00,,Starting XI,Final Whistle
3857254,777,Tunisia,5647,Ali Maâloul,,12,232,Tunisia,,,,,,,,,,,,
3857254,777,Tunisia,5650,Ferjani Sassi,,13,232,Tunisia,,,,,,,11.0,Left Defensive Midfield,87:46,,Substitution - On (Tactical),Final Whistle
3857254,777,Tunisia,5651,Yassine Meriah,,4,232,Tunisia,,,,,,,4.0,Center Back,00:00,,Starting XI,Final Whistle
3857254,777,Tunisia,5653,Mouez Hassen,,26,232,Tunisia,,,,,,,,,,,,
3857254,777,Tunisia,5655,Dylan Daniel Mahmoud Bronn,,6,232,Tunisia,,,,,,,3.0,Right Center Back,00:00,,Starting XI,Final Whistle
3857254,777,Tunisia,6342,Aymen Mathlouthi,Balbouli,1,232,Tunisia,,,,,,,,,,,,
3857254,777,Tunisia,6347,Ghilane Chalali,,18,232,Tunisia,,,,,,,,,,,,
3857254,777,Tunisia,9236,Mohamed Dräger,,20,232,Tunisia,,,,,,,7.0,Right Wing Back,00:00,87:17,Starting XI,Substitution - Off (Tactical)
3857254,777,Tunisia,16352,Issam Jebali,,9,232,Tunisia,,,,,,,23.0,Center Forward,00:00,80:01,Starting XI,Substitution - Off (Tactical)
3857254,777,Tunisia,23910,Youssef Msakni,,7,232,Tunisia,,,,,,,21.0,Left Wing,00:00,79:47,Starting XI,Substitution - Off (Tactical)
3857254,777,Tunisia,25582,Nader Ghandri,,5,232,Tunisia,,,,,,,,,,,,
3857254,777,Tunisia,30681,Ali Abdi,,24,232,Tunisia,,,,,,,8.0,Left Wing Back,00:00,,Starting XI,Final Whistle
3857254,777,Tunisia,32450,Montassar Omar Talbi,,3,232,Tunisia,,,,,,,5.0,Left Center Back,00:00,,Starting XI,Final Whistle
3857254,777,Tunisia,35592,Anis Ben Slimane,Anis Slimane,25,232,Tunisia,,,,,,,17.0,Right Wing,00:00,66:43,Starting XI,Substitution - Off (Tactical)
3857254,777,Tunisia,44955,Aïssa Bilal Laïdouni,Aïssa Laïdouni,14,232,Tunisia,,,,,,,11.0,Left Defensive Midfield,00:00,87:46,Starting XI,Substitution - Off (Tactical)
3857254,777,Tunisia,50988,Hannibal Mejbri,,8,232,Tunisia,,,,,,,21.0,Left Wing,79:47,80:09,Substitution - On (Tactical),Tactical Shift
3857254,777,Tunisia,68749,Seifeddine Jaziri,,19,232,Tunisia,,,,,,,,,,,,
3857254,777,Tunisia,102816,Mohamed Ali Ben Romdhane,,15,232,Tunisia,,,,,,,,,,,,
3857254,777,Tunisia,105943,Aymen Dahmen,,16,232,Tunisia,,,,,,,1.0,Goalkeeper,00:00,,Starting XI,Final Whistle
3857254,777,Tunisia,105944,Wajdi Kechrida,,21,232,Tunisia,,,,,,,7.0,Right Wing Back,87:17,,Substitution - On (Tactical),Final Whistle
3857254,777,Tunisia,128793,Taha Yassine Khenissi,,11,232,Tunisia,,,,,,,23.0,Center Forward,80:01,,Substitution - On (Tactical),Final Whistle
3857254,777,Tunisia,136296,Bechir Ben Said,,22,232,Tunisia,,,,,,,,,,,,
3857254,777,Tunisia,163049,Bilel Ifa,,2,232,Tunisia,,,,,,,,,,,,
3857255,778,Japan,3175,Eiji Kawashima,,1,114,Japan,,,,,,,,,,,,
3857255,778,Japan,3300,Maya Yoshida,,22,114,Japan,,,,,,,4.0,Center Back,00:00,,Starting XI,Final Whistle
3857255,778,Japan,3530,Hiroki Sakai,,19,114,Japan,,,,,,,,,,,,
3857255,778,Japan,5690,Yuto Nagatomo,,5,114,Japan,,,,,,,8.0,Left Wing Back,00:00,45:00,Starting XI,Substitution - Off (Tactical)
3857255,778,Japan,5693,Gaku Shibasaki,,7,114,Japan,,,,,,,,,,,,
3857255,778,Japan,8361,Ritsu Doan,,8,114,Japan,,,,,,,17.0,Right Wing,45:00,,Substitution - On (Tactical),Final Whistle
3857255,778,Japan,8776,Takumi Minamino,,10,114,Japan,,,,,,,,,,,,
3857255,778,Japan,8949,Takuma Asano,,18,114,Japan,,,,,,,23.0,Center Forward,61:02,,Substitution - On (Tactical),Final Whistle
3857255,778,Japan,9411,Daichi Kamada,,15,114,Japan,,,,,,,21.0,Left Wing,00:00,68:49,Starting XI,Substitution - Off (Tactical)
3857255,778,Japan,23527,Junya Ito,,14,114,Japan,,,,,,,7.0,Right Wing Back,00:00,68:54,Starting XI,Tactical Shift
3857255,778,Japan,23721,Wataru Endo,,6,114,Japan,,,,,,,9.0,Right Defensive Midfield,86:30,,Substitution - On (Tactical),Final Whistle
3857255,778,Japan,23730,Takehiro Tomiyasu,,16,114,Japan,,,,,,,21.0,Left Wing,68:49,68:54,Substitution - On (Tactical),Tactical Shift
3857255,778,Japan,25719,Shūichi Gonda,,12,114,Japan,,,,,,,1.0,Goalkeeper,00:00,,Starting XI,Final Whistle
3857255,778,Japan,29366,Daniel Schmidt,,23,114,Japan,,,,,,,,,,,,
3857255,778,Japan,29595,Ko Itakura,,4,114,Japan,,,,,,,3.0,Right Center Back,00:00,,Starting XI,Final Whistle
3857255,778,Japan,30628,Daizen Maeda,,25,114,Japan,,,,,,,23.0,Center Forward,00:00,61:02,Starting XI,Substitution - Off (Tactical)
3857255,778,Japan,31090,Takefusa Kubo,,11,114,Japan,,,,,,,17.0,Right Wing,00:00,45:00,Starting XI,Substitution - Off (Tactical)
3857255,778,Japan,37122,Yuki Soma,,24,114,Japan,,,,,,,,,,,,
3857255,778,Japan,37208,Ao Tanaka,,17,114,Japan,,,,,,,9.0,Right Defensive Midfield,00:00,86:30,Starting XI,Substitution - Off (Tactical)
3857255,778,Japan,37209,Miki Yamane,,2,114,Japan,,,,,,,,,,,,
3857255,778,Japan,37211,Kaoru Mitoma,,9,114,Japan,,,,,,,8.0,Left Wing Back,45:00,,Substitution - On (Tactical),Final Whistle
3857255,778,Japan,37215,Shogo Taniguchi,,3,114,Japan,,,,,,,5.0,Left Center Back,00:00,,Starting XI,Final Whistle
3857255,778,Japan,37221,Hidemasa Morita,,13,114,Japan,,,,,,,11.0,Left Defensive Midfield,00:00,,Starting XI,Final Whistle
3857255,778,Japan,38285,Ayase Ueda,,21,114,Japan,,,,,,,,,,,,
3857255,778,Japan,95272,Hiroki Ito,,26,114,Japan,,,,,,,,,,,,
3857255,778,Japan,100436,Shuto Machino,,20,114,Japan,,,,,,,,,,,,
3857255,772,Spain,3477,Álvaro Borja Morata Martín,Álvaro Morata,7,214,Spain,,,,,,,23.0,Center Forward,00:00,56:17,Starting XI,Substitution - Off (Tactical)
3857255,772,Spain,3957,César Azpilicueta Tanco,César Azpilicueta,2,214,Spain,,,,,,,2.0,Right Back,00:00,45:00,Starting XI,Substitution - Off (Tactical)
3857255,772,Spain,4127,David Raya Martin,David Raya,13,214,Spain,,,,,,,,,,,,
3857255,772,Spain,4353,Aymeric Laporte,,24,214,Spain,,,,,,,,,,,,
3857255,772,Spain,5199,Jorge Resurrección Merodio,Koke,8,214,Spain,,,,,,,,,,,,
3857255,772,Spain,5203,Sergio Busquets i Burgos,Sergio Busquets,5,214,Spain,,,,,,,10.0,Center Defensive Midfield,00:00,,Starting XI,Final Whistle
3857255,772,Spain,5211,Jordi Alba Ramos,Jordi Alba,18,214,Spain,,,,,,,6.0,Left Back,68:54,,Tactical Shift,Final Whistle
3857255,772,Spain,5719,Marco Asensio Willemsen,,10,214,Spain,,,,,,,23.0,Center Forward,56:17,80:55,Substitution - On (Tactical),Tactical Shift
3857255,772,Spain,5721,Daniel Carvajal Ramos,Daniel Carvajal,20,214,Spain,,,,,,,2.0,Right Back,45:00,,Substitution - On (Tactical),Final Whistle
3857255,772,Spain,6583,Carlos Soler Barragán,Carlos Soler,19,214,Spain,,,,,,,,,,,,
3857255,772,Spain,6720,Pablo Sarabia García,Pablo Sarabia,22,214,Spain,,,,,,,,,,,,
3857255,772,Spain,6748,Ferrán Torres García,Ferrán Torres,11,214,Spain,,,,,,,17.0,Right Wing,56:06,80:55,Substitution - On (Tactical),Tactical Shift
3857255,772,Spain,6765,Rodrigo Hernández Cascante,Rodri,16,214,Spain,,,,,,,3.0,Right Center Back,00:00,,Starting XI,Final Whistle
3857255,772,Spain,6840,Marcos Llorente Moreno,Marcos Llorente,6,214,Spain,,,,,,,,,,,,
3857255,772,Spain,6892,Pau Francisco Torres,Pau Torres,4,214,Spain,,,,,,,5.0,Left Center Back,00:00,,Starting XI,Final Whistle
3857255,772,Spain,9843,Robert Lynch Sanchez,Robert Sanchez,1,214,Spain,,,,,,,,,,,,
3857255,772,Spain,11748,Unai Simón Mendibil,Unai Simón,23,214,Spain,,,,,,,1.0,Goalkeeper,00:00,,Starting XI,Final Whistle
3857255,772,Spain,16532,Daniel Olmo Carvajal,Daniel Olmo,21,214,Spain,,,,,,,21.0,Left Wing,00:00,68:54,Starting XI,Tactical Shift
3857255,772,Spain,30486,Pedro González López,Pedri,26,214,Spain,,,,,,,15.0,Left Center Midfield,00:00,,Starting XI,Final Whistle
3857255,772,Spain,30756,Anssumane Fati,Ansu Fati,25,214,Spain,,,,,,,13.0,Right Center Midfield,67:13,68:54,Substitution - On (Tactical),Tactical Shift
3857255,772,Spain,31953,Eric García Martret,Eric García,3,214,Spain,,,,,,,,,,,,
3857255,772,Spain,35641,Hugo Guillamón Sanmartín,Hugo Guillamón,15,214,Spain,,,,,,,,,,,,
3857255,772,Spain,39161,Alejandro Balde Martínez,Alejandro Balde,14,214,Spain,,,,,,,6.0,Left Back,00:00,68:54,Starting XI,Substitution - Off (Tactical)
3857255,772,Spain,50494,Yeremy Jesús Pino Santos,Yeremi Pino,17,214,Spain,,,,,,,,,,,,
3857255,772,Spain,68574,Nicholas Williams Arthuer,Nico Williams,12,214,Spain,,,,,,,17.0,Right Wing,00:00,56:06,Starting XI,Substitution - Off (Tactical)
3857255,772,Spain,133353,Pablo Martín Páez Gavira,Gavi,9,214,Spain,,,,,,,13.0,Right Center Midfield,00:00,67:13,Starting XI,Substitution - Off (Tactical)
3857256,773,Switzerland,3500,Granit Xhaka,,10,221,Switzerland,,,,,,,11.0,Left Defensive Midfield,00:00,,Starting XI,Final Whistle
3857256,773,Switzerland,3533,Xherdan Shaqiri,,23,221,Switzerland,,,,,,,17.0,Right Wing,00:00,68:17,Starting XI,Substitution - Off (Tactical)
3857256,773,Switzerland,3913,Edimilson Fernandes,,2,221,Switzerland,,,,,,,19.0,Center Attacking Midfield,67:51,68:21,Substitution - On (Tactical),Tactical Shift
3857256,773,Switzerland,5537,Fabian Lukas Schär,Fabian Schär,22,221,Switzerland,,,,,,,3.0,Right Center Back,00:00,,Starting XI,Final Whistle
3857256,773,Switzerland,5538,Denis Lemi Zakaria Lako Lado,Denis Zakaria,6,221,Switzerland,,,,,,,17.0,Right Wing,68:17,68:21,Substitution - On (Tactical),Tactical Shift
3857256,773,Switzerland,5543,Haris Seferović,,9,221,Switzerland,,,,,,,,,,,,
3857256,773,Switzerland,5544,Ricardo Iván Rodríguez Araya,Ricardo Rodríguez,13,221,Switzerland,,,,,,,6.0,Left Back,00:00,,Starting XI,Final Whistle
3857256,773,Switzerland,5545,Breel-Donald Embolo,Breel Embolo,7,221,Switzerland,,,,,,,23.0,Center Forward,00:00,95:24,Starting XI,Substitution - Off (Tactical)
3857256,773,Switzerland,5549,Manuel Obafemi Akanji,Manuel Akanji,5,221,Switzerland,,,,,,,5.0,Left Center Back,00:00,,Starting XI,Final Whistle
3857256,773,Switzerland,6983,Remo Freuler,,8,221,Switzerland,,,,,,,9.0,Right Defensive Midfield,00:00,68:21,Starting XI,Tactical Shift
3857256,773,Switzerland,7796,Silvan Widmer,,3,221,Switzerland,,,,,,,2.0,Right Back,00:00,,Starting XI,Final Whistle
3857256,773,Switzerland,8561,Fabian Frei,,20,221,Switzerland,,,,,,,,,,,,
3857256,773,Switzerland,12326,Renato Steffen,,11,221,Switzerland,,,,,,,,,,,,
3857256,773,Switzerland,16016,Michel Aebischer,,14,221,Switzerland,,,,,,,,,,,,
3857256,773,Switzerland,16022,Christian Fassnacht,,16,221,Switzerland,,,,,,,21.0,Left Wing,82:51,,Substitution - On (Tactical),Final Whistle
3857256,773,Switzerland,16026,Djibril Sow,,15,221,Switzerland,,,,,,,19.0,Center Attacking Midfield,00:00,67:51,Starting XI,Substitution - Off (Tactical)
3857256,773,Switzerland,17974,Gregor Kobel,,21,221,Switzerland,,,,,,,1.0,Goalkeeper,00:00,,Starting XI,Final Whistle
3857256,773,Switzerland,29003,Jonas Omlin,,12,221,Switzerland,,,,,,,,,,,,
3857256,773,Switzerland,29006,Noah Okafor,,19,221,Switzerland,,,,,,,23.0,Center Forward,95:24,,Substitution - On (Tactical),Final Whistle
3857256,773,Switzerland,29012,Eray Ervin Cömert,Eray Cömert,18,221,Switzerland,,,,,,,,,,,,
3857256,773,Switzerland,30401,Ruben Vargas,,17,221,Switzerland,,,,,,,21.0,Left Wing,00:00,82:51,Starting XI,Substitution - Off (Tactical)
3857256,773,Switzerland,41655,Ardon Jashari,,26,221,Switzerland,,,,,,,,,,,,
3857256,773,Switzerland,50436,Fabian Rieder,,25,221,Switzerland,,,,,,,,,,,,
3857256,786,Serbia,3512,Marko Grujić,,26,203,Serbia,,,,,,,,,,,,
3857256,786,Serbia,3831,Dušan Tadić,,10,203,Serbia,,,,,,,19.0,Center Attacking Midfield,00:00,77:35,Starting XI,Substitution - Off (Tactical)
3857256,786,Serbia,4269,Aleksandar Mitrović,,9,203,Serbia,,,,,,,24.0,Left Center Forward,00:00,,Starting XI,Final Whistle
3857256,786,Serbia,5589,Sergej Milinković-Savić,,20,203,Serbia,,,,,,,11.0,Left Defensive Midfield,00:00,66:59,Starting XI,Substitution - Off (Tactical)
3857256,786,Serbia,5591,Filip Kostić,,17,203,Serbia,,,,,,,8.0,Left Wing Back,00:00,,Starting XI,Final Whistle
3857256,786,Serbia,5603,Nikola Milenković,,4,203,Serbia,,,,,,,3.0,Right Center Back,00:00,,Starting XI,Final Whistle
3857256,786,Serbia,5833,Nemanja Radonjić,,7,203,Serbia,,,,,,,7.0,Right Wing Back,77:40,,Substitution - On (Tactical),Final Whistle
3857256,786,Serbia,6318,Andrija Živković,,14,203,Serbia,,,,,,,7.0,Right Wing Back,00:00,77:40,Starting XI,Substitution - Off (Tactical)
3857256,786,Serbia,6319,Luka Jović,,11,203,Serbia,,,,,,,22.0,Right Center Forward,54:15,,Substitution - On (Tactical),Final Whistle
3857256,786,Serbia,6321,Milos Veljkovic,,5,203,Serbia,,,,,,,4.0,Center Back,00:00,54:02,Starting XI,Substitution - Off (Tactical)
3857256,786,Serbia,6687,Saša Lukić,,16,203,Serbia,,,,,,,9.0,Right Defensive Midfield,00:00,67:18,Starting XI,Tactical Shift
3857256,786,Serbia,6698,Marko Dmitrović,,1,203,Serbia,,,,,,,,,,,,
3857256,786,Serbia,6901,Nemanja Maksimović,,6,203,Serbia,,,,,,,11.0,Left Defensive Midfield,66:59,67:18,Substitution - On (Tactical),Tactical Shift
3857256,786,Serbia,7117,Filip Đuričić,Filip Djuricic,21,203,Serbia,,,,,,,19.0,Center Attacking Midfield,77:35,80:14,Substitution - On (Tactical),Player Off
3857256,786,Serbia,7145,Darko Lazović,,22,203,Serbia,,,,,,,,,,,,
3857256,786,Serbia,7993,Filip Mladenović,,25,203,Serbia,,,,,,,,,,,,
3857256,786,Serbia,10477,Stefan Mitrović,,13,203,Serbia,,,,,,,,,,,,
3857256,786,Serbia,15731,Predrag Rajković,,12,203,Serbia,,,,,,,,,,,,
3857256,786,Serbia,16489,Nemanja Gudelj,,8,203,Serbia,,,,,,,4.0,Center Back,54:02,,Substitution - On (Tactical),Final Whistle
3857256,786,Serbia,18015,Dušan Vlahović,,18,203,Serbia,,,,,,,22.0,Right Center Forward,00:00,54:15,Starting XI,Substitution - Off (Tactical)
3857256,786,Serbia,18737,Srđan Babić,,15,203,Serbia,,,,,,,,,,,,
3857256,786,Serbia,20600,Vanja Milinković Savić,,23,203,Serbia,,,,,,,1.0,Goalkeeper,00:00,,Starting XI,Final Whistle
3857256,786,Serbia,24267,Uroš Račić,,19,203,Serbia,,,,,,,,,,,,
3857256,786,Serbia,27719,Strahinja Pavlović,,2,203,Serbia,,,,,,,5.0,Left Center Back,00:00,,Starting XI,Final Whistle
3857256,786,Serbia,30179,Ivan Ilić,,24,203,Serbia,,,,,,,,,,,,
3857256,786,Serbia,43666,Strahinja Eraković,,3,203,Serbia,,,,,,,,,,,,
3857257,776,Denmark,3043,Christian Dannemann Eriksen,Christian Eriksen,10,61,Denmark,,,,,,,15.0,Left Center Midfield,00:00,69:21,Starting XI,Tactical Shift
3857257,776,Denmark,3570,Pierre-Emile Højbjerg,,23,61,Denmark,,,,,,,10.0,Center Defensive Midfield,00:00,69:21,Starting XI,Tactical Shift
3857257,776,Denmark,3815,Kasper Schmeichel,,1,61,Denmark,,,,,,,1.0,Goalkeeper,00:00,,Starting XI,Final Whistle
3857257,776,Denmark,3959,Andreas Christensen,,6,61,Denmark,,,,,,,5.0,Left Center Back,00:00,,Starting XI,Final Whistle
3857257,776,Denmark,4447,Martin Braithwaite Christensen,Martin Braithwaite,9,61,Denmark,,,,,,,23.0,Center Forward,00:00,58:13,Starting XI,Substitution - Off (Tactical)
3857257,776,Denmark,5524,Jens Stryger Larsen,,17,61,Denmark,,,,,,,,,,,,
3857257,776,Denmark,5534,Simon Thorup Kjær,Simon Kjær,4,61,Denmark,,,,,,,,,,,,
3857257,776,Denmark,5536,Yussuf Yurary Poulsen,Yussuf Poulsen,20,61,Denmark,,,,,,,,,,,,
3857257,776,Denmark,5732,Andreas Evald Cornelius,Andreas Cornelius,21,61,Denmark,,,,,,,22.0,Right Center Forward,69:21,69:21,Tactical Shift,Substitution - On (Tactical)
3857257,776,Denmark,6302,Kasper Dolberg,,12,61,Denmark,,,,,,,23.0,Center Forward,58:13,69:21,Substitution - On (Tactical),Tactical Shift
3857257,776,Denmark,6797,Daniel Wass,,18,61,Denmark,,,,,,,,,,,,
3857257,776,Denmark,7097,Christian Nørgaard,,15,61,Denmark,,,,,,,,,,,,
3857257,776,Denmark,8247,Joachim Andersen,,2,61,Denmark,,,,,,,3.0,Right Center Back,00:00,,Starting XI,Final Whistle
3857257,776,Denmark,12420,Frederik Rønnow,,22,61,Denmark,,,,,,,,,,,,
3857257,776,Denmark,16190,Rasmus Nissen Kristensen,Rasmus Kristensen,13,61,Denmark,,,,,,,2.0,Right Back,00:00,45:00,Starting XI,Substitution - Off (Tactical)
3857257,776,Denmark,16294,Robert Skov,,24,61,Denmark,,,,,,,17.0,Right Wing,68:56,69:21,Substitution - On (Tactical),Tactical Shift
3857257,776,Denmark,16554,Joakim Mæhle,Joakim Maehle,5,61,Denmark,,,,,,,6.0,Left Back,00:00,69:21,Starting XI,Substitution - Off (Tactical)
3857257,776,Denmark,17042,Andreas Skov Olsen,,11,61,Denmark,,,,,,,17.0,Right Wing,00:00,68:56,Starting XI,Substitution - Off (Tactical)
3857257,776,Denmark,17043,Victor Nelsson,,3,61,Denmark,,,,,,,,,,,,
3857257,776,Denmark,18722,Mathias Jensen,,7,61,Denmark,,,,,,,13.0,Right Center Midfield,00:00,58:30,Starting XI,Substitution - Off (Tactical)
3857257,776,Denmark,21261,Jonas Older Wind,Jonas Wind,19,61,Denmark,,,,,,,,,,,,
3857257,776,Denmark,24443,Mikkel Damsgaard,,14,61,Denmark,,,,,,,13.0,Right Center Midfield,58:30,69:21,Substitution - On (Tactical),Tactical Shift
3857257,776,Denmark,24547,Alexander Hartmann Bah,Alexander Bah,26,61,Denmark,,,,,,,2.0,Right Back,45:00,,Substitution - On (Tactical),Final Whistle
3857257,776,Denmark,27038,Oliver Christensen,,16,61,Denmark,,,,,,,,,,,,
3857257,776,Denmark,27569,Jesper Lindstrøm,,25,61,Denmark,,,,,,,21.0,Left Wing,00:00,69:21,Starting XI,Tactical Shift
3857257,792,Australia,3240,Mathew Ryan,Mat Ryan,1,14,Australia,,,,,,,1.0,Goalkeeper,00:00,,Starting XI,Final Whistle
3857257,792,Australia,3281,Aaron Mooy,,13,14,Australia,,,,,,,9.0,Right Defensive Midfield,00:00,,Starting XI,Final Whistle
3857257,792,Australia,5479,Aziz Eraltay Behich,Aziz Behich,16,14,Australia,,,,,,,6.0,Left Back,00:00,74:17,Starting XI,Tactical Shift
3857257,792,Australia,5481,Mathew Leckie,,7,14,Australia,,,,,,,12.0,Right Midfield,00:00,46:58,Starting XI,Tactical Shift
3857257,792,Australia,5490,Jackson Irvine,,22,14,Australia,,,,,,,11.0,Left Defensive Midfield,00:00,46:58,Starting XI,Tactical Shift
3857257,792,Australia,8346,Craig Goodwin,,23,14,Australia,,,,,,,16.0,Left Midfield,00:00,45:00,Starting XI,Substitution - Off (Tactical)
3857257,792,Australia,8859,Ajdin Hrustic,,10,14,Australia,,,,,,,21.0,Left Wing,88:08,,Substitution - On (Tactical),Final Whistle
3857257,792,Australia,9430,Jason Cummings,,25,14,Australia,,,,,,,,,,,,
3857257,792,Australia,9980,Jamie MacLaren,Jamie Maclaren,9,14,Australia,,,,,,,23.0,Center Forward,81:52,,Substitution - On (Tactical),Final Whistle
3857257,792,Australia,15957,Miloš Degenek,,2,14,Australia,,,,,,,2.0,Right Back,00:00,74:17,Starting XI,Tactical Shift
3857257,792,Australia,16549,Danny Vuković,,18,14,Australia,,,,,,,,,,,,
3857257,792,Australia,22293,Harry Souttar,,19,14,Australia,,,,,,,3.0,Right Center Back,00:00,74:17,Starting XI,Tactical Shift
3857257,792,Australia,22371,Bailey Wright,,8,14,Australia,,,,,,,21.0,Left Wing,73:15,74:17,Substitution - On (Tactical),Tactical Shift
3857257,792,Australia,24475,Awer Denis Bul Mabil,,11,14,Australia,,,,,,,,,,,,
3857257,792,Australia,28370,Fran Karačić,,5,14,Australia,,,,,,,,,,,,
3857257,792,Australia,33446,Thomas Deng,,20,14,Australia,,,,,,,,,,,,
3857257,792,Australia,33465,Joel King,,24,14,Australia,,,,,,,,,,,,
3857257,792,Australia,33477,Riley McGree,,14,14,Australia,,,,,,,22.0,Right Center Forward,00:00,46:58,Starting XI,Tactical Shift
3857257,792,Australia,33488,Keanu Baccus,,26,14,Australia,,,,,,,16.0,Left Midfield,45:00,46:58,Substitution - On (Tactical),Tactical Shift
3857257,792,Australia,33492,Mitchell Thomas Duke,Mitchell Duke,15,14,Australia,,,,,,,24.0,Left Center Forward,00:00,46:58,Starting XI,Tactical Shift
3857257,792,Australia,33495,Kye Rowles,,4,14,Australia,,,,,,,5.0,Left Center Back,00:00,,Starting XI,Final Whistle
3857257,792,Australia,33502,Cameron Peter Devlin,,17,14,Australia,,,,,,,,,,,,
3857257,792,Australia,33564,Andrew Redmayne,,12,14,Australia,,,,,,,,,,,,
3857257,792,Australia,33572,Nathaniel Atkinson,,3,14,Australia,,,,,,,,,,,,
3857257,792,Australia,36158,Marco Tilio,,6,14,Australia,,,,,,,,,,,,
3857257,792,Australia,227697,Garang Kuol,,21,14,Australia,,,,,,,,,,,,
3857258,781,Brazil,3063,Danilo Luiz da Silva,Danilo,2,31,Brazil,,,,,,,2.0,Right Back,00:00,,Starting XI,Final Whistle
3857258,781,Brazil,3067,Ederson Santana de Moraes,Ederson Moraes,23,31,Brazil,,,,,,,,,,,,
3857258,781,Brazil,3202,Gabriel Fernando de Jesus,Gabriel Jesus,18,31,Brazil,,,,,,,23.0,Center Forward,78:19,,Substitution - On (Tactical),Final Whistle
3857258,781,Brazil,3247,Fábio Henrique Tavares,Fabinho,15,31,Brazil,,,,,,,,,,,,
3857258,781,Brazil,3280,Richarlison de Andrade,Richarlison,9,31,Brazil,,,,,,,23.0,Center Forward,00:00,78:19,Starting XI,Substitution - Off (Tactical)
3857258,781,Brazil,3295,Thiago Emiliano da Silva,Thiago Silva,3,31,Brazil,,,,,,,5.0,Left Center Back,00:00,,Starting XI,Final Whistle
3857258,781,Brazil,4320,Neymar da Silva Santos Junior,Neymar,10,31,Brazil,,,,,,,19.0,Center Attacking Midfield,00:00,79:09,Starting XI,Substitution - Off (Injury)
3857258,781,Brazil,4324,Daniel Alves da Silva,Dani Alves,13,31,Brazil,,,,,,,,,,,,
3857258,781,Brazil,4372,Marcos Aoás Corrêa,Marquinhos,4,31,Brazil,,,,,,,3.0,Right Center Back,00:00,,Starting XI,Final Whistle
3857258,781,Brazil,5539,Carlos Henrique Casimiro,Casemiro,5,31,Brazil,,,,,,,11.0,Left Defensive Midfield,00:00,,Starting XI,Final Whistle
3857258,781,Brazil,5547,Alisson Ramsés Becker,Alisson,1,31,Brazil,,,,,,,1.0,Goalkeeper,00:00,,Starting XI,Final Whistle
3857258,781,Brazil,6945,Alex Sandro Lobo Silva,Alex Sandro,6,31,Brazil,,,,,,,6.0,Left Back,00:00,,Starting XI,Final Whistle
3857258,781,Brazil,9904,Frederico Rodrigues Santos,Fred,8,31,Brazil,,,,,,,9.0,Right Defensive Midfield,74:48,,Substitution - On (Tactical),Final Whistle
3857258,781,Brazil,10595,Raphael Dias Belloli,Raphinha,11,31,Brazil,,,,,,,17.0,Right Wing,00:00,86:54,Starting XI,Substitution - Off (Tactical)
3857258,781,Brazil,11183,Alex Nicolao Telles,Alex Telles,16,31,Brazil,,,,,,,,,,,,
3857258,781,Brazil,11493,Gleison Bremer Silva Nascimento,Bremer,24,31,Brazil,,,,,,,,,,,,
3857258,781,Brazil,13620,Éder Gabriel Militão,Éder Militão,14,31,Brazil,,,,,,,,,,,,
3857258,781,Brazil,18395,Vinícius José Paixão de Oliveira Júnior,Vinícius Júnior,20,31,Brazil,,,,,,,21.0,Left Wing,00:00,75:12,Starting XI,Substitution - Off (Tactical)
3857258,781,Brazil,22600,Lucas Tolentino Coelho de Lima,Lucas Paquetá,7,31,Brazil,,,,,,,9.0,Right Defensive Midfield,00:00,74:48,Starting XI,Substitution - Off (Tactical)
3857258,781,Brazil,25101,Weverton Pereira da Silva,Wéverton,12,31,Brazil,,,,,,,,,,,,
3857258,781,Brazil,25104,Rodrygo Silva de Goes,Rodrygo,21,31,Brazil,,,,,,,21.0,Left Wing,75:12,79:23,Substitution - On (Tactical),Tactical Shift
3857258,781,Brazil,25142,Bruno Guimarães Rodriguez Moura,Bruno Guimarães,17,31,Brazil,,,,,,,,,,,,
3857258,781,Brazil,25154,Éverton Augusto de Barros Ribeiro,Éverton Ribeiro,22,31,Brazil,,,,,,,,,,,,
3857258,781,Brazil,25305,Pedro Guilherme Abreu dos Santos,Pedro,25,31,Brazil,,,,,,,,,,,,
3857258,781,Brazil,25363,Antony Matheus dos Santos,Antony,19,31,Brazil,,,,,,,19.0,Center Attacking Midfield,79:09,79:23,Substitution - On (Injury),Tactical Shift
3857258,781,Brazil,29976,Gabriel Teodoro Martinelli Silva,Gabriel Martinelli,26,31,Brazil,,,,,,,17.0,Right Wing,86:54,86:59,Substitution - On (Tactical),Tactical Shift
3857258,786,Serbia,3512,Marko Grujić,,26,203,Serbia,,,,,,,,,,,,
3857258,786,Serbia,3831,Dušan Tadić,,10,203,Serbia,,,,,,,18.0,Right Attacking Midfield,00:00,66:49,Starting XI,Tactical Shift
3857258,786,Serbia,4269,Aleksandar Mitrović,,9,203,Serbia,,,,,,,23.0,Center Forward,00:00,66:49,Starting XI,Tactical Shift
3857258,786,Serbia,5589,Sergej Milinković-Savić,,20,203,Serbia,,,,,,,20.0,Left Attacking Midfield,00:00,66:49,Starting XI,Tactical Shift
3857258,786,Serbia,5591,Filip Kostić,,17,203,Serbia,,,,,,,,,,,,
3857258,786,Serbia,5603,Nikola Milenković,,4,203,Serbia,,,,,,,3.0,Right Center Back,00:00,,Starting XI,Final Whistle
3857258,786,Serbia,5833,Nemanja Radonjić,,7,203,Serbia,,,,,,,7.0,Right Wing Back,56:44,66:49,Substitution - On (Tactical),Tactical Shift
3857258,786,Serbia,6318,Andrija Živković,,14,203,Serbia,,,,,,,7.0,Right Wing Back,00:00,56:44,Starting XI,Substitution - Off (Tactical)
3857258,786,Serbia,6319,Luka Jović,,11,203,Serbia,,,,,,,,,,,,
3857258,786,Serbia,6321,Milos Veljkovic,,5,203,Serbia,,,,,,,4.0,Center Back,00:00,,Starting XI,Final Whistle
3857258,786,Serbia,6687,Saša Lukić,,16,203,Serbia,,,,,,,9.0,Right Defensive Midfield,00:00,65:08,Starting XI,Substitution - Off (Tactical)
3857258,786,Serbia,6698,Marko Dmitrović,,1,203,Serbia,,,,,,,,,,,,
3857258,786,Serbia,6901,Nemanja Maksimović,,6,203,Serbia,,,,,,,24.0,Left Center Forward,82:54,82:58,Substitution - On (Tactical),Tactical Shift
3857258,786,Serbia,7117,Filip Đuričić,Filip Djuricic,21,203,Serbia,,,,,,,,,,,,
3857258,786,Serbia,7145,Darko Lazović,,22,203,Serbia,,,,,,,9.0,Right Defensive Midfield,65:08,66:49,Substitution - On (Tactical),Tactical Shift
3857258,786,Serbia,7993,Filip Mladenović,,25,203,Serbia,,,,,,,8.0,Left Wing Back,00:00,65:19,Starting XI,Substitution - Off (Tactical)
3857258,786,Serbia,10477,Stefan Mitrović,,13,203,Serbia,,,,,,,,,,,,
3857258,786,Serbia,15731,Predrag Rajković,,12,203,Serbia,,,,,,,,,,,,
3857258,786,Serbia,16489,Nemanja Gudelj,,8,203,Serbia,,,,,,,11.0,Left Defensive Midfield,00:00,56:23,Starting XI,Substitution - Off (Tactical)
3857258,786,Serbia,18015,Dušan Vlahović,,18,203,Serbia,,,,,,,8.0,Left Wing Back,65:19,66:49,Substitution - On (Tactical),Tactical Shift
3857258,786,Serbia,18737,Srđan Babić,,15,203,Serbia,,,,,,,,,,,,
3857258,786,Serbia,20600,Vanja Milinković Savić,,23,203,Serbia,,,,,,,1.0,Goalkeeper,00:00,,Starting XI,Final Whistle
3857258,786,Serbia,24267,Uroš Račić,,19,203,Serbia,,,,,,,,,,,,
3857258,786,Serbia,27719,Strahinja Pavlović,,2,203,Serbia,,,,,,,5.0,Left Center Back,00:00,,Starting XI,Final Whistle
3857258,786,Serbia,30179,Ivan Ilić,,24,203,Serbia,,,,,,,11.0,Left Defensive Midfield,56:23,66:49,Substitution - On (Tactical),Tactical Shift
3857258,786,Serbia,43666,Strahinja Eraković,,3,203,Serbia,,,,,,,,,,,,
3857259,2722,Cameroon,3141,André-Frank Zambo Anguissa,André Zambo Anguissa,8,39,Cameroon,,,,,,,13.0,Right Center Midfield,00:00,54:45,Starting XI,Tactical Shift
3857259,2722,Cameroon,3499,Jean-Eric Maxim Choupo-Moting,Eric Maxim Choupo-Moting,13,39,Cameroon,,,,,,,23.0,Center Forward,00:00,,Starting XI,Final Whistle
3857259,2722,Cameroon,3551,Karl Brillant Toko Ekambi,Karl Toko Ekambi,12,39,Cameroon,,,,,,,21.0,Left Wing,00:00,66:59,Starting XI,Substitution - Off (Tactical)
3857259,2722,Cameroon,3639,Georges-Kévin Nkoudou Mbida,Georges-Kevin N'Koudou,7,39,Cameroon,,,,,,,21.0,Left Wing,80:21,,Substitution - On (Tactical),Final Whistle
3857259,2722,Cameroon,4935,Bryan Mbeumo,,20,39,Cameroon,,,,,,,17.0,Right Wing,00:00,67:03,Starting XI,Tactical Shift
3857259,2722,Cameroon,7426,Jean-Charles Castelletto,,21,39,Cameroon,,,,,,,3.0,Right Center Back,00:00,,Starting XI,Final Whistle
3857259,2722,Cameroon,7472,Nicolas Alexis Julio N'Koulou Ndoubena,Nicolas N'Koulou,3,39,Cameroon,,,,,,,5.0,Left Center Back,00:00,,Starting XI,Final Whistle
3857259,2722,Cameroon,7551,Enzo Ebosse,,24,39,Cameroon,,,,,,,,,,,,
3857259,2722,Cameroon,8591,Samuel Yves Oum Gwet,Samuel Gouet,14,39,Cameroon,,,,,,,11.0,Left Defensive Midfield,80:19,,Substitution - On (Tactical),Final Whistle
3857259,2722,Cameroon,10530,Jules Olivier Ntcham,Olivier Ntcham,22,39,Cameroon,,,,,,,,,,,,
3857259,2722,Cameroon,11174,Vincent Paté Aboubakar,Vincent Aboubakar,10,39,Cameroon,,,,,,,10.0,Center Defensive Midfield,54:39,54:45,Substitution - On (Tactical),Tactical Shift
3857259,2722,Cameroon,12623,Pierre Kunde Malong,Pierre Kunde,15,39,Cameroon,,,,,,,15.0,Left Center Midfield,00:00,54:45,Starting XI,Tactical Shift
3857259,2722,Cameroon,13454,Nouhou Tolo,,25,39,Cameroon,,,,,,,6.0,Left Back,00:00,,Starting XI,Final Whistle
3857259,2722,Cameroon,15326,Devis Rogers Epassy Mboka,Devis Epassy,16,39,Cameroon,,,,,,,1.0,Goalkeeper,00:00,,Starting XI,Final Whistle
3857259,2722,Cameroon,16014,Jean Pierre Nsamé,,9,39,Cameroon,,,,,,,,,,,,
3857259,2722,Cameroon,16015,Nicolas Moumi Ngamaleu,Moumi Ngamaleu,6,39,Cameroon,,,,,,,,,,,,
3857259,2722,Cameroon,16346,Ngoran Suiru Fai Collins,Collins Fai,19,39,Cameroon,,,,,,,2.0,Right Back,00:00,34:24,Starting XI,Player Off (Off Camera)
3857259,2722,Cameroon,21456,Olivier Mbaissidara Mbaizo,Olivier Mbaizo,17,39,Cameroon,,,,,,,,,,,,
3857259,2722,Cameroon,28966,Gaël Ondoua,,5,39,Cameroon,,,,,,,9.0,Right Defensive Midfield,67:01,,Substitution - On (Tactical),Final Whistle
3857259,2722,Cameroon,30016,Martin Hongla Yma II,,18,39,Cameroon,,,,,,,10.0,Center Defensive Midfield,00:00,13:11,Starting XI,Player Off
3857259,2722,Cameroon,33813,Jerome Ngom Mbekeli,Jerome Mbekeli,2,39,Cameroon,,,,,,,,,,,,
3857259,2722,Cameroon,44842,Simon Brady Ngapandouetnbu,,1,39,Cameroon,,,,,,,,,,,,
3857259,2722,Cameroon,46903,Christian Mougang Bassogog,Christian Bassogog,11,39,Cameroon,,,,,,,21.0,Left Wing,66:59,67:03,Substitution - On (Tactical),Tactical Shift
3857259,2722,Cameroon,74588,Christopher Wooh,,4,39,Cameroon,,,,,,,,,,,,
3857259,2722,Cameroon,349913,Souaibou Marou,,26,39,Cameroon,,,,,,,,,,,,
3857259,786,Serbia,3512,Marko Grujić,,26,203,Serbia,,,,,,,13.0,Right Center Midfield,78:25,78:25,Tactical Shift,Substitution - On (Tactical)
3857259,786,Serbia,3831,Dušan Tadić,,10,203,Serbia,,,,,,,18.0,Right Attacking Midfield,00:00,78:25,Starting XI,Tactical Shift
3857259,786,Serbia,4269,Aleksandar Mitrović,,9,203,Serbia,,,,,,,23.0,Center Forward,00:00,01:28,Starting XI,Player Off
3857259,786,Serbia,5589,Sergej Milinković-Savić,,20,203,Serbia,,,,,,,20.0,Left Attacking Midfield,00:00,78:25,Starting XI,Substitution - Off (Tactical)
3857259,786,Serbia,5591,Filip Kostić,,17,203,Serbia,,,,,,,8.0,Left Wing Back,00:00,90:53,Starting XI,Substitution - Off (Tactical)
3857259,786,Serbia,5603,Nikola Milenković,,4,203,Serbia,,,,,,,3.0,Right Center Back,00:00,,Starting XI,Final Whistle
3857259,786,Serbia,5833,Nemanja Radonjić,,7,203,Serbia,,,,,,,7.0,Right Wing Back,77:41,,Substitution - On (Tactical),Final Whistle
3857259,786,Serbia,6318,Andrija Živković,,14,203,Serbia,,,,,,,7.0,Right Wing Back,00:00,77:41,Starting XI,Substitution - Off (Tactical)
3857259,786,Serbia,6319,Luka Jović,,11,203,Serbia,,,,,,,,,,,,
3857259,786,Serbia,6321,Milos Veljkovic,,5,203,Serbia,,,,,,,4.0,Center Back,00:00,77:44,Starting XI,Substitution - Off (Tactical)
3857259,786,Serbia,6687,Saša Lukić,,16,203,Serbia,,,,,,,11.0,Left Defensive Midfield,00:00,49:19,Starting XI,Tactical Shift
3857259,786,Serbia,6698,Marko Dmitrović,,1,203,Serbia,,,,,,,,,,,,
3857259,786,Serbia,6901,Nemanja Maksimović,,6,203,Serbia,,,,,,,9.0,Right Defensive Midfield,00:00,49:19,Starting XI,Tactical Shift
3857259,786,Serbia,7117,Filip Đuričić,Filip Djuricic,21,203,Serbia,,,,,,,8.0,Left Wing Back,90:53,,Substitution - On (Tactical),Final Whistle
3857259,786,Serbia,7145,Darko Lazović,,22,203,Serbia,,,,,,,,,,,,
3857259,786,Serbia,7993,Filip Mladenović,,25,203,Serbia,,,,,,,,,,,,
3857259,786,Serbia,10477,Stefan Mitrović,,13,203,Serbia,,,,,,,5.0,Left Center Back,55:25,78:25,Substitution - On (Tactical),Tactical Shift
3857259,786,Serbia,15731,Predrag Rajković,,12,203,Serbia,,,,,,,,,,,,
3857259,786,Serbia,16489,Nemanja Gudelj,,8,203,Serbia,,,,,,,,,,,,
3857259,786,Serbia,18015,Dušan Vlahović,,18,203,Serbia,,,,,,,,,,,,
3857259,786,Serbia,18737,Srđan Babić,,15,203,Serbia,,,,,,,4.0,Center Back,77:44,78:25,Substitution - On (Tactical),Tactical Shift
3857259,786,Serbia,20600,Vanja Milinković Savić,,23,203,Serbia,,,,,,,1.0,Goalkeeper,00:00,,Starting XI,Final Whistle
3857259,786,Serbia,24267,Uroš Račić,,19,203,Serbia,,,,,,,,,,,,
3857259,786,Serbia,27719,Strahinja Pavlović,,2,203,Serbia,,,,,,,5.0,Left Center Back,00:00,55:25,Starting XI,Substitution - Off (Tactical)
3857259,786,Serbia,30179,Ivan Ilić,,24,203,Serbia,,,,,,,,,,,,
3857259,786,Serbia,43666,Strahinja Eraković,,3,203,Serbia,,,,,,,,,,,,
3857260,799,Saudi Arabia,5173,Abdullah Ibrahim Otayf,Abdullah Otayf,14,200,Saudi Arabia,,,,,,,,,,,,
3857260,799,Saudi Arabia,5187,Salem Mohammed Al Dawsari,Salem Al Dawsari,10,200,Saudi Arabia,,,,,,,16.0,Left Midfield,00:00,45:19,Starting XI,Tactical Shift
3857260,799,Saudi Arabia,5188,Hattan Babhir,,19,200,Saudi Arabia,,,,,,,7.0,Right Wing Back,87:23,90:29,Substitution - On (Tactical),Tactical Shift
3857260,799,Saudi Arabia,5713,Mohammed Kanoo,,23,200,Saudi Arabia,,,,,,,24.0,Left Center Forward,00:00,45:19,Starting XI,Tactical Shift
3857260,799,Saudi Arabia,5714,Mohammed Khalil Al Owais,Mohammed Al Owais,21,200,Saudi Arabia,,,,,,,1.0,Goalkeeper,00:00,,Starting XI,Final Whistle
3857260,799,Saudi Arabia,5715,Ali Albulayhi,,5,200,Saudi Arabia,,,,,,,6.0,Left Back,00:00,36:02,Starting XI,Substitution - Off (Injury)
3857260,799,Saudi Arabia,51094,Abdulelah Al Amri,,4,200,Saudi Arabia,,,,,,,3.0,Right Center Back,00:00,,Starting XI,Final Whistle
3857260,799,Saudi Arabia,51096,Ali Al Hassan,Ali Al-Hassan,15,200,Saudi Arabia,,,,,,,9.0,Right Defensive Midfield,00:00,45:00,Starting XI,Substitution - Off (Tactical)
3857260,799,Saudi Arabia,51099,Firas Tariq Nasser Al Albirakan,Firas Albirakan,9,200,Saudi Arabia,,,,,,,12.0,Right Midfield,00:00,45:19,Starting XI,Tactical Shift
3857260,799,Saudi Arabia,51103,Abdullah Mohammed Madu,Abdullah Madu,3,200,Saudi Arabia,,,,,,,9.0,Right Defensive Midfield,45:00,45:19,Substitution - On (Tactical),Tactical Shift
3857260,799,Saudi Arabia,51469,Saleh Khalid Al Shehri,Saleh Al Shehri,11,200,Saudi Arabia,,,,,,,22.0,Right Center Forward,00:00,45:19,Starting XI,Tactical Shift
3857260,799,Saudi Arabia,51470,Riyadh Sharahili,,26,200,Saudi Arabia,,,,,,,6.0,Left Back,36:02,37:21,Substitution - On (Injury),Tactical Shift
3857260,799,Saudi Arabia,51546,Hassan Mohammed Al-Tambakti,Hassan Mohammed Al Tambakti,17,200,Saudi Arabia,,,,,,,5.0,Left Center Back,00:00,45:19,Starting XI,Tactical Shift
3857260,799,Saudi Arabia,51632,Sami Khalil Al Naji,Sami Al Naji,16,200,Saudi Arabia,,,,,,,,,,,,
3857260,799,Saudi Arabia,51663,Mohammed Al Rubaie Al Yami,Mohammed Al Yami,1,200,Saudi Arabia,,,,,,,,,,,,
3857260,799,Saudi Arabia,51705,Abdulrahman Al-Obood,Abdulrahman Al Obod,20,200,Saudi Arabia,,,,,,,23.0,Center Forward,61:03,63:57,Substitution - On (Tactical),Tactical Shift
3857260,799,Saudi Arabia,51710,Saud Abdullah Abdul Hamid,Saud Abdul Hamid,12,200,Saudi Arabia,,,,,,,11.0,Left Defensive Midfield,00:00,37:21,Starting XI,Tactical Shift
3857260,799,Saudi Arabia,54144,Nawaf Shaker Al Abid,Nawaf Al Abid,18,200,Saudi Arabia,,,,,,,,,,,,
3857260,799,Saudi Arabia,54149,Nawaf Alaqidi,,22,200,Saudi Arabia,,,,,,,,,,,,
3857260,799,Saudi Arabia,57620,Sultan Abdullah Salim Al Ghannam,Sultan Al Ghanam,2,200,Saudi Arabia,,,,,,,2.0,Right Back,00:00,45:19,Starting XI,Tactical Shift
3857260,799,Saudi Arabia,74623,Nasser Al Dawsari,,24,200,Saudi Arabia,,,,,,,,,,,,
3857260,799,Saudi Arabia,121539,Haitham Mohammed Asiri,Haitham Asiri,25,200,Saudi Arabia,,,,,,,,,,,,
3857260,794,Mexico,5563,José Andrés Guardado Hernández,Andrés Guardado,18,147,Mexico,,,,,,,,,,,,
3857260,794,Mexico,5567,Edson Omar Álvarez Velázquez,Edson Álvarez,4,147,Mexico,,,,,,,9.0,Right Defensive Midfield,00:00,85:51,Starting XI,Substitution - Off (Tactical)
3857260,794,Mexico,5568,Raúl Alonso Jiménez Rodríguez,Raúl Jiménez,9,147,Mexico,,,,,,,23.0,Center Forward,76:28,86:10,Substitution - On (Tactical),Tactical Shift
3857260,794,Mexico,5571,Hirving Rodrigo Lozano Bahena,Hirving Lozano,22,147,Mexico,,,,,,,17.0,Right Wing,00:00,45:00,Starting XI,Tactical Shift
3857260,794,Mexico,5573,Héctor Alfredo Moreno Herrera,Héctor Moreno,15,147,Mexico,,,,,,,5.0,Left Center Back,00:00,,Starting XI,Final Whistle
3857260,794,Mexico,5575,Héctor Miguel Herrera López,Héctor Herrera,16,147,Mexico,,,,,,,,,,,,
3857260,794,Mexico,5576,Jesús Daniel Gallardo Vasconcelos,Jesús Gallardo,23,147,Mexico,,,,,,,6.0,Left Back,00:00,,Starting XI,Final Whistle
3857260,794,Mexico,5577,Francisco Guillermo Ochoa Magaña,Guillermo Ochoa,13,147,Mexico,,,,,,,1.0,Goalkeeper,00:00,,Starting XI,Final Whistle
3857260,794,Mexico,11388,Néstor Alejandro Araújo Razo,Néstor Araujo,2,147,Mexico,,,,,,,,,,,,
3857260,794,Mexico,15452,Carlos Uriel Antuna Romero,Uriel Antuna,21,147,Mexico,,,,,,,17.0,Right Wing,45:00,45:00,Tactical Shift,Substitution - On (Tactical)
3857260,794,Mexico,15872,Érick Gabriel Gutiérrez Galaviz,Erick Gutiérrez,14,147,Mexico,,,,,,,,,,,,
3857260,794,Mexico,26280,Orbelín Pineda Alvarado,Orbelín Pineda,17,147,Mexico,,,,,,,19.0,Center Attacking Midfield,00:00,76:23,Starting XI,Substitution - Off (Tactical)
3857260,794,Mexico,26297,Carlos Alberto Rodríguez Gómez,Carlos Alberto Rodríguez,8,147,Mexico,,,,,,,19.0,Center Attacking Midfield,76:23,86:10,Substitution - On (Tactical),Tactical Shift
3857260,794,Mexico,26301,Ernesto Alexis Vega Rojas,Alexis Vega,10,147,Mexico,,,,,,,21.0,Left Wing,00:00,45:00,Starting XI,Substitution - Off (Tactical)
3857260,794,Mexico,26318,Rogelio Gabriel Funes Mori,Rogelio Funes Mori,11,147,Mexico,,,,,,,9.0,Right Defensive Midfield,85:51,86:10,Substitution - On (Tactical),Tactical Shift
3857260,794,Mexico,26336,Johan Felipe Vásquez Ibarra,Johan Vásquez,5,147,Mexico,,,,,,,,,,,,
3857260,794,Mexico,26368,César Jasib Montes Castro,César Montes,3,147,Mexico,,,,,,,3.0,Right Center Back,00:00,,Starting XI,Final Whistle
3857260,794,Mexico,26375,Roberto Carlos Alvarado Hernández,Roberto Alvarado,25,147,Mexico,,,,,,,,,,,,
3857260,794,Mexico,26386,Luis Francisco Romo Barrón,Luis Romo,7,147,Mexico,,,,,,,,,,,,
3857260,794,Mexico,26389,Alfredo Talavera Díaz,Alfredo Talavera,1,147,Mexico,,,,,,,,,,,,
3857260,794,Mexico,26400,Henry Josué Martín Mex,Henry Martín,20,147,Mexico,,,,,,,23.0,Center Forward,00:00,76:28,Starting XI,Substitution - Off (Tactical)
3857260,794,Mexico,26406,Jorge Eduardo Sánchez Ramos,Jorge Sánchez,19,147,Mexico,,,,,,,2.0,Right Back,00:00,85:43,Starting XI,Substitution - Off (Tactical)
3857260,794,Mexico,27896,Gerardo Daniel Arteaga Zamora,Gerardo Arteaga,6,147,Mexico,,,,,,,,,,,,
3857260,794,Mexico,28522,Rodolfo Cota Robles,Rodolfo Cota,12,147,Mexico,,,,,,,,,,,,
3857260,794,Mexico,28825,Luis Gerardo Chávez Magallón,Luis Chávez,24,147,Mexico,,,,,,,11.0,Left Defensive Midfield,00:00,,Starting XI,Final Whistle
3857260,794,Mexico,30500,Kevin Nahin Álvarez Campos,Kevin Álvarez,26,147,Mexico,,,,,,,2.0,Right Back,85:43,,Substitution - On (Tactical),Final Whistle
3857261,907,Wales,3086,Ben Davies,,4,249,Wales,,,,,,,6.0,Left Back,00:00,58:37,Starting XI,Substitution - Off (Injury)
3857261,907,Wales,3517,Aaron Ramsey,,10,249,Wales,,,,,,,19.0,Center Attacking Midfield,00:00,,Starting XI,Final Whistle
3857261,907,Wales,3839,Tom Lockyer,,17,249,Wales,,,,,,,,,,,,
3857261,907,Wales,3853,Kieffer Roberto Francisco Moore,Kieffer Moore,13,249,Wales,,,,,,,23.0,Center Forward,00:00,,Starting XI,Final Whistle
3857261,907,Wales,4584,Adam Davies,,21,249,Wales,,,,,,,,,,,,
3857261,907,Wales,4767,Chris Mepham,,5,249,Wales,,,,,,,3.0,Right Center Back,00:00,,Starting XI,Final Whistle
3857261,907,Wales,4774,Connor Roberts,,14,249,Wales,,,,,,,2.0,Right Back,35:56,59:01,Substitution - On (Injury),Tactical Shift
3857261,907,Wales,4934,Ethan Ampadu,,15,249,Wales,,,,,,,11.0,Left Defensive Midfield,00:00,59:01,Starting XI,Tactical Shift
3857261,907,Wales,6399,Gareth Frank Bale,Gareth Bale,11,249,Wales,,,,,,,17.0,Right Wing,00:00,45:00,Starting XI,Substitution - Off (Tactical)
3857261,907,Wales,9540,Harry Wilson,,8,249,Wales,,,,,,,21.0,Left Wing,76:15,,Substitution - On (Tactical),Final Whistle
3857261,907,Wales,9914,Daniel Ward,,12,249,Wales,,,,,,,1.0,Goalkeeper,00:00,,Starting XI,Final Whistle
3857261,907,Wales,10928,Chris Gunter,,2,249,Wales,,,,,,,,,,,,
3857261,907,Wales,10931,Joe Allen,,7,249,Wales,,,,,,,9.0,Right Defensive Midfield,00:00,80:20,Starting XI,Substitution - Off (Injury)
3857261,907,Wales,10932,Jonathan Williams,,18,249,Wales,,,,,,,,,,,,
3857261,907,Wales,11250,Joe Rodon,,6,249,Wales,,,,,,,5.0,Left Center Back,00:00,,Starting XI,Final Whistle
3857261,907,Wales,11252,Daniel James,,20,249,Wales,,,,,,,21.0,Left Wing,00:00,76:15,Starting XI,Substitution - Off (Tactical)
3857261,907,Wales,12014,Mark Thomas Harris,Mark Harris,19,249,Wales,,,,,,,,,,,,
3857261,907,Wales,21446,Matthew Robert Smith,Matthew Smith,26,249,Wales,,,,,,,,,,,,
3857261,907,Wales,22074,Joseff Morrell,,16,249,Wales,,,,,,,6.0,Left Back,58:37,59:01,Substitution - On (Injury),Tactical Shift
3857261,907,Wales,29377,Brennan Johnson,,9,249,Wales,,,,,,,17.0,Right Wing,45:00,,Substitution - On (Tactical),Final Whistle
3857261,907,Wales,33121,Benjamin Cabango,Ben Cabango,24,249,Wales,,,,,,,,,,,,
3857261,907,Wales,33144,Dylan Levitt,,23,249,Wales,,,,,,,,,,,,
3857261,907,Wales,34794,Neco Williams,,3,249,Wales,,,,,,,2.0,Right Back,00:00,35:56,Starting XI,Substitution - Off (Injury)
3857261,907,Wales,50528,Sorba Thomas,,22,249,Wales,,,,,,,,,,,,
3857261,907,Wales,82257,Rubin Colwill,,25,249,Wales,,,,,,,9.0,Right Defensive Midfield,80:20,,Substitution - On (Injury),Final Whistle
3857261,768,England,3205,Kyle Walker,,2,68,England,,,,,,,2.0,Right Back,00:00,56:50,Starting XI,Substitution - Off (Tactical)
3857261,768,England,3233,Raheem Sterling,Raheem Sterling,10,68,England,,,,,,,,,,,,
3857261,768,England,3244,John Stones,,5,68,England,,,,,,,3.0,Right Center Back,00:00,,Starting XI,Final Whistle
3857261,768,England,3308,Kieran Trippier,,12,68,England,,,,,,,6.0,Left Back,64:50,,Substitution - On (Tactical),Final Whistle
3857261,768,England,3318,Marcus Rashford,,11,68,England,,,,,,,21.0,Left Wing,00:00,45:00,Starting XI,Tactical Shift
3857261,768,England,3336,Harry Maguire,,6,68,England,,,,,,,5.0,Left Center Back,00:00,,Starting XI,Final Whistle
3857261,768,England,3382,Luke Shaw,,3,68,England,,,,,,,6.0,Left Back,00:00,64:50,Starting XI,Substitution - Off (Tactical)
3857261,768,England,3468,Jordan Pickford,,1,68,England,,,,,,,1.0,Goalkeeper,00:00,,Starting XI,Final Whistle
3857261,768,England,3474,Nick Pope,,13,68,England,,,,,,,,,,,,
3857261,768,England,3532,Jordan Brian Henderson,Jordan Henderson,8,68,England,,,,,,,13.0,Right Center Midfield,00:00,,Starting XI,Final Whistle
3857261,768,England,3616,Callum Wilson,,24,68,England,,,,,,,23.0,Center Forward,57:06,,Substitution - On (Tactical),Final Whistle
3857261,768,England,3664,Trent Alexander-Arnold,,18,68,England,,,,,,,2.0,Right Back,56:50,,Substitution - On (Tactical),Final Whistle
3857261,768,England,3943,Declan Rice,,4,68,England,,,,,,,10.0,Center Defensive Midfield,00:00,57:13,Starting XI,Substitution - Off (Tactical)
3857261,768,England,4354,Phil Foden,,20,68,England,,,,,,,17.0,Right Wing,00:00,45:00,Starting XI,Tactical Shift
3857261,768,England,4706,Kalvin Phillips,,14,68,England,,,,,,,10.0,Center Defensive Midfield,57:13,,Substitution - On (Tactical),Final Whistle
3857261,768,England,7843,Mason Mount,,19,68,England,,,,,,,,,,,,
3857261,768,England,9638,Jack Grealish,,7,68,England,,,,,,,17.0,Right Wing,75:01,78:32,Substitution - On (Tactical),Tactical Shift
3857261,768,England,9905,James Maddison,,25,68,England,,,,,,,,,,,,
3857261,768,England,9928,Conor Coady,,16,68,England,,,,,,,,,,,,
3857261,768,England,10955,Harry Kane,,9,68,England,,,,,,,23.0,Center Forward,00:00,57:06,Starting XI,Substitution - Off (Tactical)
3857261,768,England,10956,Eric Dier,,15,68,England,,,,,,,,,,,,
3857261,768,England,22084,Bukayo Saka,,17,68,England,,,,,,,,,,,,
3857261,768,England,22783,Aaron Ramsdale,,23,68,England,,,,,,,,,,,,
3857261,768,England,29399,Conor Gallagher,,26,68,England,,,,,,,,,,,,
3857261,768,England,30714,Jude Bellingham,,22,68,England,,,,,,,15.0,Left Center Midfield,00:00,,Starting XI,Final Whistle
3857262,791,South Korea,3083,Heung-Min Son,Son Heung-Min,7,121,Korea (South),,,,,,,21.0,Left Wing,00:00,45:00,Starting XI,Tactical Shift
3857262,791,South Korea,3135,Chang-Hoon Kwon,Kwon Chang-Hoon,22,121,Korea (South),,,,,,,,,,,,
3857262,791,South Korea,5604,Young-Gwon Kim,Kim Young-Gwon,19,121,Korea (South),,,,,,,5.0,Left Center Back,00:00,78:44,Starting XI,Player Off
3857262,791,South Korea,5618,Woo-Young Jung,Jung Woo-Young,5,121,Korea (South),,,,,,,10.0,Center Defensive Midfield,00:00,81:16,Starting XI,Tactical Shift
3857262,791,South Korea,5619,Hyeon-Woo Jo,,21,121,Korea (South),,,,,,,,,,,,
3857262,791,South Korea,5620,Hee-Chan Hwang,Hwang Hee-Chan,11,121,Korea (South),,,,,,,21.0,Left Wing,65:23,81:16,Substitution - On (Tactical),Tactical Shift
3857262,791,South Korea,5623,Jae-Sung Lee,Lee Jae-Sung,10,121,Korea (South),,,,,,,17.0,Right Wing,00:00,45:00,Starting XI,Tactical Shift
3857262,791,South Korea,5986,Chul Hong,Hong Chul,14,121,Korea (South),,,,,,,,,,,,
3857262,791,South Korea,22067,Woo-Yeong Jeong,Jeong Woo-Yeong,25,121,Korea (South),,,,,,,,,,,,
3857262,791,South Korea,22740,Kang-In Lee,Lee Kang-In,18,121,Korea (South),,,,,,,15.0,Left Center Midfield,00:00,81:13,Starting XI,Substitution - Off (Tactical)
3857262,791,South Korea,23264,Seung-Ho Paik,Paik Seung-Ho,8,121,Korea (South),,,,,,,,,,,,
3857262,791,South Korea,23763,In-Beom Hwang,Hwang In-Beom,6,121,Korea (South),,,,,,,13.0,Right Center Midfield,00:00,81:16,Starting XI,Tactical Shift
3857262,791,South Korea,29966,Ui-Jo Hwang,Hwang Ui-jo,16,121,Korea (South),,,,,,,15.0,Left Center Midfield,81:13,81:16,Substitution - On (Tactical),Tactical Shift
3857262,791,South Korea,37641,Seung-Gyu Kim,Kim Seung-Gyu,1,121,Korea (South),,,,,,,1.0,Goalkeeper,00:00,,Starting XI,Final Whistle
3857262,791,South Korea,40538,Jin-Su Kim,Kim Jin-Su,3,121,Korea (South),,,,,,,6.0,Left Back,00:00,92:47,Starting XI,Tactical Shift
3857262,791,South Korea,40542,Gue-Sung Cho,Cho Kyu-Sung,9,121,Korea (South),,,,,,,23.0,Center Forward,00:00,81:16,Starting XI,Tactical Shift
3857262,791,South Korea,40550,Bum-Keun Song,Song Bum-Keun,12,121,Korea (South),,,,,,,,,,,,
3857262,791,South Korea,40558,Jun-Ho Son,Son Jun-Ho,13,121,Korea (South),,,,,,,5.0,Left Center Back,80:31,81:16,Substitution - On (Injury),Tactical Shift
3857262,791,South Korea,40564,Kyung-Won Kwon,Kwon Kyung-Won,20,121,Korea (South),,,,,,,3.0,Right Center Back,00:00,81:16,Starting XI,Tactical Shift
3857262,791,South Korea,40578,Tae-Hwan Kim,Kim Tae-Hwan,23,121,Korea (South),,,,,,,,,,,,
3857262,791,South Korea,40664,Min-Kyu Song,Song Min-Kyu,26,121,Korea (South),,,,,,,,,,,,
3857262,791,South Korea,40672,Moon-Hwan Kim,Kim Moon-Hwan,15,121,Korea (South),,,,,,,2.0,Right Back,00:00,92:47,Starting XI,Tactical Shift
3857262,791,South Korea,41495,Jong-Gyu Yoon,Yoon Jong-Gyu,2,121,Korea (South),,,,,,,,,,,,
3857262,791,South Korea,41711,Sang-Ho Na,Na Sangho,17,121,Korea (South),,,,,,,,,,,,
3857262,791,South Korea,43565,Min Jae Kim,Min Jae Kim,4,121,Korea (South),,,,,,,,,,,,
3857262,791,South Korea,99479,Yu-Min Cho,Cho Yu-Min,24,121,Korea (South),,,,,,,22.0,Right Center Forward,92:46,92:47,Substitution - On (Tactical),Tactical Shift
3857262,780,Portugal,3193,Bernardo Mota Veiga de Carvalho e Silva,Bernardo Silva,10,183,Portugal,,,,,,,15.0,Left Center Midfield,81:13,,Substitution - On (Tactical),Final Whistle
3857262,780,Portugal,4272,João Mário Naval da Costa Eduardo,João Mário,17,183,Portugal,,,,,,,21.0,Left Wing,00:00,67:35,Starting XI,Tactical Shift
3857262,780,Portugal,5204,Bruno Miguel Borges Fernandes,Bruno Fernandes,8,183,Portugal,,,,,,,,,,,,
3857262,780,Portugal,5205,Rui Pedro dos Santos Patrício,Rui Patrício,1,183,Portugal,,,,,,,,,,,,
3857262,780,Portugal,5206,Rúben Santos Gato Alves Dias,Rúben Dias,4,183,Portugal,,,,,,,,,,,,
3857262,780,Portugal,5207,Cristiano Ronaldo dos Santos Aveiro,Cristiano Ronaldo,7,183,Portugal,,,,,,,23.0,Center Forward,00:00,64:56,Starting XI,Substitution - Off (Tactical)
3857262,780,Portugal,5209,Raphaël Adelino José Guerreiro,Raphaël Guerreiro,5,183,Portugal,,,,,,,,,,,,
3857262,780,Portugal,5214,William Silva de Carvalho,William Carvalho,14,183,Portugal,,,,,,,13.0,Right Center Midfield,81:13,,Substitution - On (Tactical),Final Whistle
3857262,780,Portugal,5218,André Miguel Valente Silva,André Silva,9,183,Portugal,,,,,,,23.0,Center Forward,64:56,,Substitution - On (Tactical),Final Whistle
3857262,780,Portugal,7005,João Pedro Cavaco Cancelo,João Cancelo,20,183,Portugal,,,,,,,6.0,Left Back,00:00,70:44,Starting XI,Player Off
3857262,780,Portugal,9927,Rúben Diogo Da Silva Neves,Rúben Neves,18,183,Portugal,,,,,,,10.0,Center Defensive Midfield,00:00,64:42,Starting XI,Substitution - Off (Tactical)
3857262,780,Portugal,10868,Ricardo Jorge Luz Horta,Ricardo Horta,21,183,Portugal,,,,,,,17.0,Right Wing,00:00,,Starting XI,Final Whistle
3857262,780,Portugal,12041,João Félix Sequeira,João Félix,11,183,Portugal,,,,,,,,,,,,
3857262,780,Portugal,12169,João Maria Lobo Alves Palhinha Gonçalves,João Palhinha,6,183,Portugal,,,,,,,13.0,Right Center Midfield,64:26,67:35,Substitution - On (Tactical),Tactical Shift
3857262,780,Portugal,16028,José Diogo Dalot Teixeira,Diogo Dalot,2,183,Portugal,,,,,,,2.0,Right Back,00:00,,Starting XI,Final Whistle
3857262,780,Portugal,18360,Rafael Alexandre Conceição Leão,Rafael Leão,15,183,Portugal,,,,,,,10.0,Center Defensive Midfield,64:42,67:35,Substitution - On (Tactical),Tactical Shift
3857262,780,Portugal,18866,José Pedro Malheiro de Sá,José Sá,12,183,Portugal,,,,,,,,,,,,
3857262,780,Portugal,20016,Kléper Laveran Lima Ferreira,Pepe,3,183,Portugal,,,,,,,3.0,Right Center Back,00:00,,Starting XI,Final Whistle
3857262,780,Portugal,32975,Diogo Meireles Costa,Diogo Costa,22,183,Portugal,,,,,,,1.0,Goalkeeper,00:00,,Starting XI,Final Whistle
3857262,780,Portugal,34639,Vitor Machado Ferreira,Vitinha,16,183,Portugal,,,,,,,15.0,Left Center Midfield,00:00,14:57,Starting XI,Tactical Shift
3857262,780,Portugal,38803,Gonçalo Matias Ramos,Gonçalo Ramos,26,183,Portugal,,,,,,,,,,,,
3857262,780,Portugal,40874,Matheus Luiz Nunes,Matheus Nunes,23,183,Portugal,,,,,,,13.0,Right Center Midfield,00:00,14:57,Starting XI,Tactical Shift
3857262,780,Portugal,143854,António João Pereira Albuquerque Tavares Silva,António Silva,24,183,Portugal,,,,,,,5.0,Left Center Back,00:00,,Starting XI,Final Whistle
3857263,770,Germany,3053,Leroy Sané,,19,85,Germany,,,,,,,19.0,Center Attacking Midfield,69:02,69:44,Substitution - On (Tactical),Tactical Shift
3857263,770,Germany,3167,Antonio Rüdiger,,2,85,Germany,,,,,,,5.0,Left Center Back,00:00,,Starting XI,Final Whistle
3857263,770,Germany,4440,Kevin Trapp,,12,85,Germany,,,,,,,,,,,,
3857263,770,Germany,5555,Julian Brandt,,17,85,Germany,,,,,,,,,,,,
3857263,770,Germany,5562,Thomas Müller,,13,85,Germany,,,,,,,23.0,Center Forward,00:00,69:15,Starting XI,Substitution - Off (Tactical)
3857263,770,Germany,5570,Manuel Neuer,,1,85,Germany,,,,,,,1.0,Goalkeeper,00:00,,Starting XI,Final Whistle
3857263,770,Germany,5579,Joshua Kimmich,,6,85,Germany,,,,,,,9.0,Right Defensive Midfield,00:00,,Starting XI,Final Whistle
3857263,770,Germany,6322,Niklas Süle,,15,85,Germany,,,,,,,3.0,Right Center Back,00:00,,Starting XI,Final Whistle
3857263,770,Germany,6324,Leon Goretzka,,8,85,Germany,,,,,,,11.0,Left Defensive Midfield,00:00,,Starting XI,Final Whistle
3857263,770,Germany,8227,Mario Götze,,11,85,Germany,,,,,,,,,,,,
3857263,770,Germany,8400,Serge Gnabry,,10,85,Germany,,,,,,,17.0,Right Wing,00:00,69:44,Starting XI,Tactical Shift
3857263,770,Germany,8507,Lukas Klostermann,,16,85,Germany,,,,,,,2.0,Right Back,69:20,,Substitution - On (Tactical),Final Whistle
3857263,770,Germany,8511,Thilo Kehrer,,5,85,Germany,,,,,,,2.0,Right Back,00:00,69:20,Starting XI,Substitution - Off (Tactical)
3857263,770,Germany,8546,Niclas Füllkrug,,9,85,Germany,,,,,,,23.0,Center Forward,69:15,,Substitution - On (Tactical),Final Whistle
3857263,770,Germany,8804,Jonas Hofmann,,18,85,Germany,,,,,,,21.0,Left Wing,84:17,,Substitution - On (Tactical),Final Whistle
3857263,770,Germany,8808,Matthias Ginter,,4,85,Germany,,,,,,,,,,,,
3857263,770,Germany,8945,Christian Günter,,20,85,Germany,,,,,,,,,,,,
3857263,770,Germany,8966,Kai Havertz,,7,85,Germany,,,,,,,,,,,,
3857263,770,Germany,10287,İlkay Gündoğan,,21,85,Germany,,,,,,,19.0,Center Attacking Midfield,00:00,69:02,Starting XI,Substitution - Off (Tactical)
3857263,770,Germany,12034,David Raum,,3,85,Germany,,,,,,,6.0,Left Back,00:00,86:17,Starting XI,Substitution - Off (Tactical)
3857263,770,Germany,20055,Marc-André ter Stegen,Marc-André ter Stegen,22,85,Germany,,,,,,,,,,,,
3857263,770,Germany,24118,Nico Schlotterbeck,,23,85,Germany,,,,,,,6.0,Left Back,86:17,,Substitution - On (Tactical),Final Whistle
3857263,770,Germany,24916,Armel Bella-Kotchap,,25,85,Germany,,,,,,,,,,,,
3857263,770,Germany,35609,Karim-David Adeyemi,,24,85,Germany,,,,,,,,,,,,
3857263,770,Germany,38837,Youssoufa Moukoko,,26,85,Germany,,,,,,,,,,,,
3857263,770,Germany,39565,Jamal Musiala,,14,85,Germany,,,,,,,21.0,Left Wing,00:00,69:44,Starting XI,Tactical Shift
3857263,772,Spain,3477,Álvaro Borja Morata Martín,Álvaro Morata,7,214,Spain,,,,,,,17.0,Right Wing,53:25,53:26,Substitution - On (Tactical),Tactical Shift
3857263,772,Spain,3957,César Azpilicueta Tanco,César Azpilicueta,2,214,Spain,,,,,,,,,,,,
3857263,772,Spain,4127,David Raya Martin,David Raya,13,214,Spain,,,,,,,,,,,,
3857263,772,Spain,4353,Aymeric Laporte,,24,214,Spain,,,,,,,5.0,Left Center Back,00:00,,Starting XI,Final Whistle
3857263,772,Spain,5199,Jorge Resurrección Merodio,Koke,8,214,Spain,,,,,,,17.0,Right Wing,65:14,65:57,Substitution - On (Tactical),Tactical Shift
3857263,772,Spain,5203,Sergio Busquets i Burgos,Sergio Busquets,5,214,Spain,,,,,,,10.0,Center Defensive Midfield,00:00,,Starting XI,Final Whistle
3857263,772,Spain,5211,Jordi Alba Ramos,Jordi Alba,18,214,Spain,,,,,,,6.0,Left Back,00:00,81:51,Starting XI,Substitution - Off (Tactical)
3857263,772,Spain,5719,Marco Asensio Willemsen,,10,214,Spain,,,,,,,23.0,Center Forward,00:00,53:26,Starting XI,Tactical Shift
3857263,772,Spain,5721,Daniel Carvajal Ramos,Daniel Carvajal,20,214,Spain,,,,,,,2.0,Right Back,00:00,,Starting XI,Final Whistle
3857263,772,Spain,6583,Carlos Soler Barragán,Carlos Soler,19,214,Spain,,,,,,,,,,,,
3857263,772,Spain,6720,Pablo Sarabia García,Pablo Sarabia,22,214,Spain,,,,,,,,,,,,
3857263,772,Spain,6748,Ferrán Torres García,Ferrán Torres,11,214,Spain,,,,,,,17.0,Right Wing,00:00,53:25,Starting XI,Substitution - Off (Tactical)
3857263,772,Spain,6765,Rodrigo Hernández Cascante,Rodri,16,214,Spain,,,,,,,3.0,Right Center Back,00:00,,Starting XI,Final Whistle
3857263,772,Spain,6840,Marcos Llorente Moreno,Marcos Llorente,6,214,Spain,,,,,,,,,,,,
3857263,772,Spain,6892,Pau Francisco Torres,Pau Torres,4,214,Spain,,,,,,,,,,,,
3857263,772,Spain,9843,Robert Lynch Sanchez,Robert Sanchez,1,214,Spain,,,,,,,,,,,,
3857263,772,Spain,11748,Unai Simón Mendibil,Unai Simón,23,214,Spain,,,,,,,1.0,Goalkeeper,00:00,,Starting XI,Final Whistle
3857263,772,Spain,16532,Daniel Olmo Carvajal,Daniel Olmo,21,214,Spain,,,,,,,21.0,Left Wing,00:00,,Starting XI,Final Whistle
3857263,772,Spain,30486,Pedro González López,Pedri,26,214,Spain,,,,,,,15.0,Left Center Midfield,00:00,,Starting XI,Final Whistle
3857263,772,Spain,30756,Anssumane Fati,Ansu Fati,25,214,Spain,,,,,,,,,,,,
3857263,772,Spain,31953,Eric García Martret,Eric García,3,214,Spain,,,,,,,,,,,,
3857263,772,Spain,35641,Hugo Guillamón Sanmartín,Hugo Guillamón,15,214,Spain,,,,,,,,,,,,
3857263,772,Spain,39161,Alejandro Balde Martínez,Alejandro Balde,14,214,Spain,,,,,,,6.0,Left Back,81:51,,Substitution - On (Tactical),Final Whistle
3857263,772,Spain,50494,Yeremy Jesús Pino Santos,Yeremi Pino,17,214,Spain,,,,,,,,,,,,
3857263,772,Spain,68574,Nicholas Williams Arthuer,Nico Williams,12,214,Spain,,,,,,,13.0,Right Center Midfield,65:37,65:57,Substitution - On (Tactical),Tactical Shift
3857263,772,Spain,133353,Pablo Martín Páez Gavira,Gavi,9,214,Spain,,,,,,,13.0,Right Center Midfield,00:00,65:37,Starting XI,Substitution - Off (Tactical)
3857264,779,Argentina,2995,Ángel Fabián Di María Hernández,Ángel Di María,11,11,Argentina,,,,,,,17.0,Right Wing,00:00,20:52,Starting XI,Tactical Shift
3857264,779,Argentina,3090,Nicolás Hernán Otamendi,Nicolás Otamendi,19,11,Argentina,,,,,,,5.0,Left Center Back,00:00,,Starting XI,Final Whistle
3857264,779,Argentina,5503,Lionel Andrés Messi Cuccittini,Lionel Messi,10,11,Argentina,,,,,,,23.0,Center Forward,00:00,59:26,Starting XI,Tactical Shift
3857264,779,Argentina,5507,Nicolás Alejandro Tagliafico,Nicolás Tagliafico,3,11,Argentina,,,,,,,6.0,Left Back,58:27,78:49,Substitution - On (Tactical),Tactical Shift
3857264,779,Argentina,5743,Paulo Bruno Exequiel Dybala,Paulo Dybala,21,11,Argentina,,,,,,,,,,,,
3857264,779,Argentina,6312,Franco Armani,,1,11,Argentina,,,,,,,,,,,,
3857264,779,Argentina,6377,Ángel Martín Correa,Ángel Correa,15,11,Argentina,,,,,,,,,,,,
3857264,779,Argentina,6694,Gerónimo Rulli,Gero Rulli,12,11,Argentina,,,,,,,,,,,,
3857264,779,Argentina,6909,Damián Emiliano Martínez,Emiliano Martínez,23,11,Argentina,,,,,,,1.0,Goalkeeper,00:00,,Starting XI,Final Whistle
3857264,779,Argentina,7006,Alejandro Darío Gómez,Papu Gómez,17,11,Argentina,,,,,,,,,,,,
3857264,779,Argentina,7161,Germán Alejandro Pezzella,Germán Pezzella,6,11,Argentina,,,,,,,15.0,Left Center Midfield,78:24,78:49,Substitution - On (Tactical),Tactical Shift
3857264,779,Argentina,7797,Rodrigo Javier De Paul,Rodrigo De Paul,7,11,Argentina,,,,,,,13.0,Right Center Midfield,00:00,78:49,Starting XI,Tactical Shift
3857264,779,Argentina,11456,Lautaro Javier Martínez,Lautaro Martínez,22,11,Argentina,,,,,,,23.0,Center Forward,78:05,,Substitution - On (Tactical),Final Whistle
3857264,779,Argentina,16308,Leandro Daniel Paredes,Leandro Paredes,5,11,Argentina,,,,,,,17.0,Right Wing,58:18,59:26,Substitution - On (Tactical),Tactical Shift
3857264,779,Argentina,19597,Marcos Javier Acuña,Marcos Acuña,8,11,Argentina,,,,,,,6.0,Left Back,00:00,58:27,Starting XI,Substitution - Off (Tactical)
3857264,779,Argentina,20572,Cristian Gabriel Romero,Cristian Romero,13,11,Argentina,,,,,,,3.0,Right Center Back,00:00,,Starting XI,Final Whistle
3857264,779,Argentina,21081,Juan Marcos Foyth,Juan Foyth,2,11,Argentina,,,,,,,,,,,,
3857264,779,Argentina,26404,Guido Rodríguez,,18,11,Argentina,,,,,,,,,,,,
3857264,779,Argentina,27768,Lisandro Martínez,,25,11,Argentina,,,,,,,,,,,,
3857264,779,Argentina,27886,Alexis Mac Allister,Alexis MacAllister,20,11,Argentina,,,,,,,15.0,Left Center Midfield,00:00,59:26,Starting XI,Tactical Shift
3857264,779,Argentina,28263,Gonzalo Ariel Montiel,Gonzalo Montiel,4,11,Argentina,,,,,,,,,,,,
3857264,779,Argentina,28268,Exequiel Alejandro Palacios,Exequiel Palacios,14,11,Argentina,,,,,,,,,,,,
3857264,779,Argentina,28637,Thiago Ezequiel Almada,Thiago Almada,16,11,Argentina,,,,,,,21.0,Left Wing,82:47,,Substitution - On (Tactical),Final Whistle
3857264,779,Argentina,29201,Nahuel Molina Lucero,Nahuel Molina,26,11,Argentina,,,,,,,2.0,Right Back,00:00,78:49,Starting XI,Tactical Shift
3857264,779,Argentina,29560,Julián Álvarez,,9,11,Argentina,,,,,,,21.0,Left Wing,00:00,20:52,Starting XI,Tactical Shift
3857264,779,Argentina,38718,Enzo Fernandez,,24,11,Argentina,,,,,,,10.0,Center Defensive Midfield,00:00,59:26,Starting XI,Tactical Shift
3857264,789,Poland,3034,Kamil Glik,,15,182,Poland,,,,,,,3.0,Right Center Back,00:00,,Starting XI,Final Whistle
3857264,789,Poland,3637,Grzegorz Krychowiak,,10,182,Poland,,,,,,,11.0,Left Defensive Midfield,00:00,82:57,Starting XI,Substitution - Off (Tactical)
3857264,789,Poland,4626,Jan Bednarek,,5,182,Poland,,,,,,,,,,,,
3857264,789,Poland,4664,Sebastian Szymański,,19,182,Poland,,,,,,,,,,,,
3857264,789,Poland,4682,Robert Gumny,,25,182,Poland,,,,,,,,,,,,
3857264,789,Poland,4685,Artur Jędrzejczyk,,3,182,Poland,,,,,,,6.0,Left Back,72:00,,Substitution - On (Tactical),Final Whistle
3857264,789,Poland,4734,Matty Cash,,2,182,Poland,,,,,,,2.0,Right Back,00:00,,Starting XI,Final Whistle
3857264,789,Poland,5660,Piotr Zieliński,,20,182,Poland,,,,,,,12.0,Right Midfield,00:00,45:00,Starting XI,Tactical Shift
3857264,789,Poland,5665,Arkadiusz Milik,,7,182,Poland,,,,,,,,,,,,
3857264,789,Poland,5667,Kamil Grosicki,,11,182,Poland,,,,,,,,,,,,
3857264,789,Poland,5668,Robert Lewandowski,,9,182,Poland,,,,,,,22.0,Right Center Forward,00:00,45:00,Starting XI,Tactical Shift
3857264,789,Poland,5669,Wojciech Szczęsny,,1,182,Poland,,,,,,,1.0,Goalkeeper,00:00,,Starting XI,Final Whistle
3857264,789,Poland,5673,Bartosz Bereszyński,,18,182,Poland,,,,,,,6.0,Left Back,00:00,02:47,Starting XI,Player Off
3857264,789,Poland,7979,Przemysław Frankowski,,24,182,Poland,,,,,,,16.0,Left Midfield,00:00,45:00,Starting XI,Substitution - Off (Tactical)
3857264,789,Poland,8021,Szymon Żurkowski,,17,182,Poland,,,,,,,,,,,,
3857264,789,Poland,8704,Mateusz Wieteska,,4,182,Poland,,,,,,,,,,,,
3857264,789,Poland,8714,Damian Szymański,,8,182,Poland,,,,,,,9.0,Right Defensive Midfield,61:45,,Substitution - On (Tactical),Final Whistle
3857264,789,Poland,8836,Karol Świderski,,16,182,Poland,,,,,,,24.0,Left Center Forward,00:00,45:00,Starting XI,Substitution - Off (Tactical)
3857264,789,Poland,11508,Łukasz Skorupski,,12,182,Poland,,,,,,,,,,,,
3857264,789,Poland,11737,Krystian Bielik,,6,182,Poland,,,,,,,9.0,Right Defensive Midfield,00:00,61:45,Starting XI,Substitution - Off (Tactical)
3857264,789,Poland,12493,Krzysztof Piątek,,23,182,Poland,,,,,,,11.0,Left Defensive Midfield,82:57,83:02,Substitution - On (Tactical),Tactical Shift
3857264,789,Poland,24413,Kamil Grabara,,22,182,Poland,,,,,,,,,,,,
3857264,789,Poland,28453,Michał Skóraś,,26,182,Poland,,,,,,,12.0,Right Midfield,45:00,45:00,Tactical Shift,Substitution - On (Tactical)
3857264,789,Poland,31955,Jakub Kamiński,,13,182,Poland,,,,,,,16.0,Left Midfield,45:00,,Tactical Shift,Final Whistle
3857264,789,Poland,44166,Jakub Piotr Kiwior,,14,182,Poland,,,,,,,5.0,Left Center Back,00:00,,Starting XI,Final Whistle
3857264,789,Poland,50502,Nicola Zalewski,,21,182,Poland,,,,,,,,,,,,
3857265,789,Poland,3034,Kamil Glik,,15,182,Poland,,,,,,,3.0,Right Center Back,00:00,08:43,Starting XI,Player Off
3857265,789,Poland,3637,Grzegorz Krychowiak,,10,182,Poland,,,,,,,10.0,Center Defensive Midfield,00:00,45:00,Starting XI,Tactical Shift
3857265,789,Poland,4626,Jan Bednarek,,5,182,Poland,,,,,,,,,,,,
3857265,789,Poland,4664,Sebastian Szymański,,19,182,Poland,,,,,,,15.0,Left Center Midfield,00:00,45:00,Starting XI,Tactical Shift
3857265,789,Poland,4682,Robert Gumny,,25,182,Poland,,,,,,,,,,,,
3857265,789,Poland,4685,Artur Jędrzejczyk,,3,182,Poland,,,,,,,,,,,,
3857265,789,Poland,4734,Matty Cash,,2,182,Poland,,,,,,,2.0,Right Back,00:00,,Starting XI,Final Whistle
3857265,789,Poland,5660,Piotr Zieliński,,20,182,Poland,,,,,,,13.0,Right Center Midfield,00:00,45:00,Starting XI,Tactical Shift
3857265,789,Poland,5665,Arkadiusz Milik,,7,182,Poland,,,,,,,19.0,Center Attacking Midfield,87:00,87:02,Substitution - On (Tactical),Tactical Shift
3857265,789,Poland,5667,Kamil Grosicki,,11,182,Poland,,,,,,,,,,,,
3857265,789,Poland,5668,Robert Lewandowski,,9,182,Poland,,,,,,,23.0,Center Forward,00:00,87:02,Starting XI,Tactical Shift
3857265,789,Poland,5669,Wojciech Szczęsny,,1,182,Poland,,,,,,,1.0,Goalkeeper,00:00,,Starting XI,Final Whistle
3857265,789,Poland,5673,Bartosz Bereszyński,,18,182,Poland,,,,,,,6.0,Left Back,00:00,,Starting XI,Final Whistle
3857265,789,Poland,7979,Przemysław Frankowski,,24,182,Poland,,,,,,,16.0,Left Midfield,71:10,,Substitution - On (Tactical),Final Whistle
3857265,789,Poland,8021,Szymon Żurkowski,,17,182,Poland,,,,,,,,,,,,
3857265,789,Poland,8704,Mateusz Wieteska,,4,182,Poland,,,,,,,,,,,,
3857265,789,Poland,8714,Damian Szymański,,8,182,Poland,,,,,,,,,,,,
3857265,789,Poland,8836,Karol Świderski,,16,182,Poland,,,,,,,,,,,,
3857265,789,Poland,11508,Łukasz Skorupski,,12,182,Poland,,,,,,,,,,,,
3857265,789,Poland,11737,Krystian Bielik,,6,182,Poland,,,,,,,11.0,Left Defensive Midfield,45:00,45:00,Tactical Shift,Substitution - On (Tactical)
3857265,789,Poland,12493,Krzysztof Piątek,,23,182,Poland,,,,,,,,,,,,
3857265,789,Poland,24413,Kamil Grabara,,22,182,Poland,,,,,,,,,,,,
3857265,789,Poland,28453,Michał Skóraś,,26,182,Poland,,,,,,,,,,,,
3857265,789,Poland,31955,Jakub Kamiński,,13,182,Poland,,,,,,,12.0,Right Midfield,00:00,,Starting XI,Final Whistle
3857265,789,Poland,44166,Jakub Piotr Kiwior,,14,182,Poland,,,,,,,5.0,Left Center Back,00:00,,Starting XI,Final Whistle
3857265,789,Poland,50502,Nicola Zalewski,,21,182,Poland,,,,,,,16.0,Left Midfield,00:00,45:00,Starting XI,Substitution - Off (Tactical)
3857265,794,Mexico,5563,José Andrés Guardado Hernández,Andrés Guardado,18,147,Mexico,,,,,,,,,,,,
3857265,794,Mexico,5567,Edson Omar Álvarez Velázquez,Edson Álvarez,4,147,Mexico,,,,,,,10.0,Center Defensive Midfield,00:00,,Starting XI,Final Whistle
3857265,794,Mexico,5568,Raúl Alonso Jiménez Rodríguez,Raúl Jiménez,9,147,Mexico,,,,,,,23.0,Center Forward,70:18,,Substitution - On (Tactical),Final Whistle
3857265,794,Mexico,5571,Hirving Rodrigo Lozano Bahena,Hirving Lozano,22,147,Mexico,,,,,,,17.0,Right Wing,00:00,83:49,Starting XI,Tactical Shift
3857265,794,Mexico,5573,Héctor Alfredo Moreno Herrera,Héctor Moreno,15,147,Mexico,,,,,,,5.0,Left Center Back,00:00,,Starting XI,Final Whistle
3857265,794,Mexico,5575,Héctor Miguel Herrera López,Héctor Herrera,16,147,Mexico,,,,,,,13.0,Right Center Midfield,00:00,70:15,Starting XI,Substitution - Off (Tactical)
3857265,794,Mexico,5576,Jesús Daniel Gallardo Vasconcelos,Jesús Gallardo,23,147,Mexico,,,,,,,6.0,Left Back,00:00,,Starting XI,Final Whistle
3857265,794,Mexico,5577,Francisco Guillermo Ochoa Magaña,Guillermo Ochoa,13,147,Mexico,,,,,,,1.0,Goalkeeper,00:00,,Starting XI,Final Whistle
3857265,794,Mexico,11388,Néstor Alejandro Araújo Razo,Néstor Araujo,2,147,Mexico,,,,,,,,,,,,
3857265,794,Mexico,15452,Carlos Uriel Antuna Romero,Uriel Antuna,21,147,Mexico,,,,,,,21.0,Left Wing,83:48,83:49,Substitution - On (Tactical),Tactical Shift
3857265,794,Mexico,15872,Érick Gabriel Gutiérrez Galaviz,Erick Gutiérrez,14,147,Mexico,,,,,,,,,,,,
3857265,794,Mexico,26280,Orbelín Pineda Alvarado,Orbelín Pineda,17,147,Mexico,,,,,,,,,,,,
3857265,794,Mexico,26297,Carlos Alberto Rodríguez Gómez,Carlos Alberto Rodríguez,8,147,Mexico,,,,,,,13.0,Right Center Midfield,70:15,,Substitution - On (Tactical),Final Whistle
3857265,794,Mexico,26301,Ernesto Alexis Vega Rojas,Alexis Vega,10,147,Mexico,,,,,,,21.0,Left Wing,00:00,83:48,Starting XI,Substitution - Off (Tactical)
3857265,794,Mexico,26318,Rogelio Gabriel Funes Mori,Rogelio Funes Mori,11,147,Mexico,,,,,,,,,,,,
3857265,794,Mexico,26336,Johan Felipe Vásquez Ibarra,Johan Vásquez,5,147,Mexico,,,,,,,,,,,,
3857265,794,Mexico,26368,César Jasib Montes Castro,César Montes,3,147,Mexico,,,,,,,3.0,Right Center Back,00:00,08:51,Starting XI,Player Off
3857265,794,Mexico,26375,Roberto Carlos Alvarado Hernández,Roberto Alvarado,25,147,Mexico,,,,,,,,,,,,
3857265,794,Mexico,26386,Luis Francisco Romo Barrón,Luis Romo,7,147,Mexico,,,,,,,,,,,,
3857265,794,Mexico,26389,Alfredo Talavera Díaz,Alfredo Talavera,1,147,Mexico,,,,,,,,,,,,
3857265,794,Mexico,26400,Henry Josué Martín Mex,Henry Martín,20,147,Mexico,,,,,,,23.0,Center Forward,00:00,70:18,Starting XI,Substitution - Off (Tactical)
3857265,794,Mexico,26406,Jorge Eduardo Sánchez Ramos,Jorge Sánchez,19,147,Mexico,,,,,,,2.0,Right Back,00:00,,Starting XI,Final Whistle
3857265,794,Mexico,27896,Gerardo Daniel Arteaga Zamora,Gerardo Arteaga,6,147,Mexico,,,,,,,,,,,,
3857265,794,Mexico,28522,Rodolfo Cota Robles,Rodolfo Cota,12,147,Mexico,,,,,,,,,,,,
3857265,794,Mexico,28825,Luis Gerardo Chávez Magallón,Luis Chávez,24,147,Mexico,,,,,,,15.0,Left Center Midfield,00:00,,Starting XI,Final Whistle
3857265,794,Mexico,30500,Kevin Nahin Álvarez Campos,Kevin Álvarez,26,147,Mexico,,,,,,,,,,,,
3857266,771,France,2972,Marcus Thuram,,26,78,France,,,,,,,23.0,Center Forward,61:59,,Substitution - On (Tactical),Final Whistle
3857266,771,France,3009,Kylian Mbappé Lottin,Kylian Mbappé,10,78,France,,,,,,,21.0,Left Wing,00:00,,Starting XI,Final Whistle
3857266,771,France,3026,Adrien Rabiot,,14,78,France,,,,,,,11.0,Left Defensive Midfield,00:00,92:15,Starting XI,Tactical Shift
3857266,771,France,3099,Hugo Lloris,,1,78,France,,,,,,,1.0,Goalkeeper,00:00,,Starting XI,Final Whistle
3857266,771,France,3379,Alphonse Areola,,23,78,France,,,,,,,,,,,,
3857266,771,France,3543,Steve Mandanda,,16,78,France,,,,,,,,,,,,
3857266,771,France,3604,Olivier Giroud,,9,78,France,,,,,,,23.0,Center Forward,00:00,61:59,Starting XI,Substitution - Off (Tactical)
3857266,771,France,4445,Jules Koundé,,5,78,France,,,,,,,2.0,Right Back,00:00,,Starting XI,Final Whistle
3857266,771,France,5476,Benjamin Pavard,,2,78,France,,,,,,,,,,,,
3857266,771,France,5477,Ousmane Dembélé,,11,78,France,,,,,,,17.0,Right Wing,00:00,74:10,Starting XI,Substitution - Off (Tactical)
3857266,771,France,5485,Raphaël Varane,,4,78,France,,,,,,,3.0,Right Center Back,00:00,73:51,Starting XI,Substitution - Off (Tactical)
3857266,771,France,5487,Antoine Griezmann,,7,78,France,,,,,,,19.0,Center Attacking Midfield,00:00,92:13,Starting XI,Substitution - Off (Tactical)
3857266,771,France,6704,Theo Bernard François Hernández,Theo Hernández,22,78,France,,,,,,,6.0,Left Back,00:00,,Starting XI,Final Whistle
3857266,771,France,7153,Jordan Veretout,,15,78,France,,,,,,,,,,,,
3857266,771,France,7345,Mattéo Guendouzi Olié,Mattéo Guendouzi,6,78,France,,,,,,,,,,,,
3857266,771,France,7439,Axel Disasi,,3,78,France,,,,,,,,,,,,
3857266,771,France,8217,Kingsley Coman,,20,78,France,,,,,,,17.0,Right Wing,74:10,,Substitution - On (Tactical),Final Whistle
3857266,771,France,8519,Dayotchanculle Upamecano,,18,78,France,,,,,,,5.0,Left Center Back,00:00,,Starting XI,Final Whistle
3857266,771,France,10481,Aurélien Djani Tchouaméni,Aurélien Tchouaméni,8,78,France,,,,,,,9.0,Right Defensive Midfield,00:00,82:13,Starting XI,Player Off
3857266,771,France,11135,Ibrahima Konaté,,24,78,France,,,,,,,3.0,Right Center Back,73:51,,Substitution - On (Tactical),Final Whistle
3857266,771,France,11990,Youssouf Fofana,,13,78,France,,,,,,,19.0,Center Attacking Midfield,92:13,92:15,Substitution - On (Tactical),Tactical Shift
3857266,771,France,17592,William Saliba,,17,78,France,,,,,,,,,,,,
3857266,771,France,22097,Randal Kolo Muani,Randal Kolo,12,78,France,,,,,,,,,,,,
3857266,771,France,24778,Eduardo Camavinga,,25,78,France,,,,,,,,,,,,
3857266,776,Denmark,3043,Christian Dannemann Eriksen,Christian Eriksen,10,61,Denmark,,,,,,,11.0,Left Defensive Midfield,00:00,84:42,Starting XI,Tactical Shift
3857266,776,Denmark,3570,Pierre-Emile Højbjerg,,23,61,Denmark,,,,,,,9.0,Right Defensive Midfield,00:00,84:42,Starting XI,Tactical Shift
3857266,776,Denmark,3815,Kasper Schmeichel,,1,61,Denmark,,,,,,,1.0,Goalkeeper,00:00,,Starting XI,Final Whistle
3857266,776,Denmark,3959,Andreas Christensen,,6,61,Denmark,,,,,,,4.0,Center Back,00:00,,Starting XI,Final Whistle
3857266,776,Denmark,4447,Martin Braithwaite Christensen,Martin Braithwaite,9,61,Denmark,,,,,,,23.0,Center Forward,45:00,84:42,Substitution - On (Tactical),Tactical Shift
3857266,776,Denmark,5524,Jens Stryger Larsen,,17,61,Denmark,,,,,,,,,,,,
3857266,776,Denmark,5534,Simon Thorup Kjær,Simon Kjær,4,61,Denmark,,,,,,,,,,,,
3857266,776,Denmark,5536,Yussuf Yurary Poulsen,Yussuf Poulsen,20,61,Denmark,,,,,,,,,,,,
3857266,776,Denmark,5732,Andreas Evald Cornelius,Andreas Cornelius,21,61,Denmark,,,,,,,23.0,Center Forward,00:00,45:00,Starting XI,Substitution - Off (Tactical)
3857266,776,Denmark,6302,Kasper Dolberg,,12,61,Denmark,,,,,,,21.0,Left Wing,72:57,84:42,Substitution - On (Tactical),Tactical Shift
3857266,776,Denmark,6797,Daniel Wass,,18,61,Denmark,,,,,,,,,,,,
3857266,776,Denmark,7097,Christian Nørgaard,,15,61,Denmark,,,,,,,17.0,Right Wing,84:16,84:42,Substitution - On (Tactical),Tactical Shift
3857266,776,Denmark,8247,Joachim Andersen,,2,61,Denmark,,,,,,,3.0,Right Center Back,00:00,,Starting XI,Final Whistle
3857266,776,Denmark,12420,Frederik Rønnow,,22,61,Denmark,,,,,,,,,,,,
3857266,776,Denmark,16190,Rasmus Nissen Kristensen,Rasmus Kristensen,13,61,Denmark,,,,,,,7.0,Right Wing Back,00:00,91:37,Starting XI,Substitution - Off (Tactical)
3857266,776,Denmark,16294,Robert Skov,,24,61,Denmark,,,,,,,,,,,,
3857266,776,Denmark,16554,Joakim Mæhle,Joakim Maehle,5,61,Denmark,,,,,,,8.0,Left Wing Back,00:00,,Starting XI,Final Whistle
3857266,776,Denmark,17042,Andreas Skov Olsen,,11,61,Denmark,,,,,,,,,,,,
3857266,776,Denmark,17043,Victor Nelsson,,3,61,Denmark,,,,,,,5.0,Left Center Back,00:00,,Starting XI,Final Whistle
3857266,776,Denmark,18722,Mathias Jensen,,7,61,Denmark,,,,,,,,,,,,
3857266,776,Denmark,21261,Jonas Older Wind,Jonas Wind,19,61,Denmark,,,,,,,,,,,,
3857266,776,Denmark,24443,Mikkel Damsgaard,,14,61,Denmark,,,,,,,21.0,Left Wing,00:00,72:57,Starting XI,Substitution - Off (Tactical)
3857266,776,Denmark,24547,Alexander Hartmann Bah,Alexander Bah,26,61,Denmark,,,,,,,7.0,Right Wing Back,91:37,,Substitution - On (Tactical),Final Whistle
3857266,776,Denmark,27038,Oliver Christensen,,16,61,Denmark,,,,,,,,,,,,
3857266,776,Denmark,27569,Jesper Lindstrøm,,25,61,Denmark,,,,,,,17.0,Right Wing,00:00,84:16,Starting XI,Substitution - Off (Tactical)
3857267,787,Senegal,2941,Ismaïla Sarr,,18,202,Senegal,,,,,,,21.0,Left Wing,00:00,,Starting XI,Final Whistle
3857267,787,Senegal,3404,Youssouf Sabaly,,21,202,Senegal,,,,,,,2.0,Right Back,00:00,95:08,Starting XI,Tactical Shift
3857267,787,Senegal,3436,Idrissa Gana Gueye,Idrissa Gueye,5,202,Senegal,,,,,,,19.0,Center Attacking Midfield,00:00,95:08,Starting XI,Tactical Shift
3857267,787,Senegal,3675,Fodé Ballo Touré,,12,202,Senegal,,,,,,,,,,,,
3857267,787,Senegal,3684,Cheikhou Kouyaté,,8,202,Senegal,,,,,,,,,,,,
3857267,787,Senegal,4506,Nampalys Mendy,,6,202,Senegal,,,,,,,9.0,Right Defensive Midfield,73:51,,Substitution - On (Tactical),Final Whistle
3857267,787,Senegal,5675,Kalidou Koulibaly,,3,202,Senegal,,,,,,,3.0,Right Center Back,00:00,95:08,Starting XI,Tactical Shift
3857267,787,Senegal,7379,Edouard Mendy,,16,202,Senegal,,,,,,,1.0,Goalkeeper,00:00,,Starting XI,Final Whistle
3857267,787,Senegal,8553,Abdou Diallo,,22,202,Senegal,,,,,,,5.0,Left Center Back,00:00,,Starting XI,Final Whistle
3857267,787,Senegal,8870,Alfred Benjamin Gomis,Alfred Gomis,23,202,Senegal,,,,,,,,,,,,
3857267,787,Senegal,10603,Mamadou Loum N'Diaye,Mamadou N'Diaye,25,202,Senegal,,,,,,,,,,,,
3857267,787,Senegal,13314,Famara Diedhiou,Famara Diédhiou,19,202,Senegal,,,,,,,,,,,,
3857267,787,Senegal,15970,Pape Abou Cissé,,4,202,Senegal,,,,,,,17.0,Right Wing,94:43,95:08,Substitution - On (Tactical),Tactical Shift
3857267,787,Senegal,17456,Timothy Dieng,Seny Dieng,1,202,Senegal,,,,,,,,,,,,
3857267,787,Senegal,20611,Boulaye Dia,,9,202,Senegal,,,,,,,23.0,Center Forward,00:00,74:18,Starting XI,Tactical Shift
3857267,787,Senegal,20758,Krépin Diatta,Krépin Diatta,15,202,Senegal,,,,,,,,,,,,
3857267,787,Senegal,21026,Pape Gueye,,26,202,Senegal,,,,,,,11.0,Left Defensive Midfield,00:00,,Starting XI,Final Whistle
3857267,787,Senegal,31751,Pathé Ismaël Ciss,,11,202,Senegal,,,,,,,9.0,Right Defensive Midfield,00:00,73:51,Starting XI,Substitution - Off (Tactical)
3857267,787,Senegal,32915,Ismail Jakobs,,14,202,Senegal,,,,,,,6.0,Left Back,00:00,95:08,Starting XI,Tactical Shift
3857267,787,Senegal,34893,Moustapha Name,,24,202,Senegal,,,,,,,,,,,,
3857267,787,Senegal,39595,Formose Mendy,,2,202,Senegal,,,,,,,,,,,,
3857267,787,Senegal,50497,Nicolas Jackson,,7,202,Senegal,,,,,,,,,,,,
3857267,787,Senegal,50498,Pape Matar Sarr,Pape Sarr,17,202,Senegal,,,,,,,,,,,,
3857267,787,Senegal,80484,Iliman Ndiaye,,13,202,Senegal,,,,,,,17.0,Right Wing,00:00,74:03,Starting XI,Substitution - Off (Tactical)
3857267,787,Senegal,88123,Cheikh Ahmadou Bamba Mbacke Dieng,Bamba Dieng,20,202,Senegal,,,,,,,17.0,Right Wing,74:03,74:18,Substitution - On (Tactical),Tactical Shift
3857267,787,Senegal,312414,Moussa N''Diaye,,10,202,Senegal,,,,,,,,,,,,
3857267,3565,Ecuador,12583,Carlos Armando Gruezo Arboleda,Carlos Gruezo,8,65,Ecuador,,,,,,,10.0,Center Defensive Midfield,00:00,45:00,Starting XI,Substitution - Off (Tactical)
3857267,3565,Ecuador,12803,Romario Andrés Ibarra Mina,Romario Ibarra,10,65,Ecuador,,,,,,,,,,,,
3857267,3565,Ecuador,15486,Diego José Palacios Espinoza,Diego Palacios,18,65,Ecuador,,,,,,,,,,,,
3857267,3565,Ecuador,24085,Pervis Josué Estupiñán Tenorio,Pervis Estupiñán,7,65,Ecuador,,,,,,,6.0,Left Back,00:00,73:12,Starting XI,Player Off
3857267,3565,Ecuador,25083,Xavier Ricardo Arreaga Bermello,Xavier Arreaga,14,65,Ecuador,,,,,,,,,,,,
3857267,3565,Ecuador,25352,Robert Abel Arboleda Escobar,Robert Arboleda,4,65,Ecuador,,,,,,,,,,,,
3857267,3565,Ecuador,28511,Ángel Israel Mena Delgado,Ángel Mena,15,65,Ecuador,,,,,,,,,,,,
3857267,3565,Ecuador,28559,Enner Remberto Valencia Lastra,Enner Valencia,13,65,Ecuador,,,,,,,21.0,Left Wing,00:00,45:00,Starting XI,Tactical Shift
3857267,3565,Ecuador,30111,Felix Eduardo Torres Caicedo,Félix Torres,2,65,Ecuador,,,,,,,3.0,Right Center Back,00:00,,Starting XI,Final Whistle
3857267,3565,Ecuador,31152,Gonzalo Jordy Plata Jiménez,Gonzalo Plata,19,65,Ecuador,,,,,,,17.0,Right Wing,00:00,45:00,Starting XI,Tactical Shift
3857267,3565,Ecuador,32677,Alexander Domínguez Carabalí,Alexander Domínguez,22,65,Ecuador,,,,,,,,,,,,
3857267,3565,Ecuador,34194,Eduar Ayrton Preciado García,Ayrton Preciado,9,65,Ecuador,,,,,,,,,,,,
3857267,3565,Ecuador,34396,Michael Steveen Estrada Martínez,Michael Estrada,11,65,Ecuador,,,,,,,23.0,Center Forward,00:00,45:00,Starting XI,Tactical Shift
3857267,3565,Ecuador,36148,José Adoni Cifuentes Charcopa,José Cifuentes,5,65,Ecuador,,,,,,,9.0,Right Defensive Midfield,45:00,45:00,Tactical Shift,Substitution - On (Tactical)
3857267,3565,Ecuador,37522,Hernán Ismael Galíndez,Hernán Galíndez,1,65,Ecuador,,,,,,,1.0,Goalkeeper,00:00,,Starting XI,Final Whistle
3857267,3565,Ecuador,37726,Moisés Isaac Caicedo Corozo,Moisés Caicedo,23,65,Ecuador,,,,,,,15.0,Left Center Midfield,00:00,39:36,Starting XI,Player Off
3857267,3565,Ecuador,37737,Angelo Smit Preciado Quiñónez,Angelo Preciado,17,65,Ecuador,,,,,,,2.0,Right Back,00:00,21:06,Starting XI,Player Off
3857267,3565,Ecuador,37742,Wellington Moisés Ramírez Preciado,Moisés Ramírez,12,65,Ecuador,,,,,,,,,,,,
3857267,3565,Ecuador,37945,Alan Steven Franco Palma,Alan Franco,21,65,Ecuador,,,,,,,13.0,Right Center Midfield,00:00,45:00,Starting XI,Substitution - Off (Tactical)
3857267,3565,Ecuador,38004,Piero Martín Hincapié Reyna,Piero Hincapié,3,65,Ecuador,,,,,,,5.0,Left Center Back,00:00,,Starting XI,Final Whistle
3857267,3565,Ecuador,40211,Jeremy Leonel Sarmiento Morante,Jeremy Sarmiento,16,65,Ecuador,,,,,,,16.0,Left Midfield,45:00,45:00,Tactical Shift,Substitution - On (Tactical)
3857267,3565,Ecuador,41593,Willian Joel Pacho Tenorio,Willian Pacho,6,65,Ecuador,,,,,,,,,,,,
3857267,3565,Ecuador,51969,Jackson Gabriel Porozo Vernaza,Jackson Porozo,25,65,Ecuador,,,,,,,2.0,Right Back,84:46,,Substitution - On (Tactical),Final Whistle
3857267,3565,Ecuador,91090,Djorkaeff Neicer Reasco González,,24,65,Ecuador,,,,,,,22.0,Right Center Forward,63:16,,Substitution - On (Tactical),Final Whistle
3857267,3565,Ecuador,348757,Kevin José Rodríguez Cortez,Kevin Rodríguez,26,65,Ecuador,,,,,,,,,,,,
3857268,782,Belgium,2954,Youri Tielemans,,8,22,Belgium,,,,,,,9.0,Right Defensive Midfield,00:00,45:00,Starting XI,Substitution - Off (Tactical)
3857268,782,Belgium,3077,Jan Vertonghen,,5,22,Belgium,,,,,,,5.0,Left Center Back,00:00,,Starting XI,Final Whistle
3857268,782,Belgium,3089,Kevin De Bruyne,,7,22,Belgium,,,,,,,18.0,Right Attacking Midfield,00:00,,Starting XI,Final Whistle
3857268,782,Belgium,3176,Thomas Meunier,,15,22,Belgium,,,,,,,8.0,Left Wing Back,45:00,45:24,Substitution - On (Tactical),Tactical Shift
3857268,782,Belgium,3289,Romelu Lukaku Menama,Romelu Lukaku,9,22,Belgium,,,,,,,,,,,,
3857268,782,Belgium,3457,Michy Batshuayi Tunga,Michy Batshuayi,23,22,Belgium,,,,,,,23.0,Center Forward,00:00,77:53,Starting XI,Substitution - Off (Tactical)
3857268,782,Belgium,3509,Thibaut Courtois,,1,22,Belgium,,,,,,,1.0,Goalkeeper,00:00,,Starting XI,Final Whistle
3857268,782,Belgium,3539,Simon Mignolet,,12,22,Belgium,,,,,,,,,,,,
3857268,782,Belgium,3621,Eden Hazard,,10,22,Belgium,,,,,,,20.0,Left Attacking Midfield,00:00,61:49,Starting XI,Substitution - Off (Tactical)
3857268,782,Belgium,5630,Dries Mertens,,14,22,Belgium,,,,,,,,,,,,
3857268,782,Belgium,5632,Thorgan Hazard,,16,22,Belgium,,,,,,,,,,,,
3857268,782,Belgium,5633,Yannick Ferreira Carrasco,Yannick Carrasco,11,22,Belgium,,,,,,,8.0,Left Wing Back,00:00,45:00,Starting XI,Substitution - Off (Tactical)
3857268,782,Belgium,5642,Axel Witsel,,6,22,Belgium,,,,,,,11.0,Left Defensive Midfield,00:00,,Starting XI,Final Whistle
3857268,782,Belgium,6331,Leander Dendoncker,,19,22,Belgium,,,,,,,3.0,Right Center Back,00:00,,Starting XI,Final Whistle
3857268,782,Belgium,6989,Timothy Castagne,,21,22,Belgium,,,,,,,7.0,Right Wing Back,00:00,45:24,Starting XI,Tactical Shift
3857268,782,Belgium,8240,Koen Casteels,,13,22,Belgium,,,,,,,,,,,,
3857268,782,Belgium,8854,Wout Faes,,4,22,Belgium,,,,,,,,,,,,
3857268,782,Belgium,16275,Ikoma Loïs Openda,Loïs Openda,24,22,Belgium,,,,,,,23.0,Center Forward,77:53,,Substitution - On (Tactical),Final Whistle
3857268,782,Belgium,16281,Hans Vanaken,,20,22,Belgium,,,,,,,,,,,,
3857268,782,Belgium,16559,Leandro Trossard,,17,22,Belgium,,,,,,,20.0,Left Attacking Midfield,61:49,,Substitution - On (Tactical),Final Whistle
3857268,782,Belgium,20005,Toby Alderweireld,,2,22,Belgium,,,,,,,4.0,Center Back,00:00,,Starting XI,Final Whistle
3857268,782,Belgium,23650,Jeremy Doku,Jérémy Doku,25,22,Belgium,,,,,,,,,,,,
3857268,782,Belgium,32688,Charles De Ketelaere,,22,22,Belgium,,,,,,,,,,,,
3857268,782,Belgium,43913,Arthur Theate,,3,22,Belgium,,,,,,,,,,,,
3857268,782,Belgium,48347,Amadou Onana,,18,22,Belgium,,,,,,,9.0,Right Defensive Midfield,45:00,,Substitution - On (Tactical),Final Whistle
3857268,782,Belgium,114832,Zeno Debast,,26,22,Belgium,,,,,,,,,,,,
3857268,1833,Canada,4106,Ike Ugbo,,12,40,Canada,,,,,,,,,,,,
3857268,1833,Canada,9036,David Wallace Wotherspoon,,24,40,Canada,,,,,,,,,,,,
3857268,1833,Canada,9922,David Junior Hoilett,Junior Hoilett,10,40,Canada,,,,,,,20.0,Left Attacking Midfield,00:00,57:24,Starting XI,Substitution - Off (Tactical)
3857268,1833,Canada,11187,Stephen Antunes Eustáquio,,7,40,Canada,,,,,,,11.0,Left Defensive Midfield,00:00,80:21,Starting XI,Substitution - Off (Tactical)
3857268,1833,Canada,11846,Steven de Sousa Vitoria,Steven Vitória,5,40,Canada,,,,,,,4.0,Center Back,00:00,80:48,Starting XI,Tactical Shift
3857268,1833,Canada,12365,Alphonso Davies,,19,40,Canada,,,,,,,8.0,Left Wing Back,00:00,58:13,Starting XI,Tactical Shift
3857268,1833,Canada,12770,Jonathan Osorio,,21,40,Canada,,,,,,,11.0,Left Defensive Midfield,80:21,,Substitution - On (Tactical),Final Whistle
3857268,1833,Canada,12779,Samuel Piette,,6,40,Canada,,,,,,,,,,,,
3857268,1833,Canada,13885,Liam Fraser,,8,40,Canada,,,,,,,,,,,,
3857268,1833,Canada,15958,Milan Borjan,,18,40,Canada,,,,,,,1.0,Goalkeeper,00:00,,Starting XI,Final Whistle
3857268,1833,Canada,16120,Richie Laryea,,22,40,Canada,,,,,,,7.0,Right Wing Back,00:00,73:12,Starting XI,Substitution - Off (Off Camera)
3857268,1833,Canada,16252,Mark Anthony Kaye,,14,40,Canada,,,,,,,,,,,,
3857268,1833,Canada,16459,Cyle Larin,,17,40,Canada,,,,,,,20.0,Left Attacking Midfield,57:24,58:13,Substitution - On (Tactical),Tactical Shift
3857268,1833,Canada,23363,Liam Millar,,23,40,Canada,,,,,,,7.0,Right Wing Back,80:10,80:48,Substitution - On (Tactical),Tactical Shift
3857268,1833,Canada,23640,Jonathan David,,20,40,Canada,,,,,,,23.0,Center Forward,00:00,58:13,Starting XI,Tactical Shift
3857268,1833,Canada,23760,Derek Cornelius,,25,40,Canada,,,,,,,,,,,,
3857268,1833,Canada,23828,Kamal Miller,,4,40,Canada,,,,,,,5.0,Left Center Back,00:00,,Starting XI,Final Whistle
3857268,1833,Canada,24024,Tajon Buchanan,,11,40,Canada,,,,,,,18.0,Right Attacking Midfield,00:00,58:13,Starting XI,Tactical Shift
3857268,1833,Canada,26348,Lucas Daniel Cavallini,Lucas Cavallini,9,40,Canada,,,,,,,,,,,,
3857268,1833,Canada,29758,Sam Adekugbe,,3,40,Canada,,,,,,,7.0,Right Wing Back,73:12,73:33,Substitution - On (Off Camera),Tactical Shift
3857268,1833,Canada,31684,Atiba Hutchinson,,13,40,Canada,,,,,,,9.0,Right Defensive Midfield,00:00,57:41,Starting XI,Substitution - Off (Tactical)
3857268,1833,Canada,35707,Joel Waterman,,26,40,Canada,,,,,,,,,,,,
3857268,1833,Canada,36794,Dayne Tristan St. Clair,Dayne St. Clair,1,40,Canada,,,,,,,,,,,,
3857268,1833,Canada,44703,Alistair Johnston,,2,40,Canada,,,,,,,3.0,Right Center Back,00:00,80:48,Starting XI,Tactical Shift
3857268,1833,Canada,49259,James Pantemis,,16,40,Canada,,,,,,,,,,,,
3857268,1833,Canada,133229,Ismael Koné,,15,40,Canada,,,,,,,9.0,Right Defensive Midfield,57:41,,Substitution - On (Tactical),Final Whistle
3857269,781,Brazil,3063,Danilo Luiz da Silva,Danilo,2,31,Brazil,,,,,,,,,,,,
3857269,781,Brazil,3067,Ederson Santana de Moraes,Ederson Moraes,23,31,Brazil,,,,,,,,,,,,
3857269,781,Brazil,3202,Gabriel Fernando de Jesus,Gabriel Jesus,18,31,Brazil,,,,,,,23.0,Center Forward,72:40,,Substitution - On (Tactical),Final Whistle
3857269,781,Brazil,3247,Fábio Henrique Tavares,Fabinho,15,31,Brazil,,,,,,,,,,,,
3857269,781,Brazil,3280,Richarlison de Andrade,Richarlison,9,31,Brazil,,,,,,,23.0,Center Forward,00:00,72:40,Starting XI,Substitution - Off (Tactical)
3857269,781,Brazil,3295,Thiago Emiliano da Silva,Thiago Silva,3,31,Brazil,,,,,,,5.0,Left Center Back,00:00,19:30,Starting XI,Tactical Shift
3857269,781,Brazil,4324,Daniel Alves da Silva,Dani Alves,13,31,Brazil,,,,,,,,,,,,
3857269,781,Brazil,4372,Marcos Aoás Corrêa,Marquinhos,4,31,Brazil,,,,,,,3.0,Right Center Back,00:00,19:30,Starting XI,Tactical Shift
3857269,781,Brazil,5539,Carlos Henrique Casimiro,Casemiro,5,31,Brazil,,,,,,,10.0,Center Defensive Midfield,00:00,24:24,Starting XI,Tactical Shift
3857269,781,Brazil,5547,Alisson Ramsés Becker,Alisson,1,31,Brazil,,,,,,,1.0,Goalkeeper,00:00,,Starting XI,Final Whistle
3857269,781,Brazil,6945,Alex Sandro Lobo Silva,Alex Sandro,6,31,Brazil,,,,,,,6.0,Left Back,00:00,85:22,Starting XI,Substitution - Off (Tactical)
3857269,781,Brazil,9904,Frederico Rodrigues Santos,Fred,8,31,Brazil,,,,,,,13.0,Right Center Midfield,00:00,24:24,Starting XI,Tactical Shift
3857269,781,Brazil,10595,Raphael Dias Belloli,Raphinha,11,31,Brazil,,,,,,,17.0,Right Wing,00:00,24:24,Starting XI,Tactical Shift
3857269,781,Brazil,11183,Alex Nicolao Telles,Alex Telles,16,31,Brazil,,,,,,,6.0,Left Back,85:22,,Substitution - On (Tactical),Final Whistle
3857269,781,Brazil,11493,Gleison Bremer Silva Nascimento,Bremer,24,31,Brazil,,,,,,,,,,,,
3857269,781,Brazil,13620,Éder Gabriel Militão,Éder Militão,14,31,Brazil,,,,,,,2.0,Right Back,00:00,,Starting XI,Final Whistle
3857269,781,Brazil,18395,Vinícius José Paixão de Oliveira Júnior,Vinícius Júnior,20,31,Brazil,,,,,,,21.0,Left Wing,00:00,24:24,Starting XI,Tactical Shift
3857269,781,Brazil,22600,Lucas Tolentino Coelho de Lima,Lucas Paquetá,7,31,Brazil,,,,,,,15.0,Left Center Midfield,00:00,24:24,Starting XI,Tactical Shift
3857269,781,Brazil,25101,Weverton Pereira da Silva,Wéverton,12,31,Brazil,,,,,,,,,,,,
3857269,781,Brazil,25104,Rodrygo Silva de Goes,Rodrygo,21,31,Brazil,,,,,,,19.0,Center Attacking Midfield,45:00,,Tactical Shift,Final Whistle
3857269,781,Brazil,25142,Bruno Guimarães Rodriguez Moura,Bruno Guimarães,17,31,Brazil,,,,,,,9.0,Right Defensive Midfield,57:40,,Substitution - On (Tactical),Final Whistle
3857269,781,Brazil,25154,Éverton Augusto de Barros Ribeiro,Éverton Ribeiro,22,31,Brazil,,,,,,,,,,,,
3857269,781,Brazil,25305,Pedro Guilherme Abreu dos Santos,Pedro,25,31,Brazil,,,,,,,,,,,,
3857269,781,Brazil,25363,Antony Matheus dos Santos,Antony,19,31,Brazil,,,,,,,12.0,Right Midfield,72:59,,Substitution - On (Tactical),Final Whistle
3857269,781,Brazil,29976,Gabriel Teodoro Martinelli Silva,Gabriel Martinelli,26,31,Brazil,,,,,,,,,,,,
3857269,773,Switzerland,3500,Granit Xhaka,,10,221,Switzerland,,,,,,,11.0,Left Defensive Midfield,00:00,,Starting XI,Final Whistle
3857269,773,Switzerland,3533,Xherdan Shaqiri,,23,221,Switzerland,,,,,,,,,,,,
3857269,773,Switzerland,3913,Edimilson Fernandes,,2,221,Switzerland,,,,,,,21.0,Left Wing,57:52,89:43,Substitution - On (Tactical),Tactical Shift
3857269,773,Switzerland,5537,Fabian Lukas Schär,Fabian Schär,22,221,Switzerland,,,,,,,,,,,,
3857269,773,Switzerland,5538,Denis Lemi Zakaria Lako Lado,Denis Zakaria,6,221,Switzerland,,,,,,,,,,,,
3857269,773,Switzerland,5543,Haris Seferović,,9,221,Switzerland,,,,,,,23.0,Center Forward,74:47,,Substitution - On (Tactical),Final Whistle
3857269,773,Switzerland,5544,Ricardo Iván Rodríguez Araya,Ricardo Rodríguez,13,221,Switzerland,,,,,,,6.0,Left Back,00:00,,Starting XI,Final Whistle
3857269,773,Switzerland,5545,Breel-Donald Embolo,Breel Embolo,7,221,Switzerland,,,,,,,23.0,Center Forward,00:00,74:47,Starting XI,Substitution - Off (Tactical)
3857269,773,Switzerland,5549,Manuel Obafemi Akanji,Manuel Akanji,5,221,Switzerland,,,,,,,3.0,Right Center Back,00:00,,Starting XI,Final Whistle
3857269,773,Switzerland,5550,Yann Sommer,,1,221,Switzerland,,,,,,,1.0,Goalkeeper,00:00,,Starting XI,Final Whistle
3857269,773,Switzerland,6983,Remo Freuler,,8,221,Switzerland,,,,,,,9.0,Right Defensive Midfield,00:00,,Starting XI,Final Whistle
3857269,773,Switzerland,7796,Silvan Widmer,,3,221,Switzerland,,,,,,,2.0,Right Back,00:00,85:19,Starting XI,Substitution - Off (Tactical)
3857269,773,Switzerland,8561,Fabian Frei,,20,221,Switzerland,,,,,,,2.0,Right Back,85:19,89:43,Substitution - On (Tactical),Tactical Shift
3857269,773,Switzerland,8814,Nico Elvedi,,4,221,Switzerland,,,,,,,5.0,Left Center Back,00:00,,Starting XI,Final Whistle
3857269,773,Switzerland,12326,Renato Steffen,,11,221,Switzerland,,,,,,,17.0,Right Wing,58:15,89:43,Substitution - On (Tactical),Tactical Shift
3857269,773,Switzerland,16016,Michel Aebischer,,14,221,Switzerland,,,,,,,19.0,Center Attacking Midfield,74:43,89:43,Substitution - On (Tactical),Tactical Shift
3857269,773,Switzerland,16022,Christian Fassnacht,,16,221,Switzerland,,,,,,,,,,,,
3857269,773,Switzerland,16026,Djibril Sow,,15,221,Switzerland,,,,,,,19.0,Center Attacking Midfield,00:00,74:43,Starting XI,Substitution - Off (Tactical)
3857269,773,Switzerland,17974,Gregor Kobel,,21,221,Switzerland,,,,,,,,,,,,
3857269,773,Switzerland,29003,Jonas Omlin,,12,221,Switzerland,,,,,,,,,,,,
3857269,773,Switzerland,29012,Eray Ervin Cömert,Eray Cömert,18,221,Switzerland,,,,,,,,,,,,
3857269,773,Switzerland,30401,Ruben Vargas,,17,221,Switzerland,,,,,,,21.0,Left Wing,00:00,57:52,Starting XI,Substitution - Off (Tactical)
3857269,773,Switzerland,41655,Ardon Jashari,,26,221,Switzerland,,,,,,,,,,,,
3857269,773,Switzerland,46313,Philipp Köhn,,24,221,Switzerland,,,,,,,,,,,,
3857269,773,Switzerland,50436,Fabian Rieder,,25,221,Switzerland,,,,,,,17.0,Right Wing,00:00,58:15,Starting XI,Substitution - Off (Tactical)
3857270,780,Portugal,3193,Bernardo Mota Veiga de Carvalho e Silva,Bernardo Silva,10,183,Portugal,,,,,,,13.0,Right Center Midfield,00:00,55:27,Starting XI,Tactical Shift
3857270,780,Portugal,4272,João Mário Naval da Costa Eduardo,João Mário,17,183,Portugal,,,,,,,,,,,,
3857270,780,Portugal,5204,Bruno Miguel Borges Fernandes,Bruno Fernandes,8,183,Portugal,,,,,,,19.0,Center Attacking Midfield,00:00,55:27,Starting XI,Tactical Shift
3857270,780,Portugal,5205,Rui Pedro dos Santos Patrício,Rui Patrício,1,183,Portugal,,,,,,,,,,,,
3857270,780,Portugal,5206,Rúben Santos Gato Alves Dias,Rúben Dias,4,183,Portugal,,,,,,,5.0,Left Center Back,00:00,,Starting XI,Final Whistle
3857270,780,Portugal,5207,Cristiano Ronaldo dos Santos Aveiro,Cristiano Ronaldo,7,183,Portugal,,,,,,,22.0,Right Center Forward,00:00,55:27,Starting XI,Tactical Shift
3857270,780,Portugal,5209,Raphaël Adelino José Guerreiro,Raphaël Guerreiro,5,183,Portugal,,,,,,,6.0,Left Back,41:29,,Substitution - On (Injury),Final Whistle
3857270,780,Portugal,5214,William Silva de Carvalho,William Carvalho,14,183,Portugal,,,,,,,15.0,Left Center Midfield,00:00,55:27,Starting XI,Tactical Shift
3857270,780,Portugal,5218,André Miguel Valente Silva,André Silva,9,183,Portugal,,,,,,,,,,,,
3857270,780,Portugal,7005,João Pedro Cavaco Cancelo,João Cancelo,20,183,Portugal,,,,,,,2.0,Right Back,00:00,,Starting XI,Final Whistle
3857270,780,Portugal,9927,Rúben Diogo Da Silva Neves,Rúben Neves,18,183,Portugal,,,,,,,10.0,Center Defensive Midfield,00:00,50:07,Starting XI,Player Off
3857270,780,Portugal,10868,Ricardo Jorge Luz Horta,Ricardo Horta,21,183,Portugal,,,,,,,,,,,,
3857270,780,Portugal,12041,João Félix Sequeira,João Félix,11,183,Portugal,,,,,,,24.0,Left Center Forward,00:00,55:27,Starting XI,Tactical Shift
3857270,780,Portugal,12169,João Maria Lobo Alves Palhinha Gonçalves,João Palhinha,6,183,Portugal,,,,,,,10.0,Center Defensive Midfield,82:02,82:55,Substitution - On (Tactical),Tactical Shift
3857270,780,Portugal,16028,José Diogo Dalot Teixeira,Diogo Dalot,2,183,Portugal,,,,,,,,,,,,
3857270,780,Portugal,18360,Rafael Alexandre Conceição Leão,Rafael Leão,15,183,Portugal,,,,,,,10.0,Center Defensive Midfield,68:54,72:59,Substitution - On (Tactical),Tactical Shift
3857270,780,Portugal,18866,José Pedro Malheiro de Sá,José Sá,12,183,Portugal,,,,,,,,,,,,
3857270,780,Portugal,20016,Kléper Laveran Lima Ferreira,Pepe,3,183,Portugal,,,,,,,3.0,Right Center Back,00:00,,Starting XI,Final Whistle
3857270,780,Portugal,32975,Diogo Meireles Costa,Diogo Costa,22,183,Portugal,,,,,,,1.0,Goalkeeper,00:00,,Starting XI,Final Whistle
3857270,780,Portugal,34639,Vitor Machado Ferreira,Vitinha,16,183,Portugal,,,,,,,,,,,,
3857270,780,Portugal,38803,Gonçalo Matias Ramos,Gonçalo Ramos,26,183,Portugal,,,,,,,23.0,Center Forward,82:00,,Substitution - On (Tactical),Final Whistle
3857270,780,Portugal,40874,Matheus Luiz Nunes,Matheus Nunes,23,183,Portugal,,,,,,,17.0,Right Wing,82:00,82:55,Substitution - On (Tactical),Tactical Shift
3857270,780,Portugal,41092,Nuno Mendes,,19,183,Portugal,,,,,,,6.0,Left Back,00:00,41:29,Starting XI,Substitution - Off (Injury)
3857270,780,Portugal,143854,António João Pereira Albuquerque Tavares Silva,António Silva,24,183,Portugal,,,,,,,,,,,,
3857270,783,Uruguay,4319,Edinson Roberto Cavani Gómez,Edinson Cavani,21,242,Uruguay,,,,,,,24.0,Left Center Forward,00:00,61:45,Starting XI,Tactical Shift
3857270,783,Uruguay,5246,Luis Alberto Suárez Díaz,Luis Suárez,9,242,Uruguay,,,,,,,22.0,Right Center Forward,72:59,,Substitution - On (Tactical),Final Whistle
3857270,783,Uruguay,5248,José Martín Cáceres Silva,Martín Cáceres,22,242,Uruguay,,,,,,,,,,,,
3857270,783,Uruguay,5249,Diego Roberto Godín Leal,Diego Godín,3,242,Uruguay,,,,,,,4.0,Center Back,00:00,61:43,Starting XI,Substitution - Off (Tactical)
3857270,783,Uruguay,5255,Matías Vecino Falero,Matías Vecino,5,242,Uruguay,,,,,,,15.0,Left Center Midfield,00:00,61:33,Starting XI,Substitution - Off (Tactical)
3857270,783,Uruguay,5258,Giorgian Daniel De Arrascaeta Benedetti,Giorgian De Arrascaeta,10,242,Uruguay,,,,,,,15.0,Left Center Midfield,61:33,61:45,Substitution - On (Tactical),Tactical Shift
3857270,783,Uruguay,5259,José María Giménez de Vargas,José Giménez,2,242,Uruguay,,,,,,,3.0,Right Center Back,00:00,,Starting XI,Final Whistle
3857270,783,Uruguay,5260,Rodrigo Bentancur Colmán,Rodrigo Bentancur,6,242,Uruguay,,,,,,,10.0,Center Defensive Midfield,00:00,61:45,Starting XI,Tactical Shift
3857270,783,Uruguay,5264,Guillermo Varela Olivera,Guillermo Varela,13,242,Uruguay,,,,,,,7.0,Right Wing Back,00:00,61:45,Starting XI,Tactical Shift
3857270,783,Uruguay,5266,Lucas Torreira Di Pascua,Lucas Torreira,14,242,Uruguay,,,,,,,,,,,,
3857270,783,Uruguay,5267,Néstor Fernando Muslera Micol,Fernando Muslera,1,242,Uruguay,,,,,,,,,,,,
3857270,783,Uruguay,6297,Maximiliano Gómez González,Maxi Gómez,18,242,Uruguay,,,,,,,24.0,Left Center Forward,71:45,,Substitution - On (Tactical),Final Whistle
3857270,783,Uruguay,6300,Sebastián Coates Nión,Sebastián Coates,19,242,Uruguay,,,,,,,5.0,Left Center Back,00:00,,Starting XI,Final Whistle
3857270,783,Uruguay,6773,Federico Santiago Valverde Dipetta,Federico Valverde,15,242,Uruguay,,,,,,,13.0,Right Center Midfield,00:00,61:45,Starting XI,Tactical Shift
3857270,783,Uruguay,7104,Mathías Olivera Miramontes,Mathías Olivera,16,242,Uruguay,,,,,,,8.0,Left Wing Back,00:00,61:45,Starting XI,Tactical Shift
3857270,783,Uruguay,26323,Carlos Sebastián Sosa Silva,Sebastián Sosa,12,242,Uruguay,,,,,,,,,,,,
3857270,783,Uruguay,28729,Diego Nicolás De La Cruz Arcosa,Nicolás De La Cruz,7,242,Uruguay,,,,,,,,,,,,
3857270,783,Uruguay,32478,Darwin Gabriel Núñez Ribeiro,Darwin Núñez,11,242,Uruguay,,,,,,,22.0,Right Center Forward,00:00,61:45,Starting XI,Tactical Shift
3857270,783,Uruguay,33099,José Luis Rodríguez Bebanz,José Luis Rodríguez,26,242,Uruguay,,,,,,,,,,,,
3857270,783,Uruguay,34476,Matías Nicolás Viña Susperreguy,Matías Viña,17,242,Uruguay,,,,,,,6.0,Left Back,85:11,,Substitution - On (Tactical),Final Whistle
3857270,783,Uruguay,36288,Facundo Pellistri Rebollo,Facundo Pellistri,8,242,Uruguay,,,,,,,4.0,Center Back,61:43,61:45,Substitution - On (Tactical),Tactical Shift
3857270,783,Uruguay,36659,Manuel Ugarte Ribeiro,Manuel Ugarte,25,242,Uruguay,,,,,,,,,,,,
3857270,783,Uruguay,36666,Agustín Canobbio Graviz,Agustín Canobbio,24,242,Uruguay,,,,,,,,,,,,
3857270,783,Uruguay,36710,Sergio Rochet Álvarez,Sergio Rochet,23,242,Uruguay,,,,,,,1.0,Goalkeeper,00:00,,Starting XI,Final Whistle
3857270,783,Uruguay,44649,Facundo Daniel Torres Pérez,Facundo Torres,20,242,Uruguay,,,,,,,,,,,,
3857271,768,England,3205,Kyle Walker,,2,68,England,,,,,,,,,,,,
3857271,768,England,3233,Raheem Sterling,Raheem Sterling,10,68,England,,,,,,,21.0,Left Wing,00:00,70:27,Starting XI,Substitution - Off (Tactical)
3857271,768,England,3244,John Stones,,5,68,England,,,,,,,3.0,Right Center Back,00:00,,Starting XI,Final Whistle
3857271,768,England,3308,Kieran Trippier,,12,68,England,,,,,,,2.0,Right Back,00:00,,Starting XI,Final Whistle
3857271,768,England,3318,Marcus Rashford,,11,68,England,,,,,,,17.0,Right Wing,70:27,,Substitution - On (Tactical),Final Whistle
3857271,768,England,3336,Harry Maguire,,6,68,England,,,,,,,5.0,Left Center Back,00:00,67:36,Starting XI,Player Off
3857271,768,England,3382,Luke Shaw,,3,68,England,,,,,,,6.0,Left Back,00:00,,Starting XI,Final Whistle
3857271,768,England,3468,Jordan Pickford,,1,68,England,,,,,,,1.0,Goalkeeper,00:00,,Starting XI,Final Whistle
3857271,768,England,3474,Nick Pope,,13,68,England,,,,,,,,,,,,
3857271,768,England,3532,Jordan Brian Henderson,Jordan Henderson,8,68,England,,,,,,,,,,,,
3857271,768,England,3616,Callum Wilson,,24,68,England,,,,,,,23.0,Center Forward,75:10,,Substitution - On (Tactical),Final Whistle
3857271,768,England,3664,Trent Alexander-Arnold,,18,68,England,,,,,,,,,,,,
3857271,768,England,3943,Declan Rice,,4,68,England,,,,,,,11.0,Left Defensive Midfield,00:00,,Starting XI,Final Whistle
3857271,768,England,4354,Phil Foden,,20,68,England,,,,,,,19.0,Center Attacking Midfield,70:28,,Substitution - On (Tactical),Final Whistle
3857271,768,England,4706,Kalvin Phillips,,14,68,England,,,,,,,,,,,,
3857271,768,England,7843,Mason Mount,,19,68,England,,,,,,,19.0,Center Attacking Midfield,00:00,70:28,Starting XI,Substitution - Off (Tactical)
3857271,768,England,9638,Jack Grealish,,7,68,England,,,,,,,21.0,Left Wing,70:27,,Substitution - On (Tactical),Final Whistle
3857271,768,England,9905,James Maddison,,25,68,England,,,,,,,,,,,,
3857271,768,England,9928,Conor Coady,,16,68,England,,,,,,,,,,,,
3857271,768,England,10955,Harry Kane,,9,68,England,,,,,,,23.0,Center Forward,00:00,49:37,Starting XI,Player Off
3857271,768,England,10956,Eric Dier,,15,68,England,,,,,,,5.0,Left Center Back,70:28,,Substitution - On (Injury),Final Whistle
3857271,768,England,22084,Bukayo Saka,,17,68,England,,,,,,,17.0,Right Wing,00:00,70:27,Starting XI,Substitution - Off (Tactical)
3857271,768,England,22783,Aaron Ramsdale,,23,68,England,,,,,,,,,,,,
3857271,768,England,22809,Ben White,,21,68,England,,,,,,,,,,,,
3857271,768,England,29399,Conor Gallagher,,26,68,England,,,,,,,,,,,,
3857271,768,England,30714,Jude Bellingham,,22,68,England,,,,,,,9.0,Right Defensive Midfield,00:00,,Starting XI,Final Whistle
3857271,797,Iran,5220,Morteza Pouraliganji,,8,107,"Iran, Islamic Republic of",,,,,,,3.0,Right Center Back,00:00,45:00,Starting XI,Tactical Shift
3857271,797,Iran,5222,Roozbeh Cheshmi,,15,107,"Iran, Islamic Republic of",,,,,,,4.0,Center Back,00:00,45:00,Starting XI,Substitution - Off (Tactical)
3857271,797,Iran,5224,Sardar Azmoun,,20,107,"Iran, Islamic Republic of",,,,,,,9.0,Right Defensive Midfield,76:42,76:43,Substitution - On (Tactical),Tactical Shift
3857271,797,Iran,5226,Mehdi Taremi,,9,107,"Iran, Islamic Republic of",,,,,,,23.0,Center Forward,00:00,76:43,Starting XI,Tactical Shift
3857271,797,Iran,5227,Alireza Safar Beiranvand,Alireza Beiranvand,1,107,"Iran, Islamic Republic of",,,,,,,1.0,Goalkeeper,00:00,19:12,Starting XI,Substitution - Off (Tactical)
3857271,797,Iran,5228,Seyed Majid Hosseini,Majid Hosseini,19,107,"Iran, Islamic Republic of",,,,,,,5.0,Left Center Back,00:00,,Starting XI,Final Whistle
3857271,797,Iran,5230,Ehsan Hajsafi,,3,107,"Iran, Islamic Republic of",,,,,,,21.0,Left Wing,00:00,45:00,Starting XI,Tactical Shift
3857271,797,Iran,5231,Karim Ansarifard,,10,107,"Iran, Islamic Republic of",,,,,,,,,,,,
3857271,797,Iran,5235,Ramin Rezaeian,,23,107,"Iran, Islamic Republic of",,,,,,,,,,,,
3857271,797,Iran,5239,Alireza Jahanbakhsh,,7,107,"Iran, Islamic Republic of",,,,,,,17.0,Right Wing,00:00,45:00,Starting XI,Substitution - Off (Tactical)
3857271,797,Iran,5240,Saman Ghoddos,,14,107,"Iran, Islamic Republic of",,,,,,,,,,,,
3857271,797,Iran,5241,Vahid Amiri,,11,107,"Iran, Islamic Republic of",,,,,,,,,,,,
3857271,797,Iran,5720,Milad Mohammadi,,5,107,"Iran, Islamic Republic of",,,,,,,8.0,Left Wing Back,00:00,19:16,Starting XI,Tactical Shift
3857271,797,Iran,5722,Saeid Ezatolahi Afagh,Saeid Ezatolahi,6,107,"Iran, Islamic Republic of",,,,,,,11.0,Left Defensive Midfield,45:00,76:43,Tactical Shift,Tactical Shift
3857271,797,Iran,11224,Amir Abedzadeh,,22,107,"Iran, Islamic Republic of",,,,,,,,,,,,
3857271,797,Iran,23538,Sadegh Moharrami,,2,107,"Iran, Islamic Republic of",,,,,,,7.0,Right Wing Back,00:00,19:16,Starting XI,Tactical Shift
3857271,797,Iran,23874,Ali Gholizadeh,,17,107,"Iran, Islamic Republic of",,,,,,,18.0,Right Attacking Midfield,45:00,45:00,Tactical Shift,Substitution - On (Tactical)
3857271,797,Iran,124161,Mehdi Torabi,,16,107,"Iran, Islamic Republic of",,,,,,,8.0,Left Wing Back,62:50,62:51,Substitution - On (Tactical),Tactical Shift
3857271,797,Iran,124167,Ahmad Nourollahi,,21,107,"Iran, Islamic Republic of",,,,,,,9.0,Right Defensive Midfield,00:00,76:42,Starting XI,Substitution - Off (Tactical)
3857271,797,Iran,124175,Mohammad Hossein Kanani Zadegan,,13,107,"Iran, Islamic Republic of",,,,,,,3.0,Right Center Back,45:00,45:00,Tactical Shift,Substitution - On (Tactical)
3857271,797,Iran,124177,Shoja Khalilzadeh,,4,107,"Iran, Islamic Republic of",,,,,,,,,,,,
3857271,797,Iran,124183,Payam Niazmand,,12,107,"Iran, Islamic Republic of",,,,,,,,,,,,
3857271,797,Iran,125818,Ali Karimi,,18,107,"Iran, Islamic Republic of",,,,,,,11.0,Left Defensive Midfield,00:00,45:00,Starting XI,Substitution - Off (Tactical)
3857271,797,Iran,125823,Seyed Hossein Hosseini,,24,107,"Iran, Islamic Republic of",,,,,,,1.0,Goalkeeper,19:12,,Substitution - On (Tactical),Final Whistle
3857271,797,Iran,326758,Abolfazl Jalali,,25,107,"Iran, Islamic Republic of",,,,,,,,,,,,
3857272,768,England,3205,Kyle Walker,,2,68,England,,,,,,,,,,,,
3857272,768,England,3233,Raheem Sterling,Raheem Sterling,10,68,England,,,,,,,21.0,Left Wing,00:00,67:51,Starting XI,Substitution - Off (Tactical)
3857272,768,England,3244,John Stones,,5,68,England,,,,,,,3.0,Right Center Back,00:00,,Starting XI,Final Whistle
3857272,768,England,3308,Kieran Trippier,,12,68,England,,,,,,,2.0,Right Back,00:00,,Starting XI,Final Whistle
3857272,768,England,3318,Marcus Rashford,,11,68,England,,,,,,,17.0,Right Wing,77:42,,Substitution - On (Tactical),Final Whistle
3857272,768,England,3336,Harry Maguire,,6,68,England,,,,,,,5.0,Left Center Back,00:00,,Starting XI,Final Whistle
3857272,768,England,3382,Luke Shaw,,3,68,England,,,,,,,6.0,Left Back,00:00,,Starting XI,Final Whistle
3857272,768,England,3468,Jordan Pickford,,1,68,England,,,,,,,1.0,Goalkeeper,00:00,,Starting XI,Final Whistle
3857272,768,England,3474,Nick Pope,,13,68,England,,,,,,,,,,,,
3857272,768,England,3532,Jordan Brian Henderson,Jordan Henderson,8,68,England,,,,,,,9.0,Right Defensive Midfield,68:17,,Substitution - On (Tactical),Final Whistle
3857272,768,England,3616,Callum Wilson,,24,68,England,,,,,,,,,,,,
3857272,768,England,3664,Trent Alexander-Arnold,,18,68,England,,,,,,,,,,,,
3857272,768,England,3943,Declan Rice,,4,68,England,,,,,,,11.0,Left Defensive Midfield,00:00,,Starting XI,Final Whistle
3857272,768,England,4354,Phil Foden,,20,68,England,,,,,,,,,,,,
3857272,768,England,4706,Kalvin Phillips,,14,68,England,,,,,,,,,,,,
3857272,768,England,7843,Mason Mount,,19,68,England,,,,,,,19.0,Center Attacking Midfield,00:00,,Starting XI,Final Whistle
3857272,768,England,9638,Jack Grealish,,7,68,England,,,,,,,21.0,Left Wing,67:51,,Substitution - On (Tactical),Final Whistle
3857272,768,England,9905,James Maddison,,25,68,England,,,,,,,,,,,,
3857272,768,England,9928,Conor Coady,,16,68,England,,,,,,,,,,,,
3857272,768,England,10955,Harry Kane,,9,68,England,,,,,,,23.0,Center Forward,00:00,,Starting XI,Final Whistle
3857272,768,England,10956,Eric Dier,,15,68,England,,,,,,,,,,,,
3857272,768,England,22084,Bukayo Saka,,17,68,England,,,,,,,17.0,Right Wing,00:00,77:42,Starting XI,Substitution - Off (Tactical)
3857272,768,England,22783,Aaron Ramsdale,,23,68,England,,,,,,,,,,,,
3857272,768,England,22809,Ben White,,21,68,England,,,,,,,,,,,,
3857272,768,England,29399,Conor Gallagher,,26,68,England,,,,,,,,,,,,
3857272,768,England,30714,Jude Bellingham,,22,68,England,,,,,,,9.0,Right Defensive Midfield,00:00,68:17,Starting XI,Substitution - Off (Tactical)
3857272,1839,United States,3377,Timothy Weah,,21,241,United States of America,,,,,,,22.0,Right Center Forward,00:00,82:21,Starting XI,Substitution - Off (Tactical)
3857272,1839,United States,3658,DeAndre Yedlin,,22,241,United States of America,,,,,,,,,,,,
3857272,1839,United States,4614,Antonee Robinson,,5,241,United States of America,,,,,,,6.0,Left Back,00:00,,Starting XI,Final Whistle
3857272,1839,United States,6806,Shaquell Moore,Shaq Moore,18,241,United States of America,,,,,,,2.0,Right Back,77:13,,Substitution - On (Tactical),Final Whistle
3857272,1839,United States,8246,Christian Pulisic,,10,241,United States of America,,,,,,,16.0,Left Midfield,00:00,,Starting XI,Final Whistle
3857272,1839,United States,8526,Weston McKennie,,8,241,United States of America,,,,,,,12.0,Right Midfield,00:00,76:42,Starting XI,Substitution - Off (Tactical)
3857272,1839,United States,12352,Matthew Charles Turner,Matt Turner,1,241,United States of America,,,,,,,1.0,Goalkeeper,00:00,,Starting XI,Final Whistle
3857272,1839,United States,12524,Walker Zimmerman,,3,241,United States of America,,,,,,,3.0,Right Center Back,00:00,,Starting XI,Final Whistle
3857272,1839,United States,12746,Sean Johnson,,25,241,United States of America,,,,,,,,,,,,
3857272,1839,United States,12751,Tyler Adams,,4,241,United States of America,,,,,,,9.0,Right Defensive Midfield,00:00,,Starting XI,Final Whistle
3857272,1839,United States,12757,Aaron Long,,15,241,United States of America,,,,,,,,,,,,
3857272,1839,United States,13035,Kellyn Kai Perry-Acosta,,23,241,United States of America,,,,,,,,,,,,
3857272,1839,United States,13442,Cristian Roldán León,,17,241,United States of America,,,,,,,,,,,,
3857272,1839,United States,15971,Cameron Carter-Vickers,,20,241,United States of America,,,,,,,,,,,,
3857272,1839,United States,18242,Tim Ream,,13,241,United States of America,,,,,,,5.0,Left Center Back,00:00,,Starting XI,Final Whistle
3857272,1839,United States,21201,Ethan Horvath,,12,241,United States of America,,,,,,,,,,,,
3857272,1839,United States,21881,Sergino Dest,Sergiño Dest,2,241,United States of America,,,,,,,2.0,Right Back,00:00,77:13,Starting XI,Substitution - Off (Tactical)
3857272,1839,United States,22008,Haji Wright,,19,241,United States of America,,,,,,,24.0,Left Center Forward,00:00,82:30,Starting XI,Substitution - Off (Tactical)
3857272,1839,United States,22168,Joshua Sargent,Josh Sargent,24,241,United States of America,,,,,,,24.0,Left Center Forward,82:30,,Substitution - On (Tactical),Final Whistle
3857272,1839,United States,22433,Jesus Ferreira,,9,241,United States of America,,,,,,,,,,,,
3857272,1839,United States,23789,Jordan Morris,,16,241,United States of America,,,,,,,,,,,,
3857272,1839,United States,24243,Brenden Aaronson,,11,241,United States of America,,,,,,,12.0,Right Midfield,76:42,,Substitution - On (Tactical),Final Whistle
3857272,1839,United States,33274,Luca de la Torre,,14,241,United States of America,,,,,,,,,,,,
3857272,1839,United States,34339,Giovanni Reyna,,7,241,United States of America,,,,,,,22.0,Right Center Forward,82:21,,Substitution - On (Tactical),Final Whistle
3857272,1839,United States,36830,Joseph Scally,Joe Scally,26,241,United States of America,,,,,,,,,,,,
3857272,1839,United States,38792,Yunus Dimoara Musah,,6,241,United States of America,,,,,,,11.0,Left Defensive Midfield,00:00,,Starting XI,Final Whistle
3857273,907,Wales,3086,Ben Davies,,4,249,Wales,,,,,,,5.0,Left Center Back,00:00,60:55,Starting XI,Tactical Shift
3857273,907,Wales,3488,Wayne Hennessey,,1,249,Wales,,,,,,,1.0,Goalkeeper,00:00,83:43,Starting XI,Foul Committed (Red Card)
3857273,907,Wales,3517,Aaron Ramsey,,10,249,Wales,,,,,,,13.0,Right Center Midfield,00:00,60:55,Starting XI,Tactical Shift
3857273,907,Wales,3839,Tom Lockyer,,17,249,Wales,,,,,,,,,,,,
3857273,907,Wales,3853,Kieffer Roberto Francisco Moore,Kieffer Moore,13,249,Wales,,,,,,,24.0,Left Center Forward,00:00,12:50,Starting XI,Player Off
3857273,907,Wales,4584,Adam Davies,,21,249,Wales,,,,,,,,,,,,
3857273,907,Wales,4767,Chris Mepham,,5,249,Wales,,,,,,,3.0,Right Center Back,00:00,,Starting XI,Final Whistle
3857273,907,Wales,4774,Connor Roberts,,14,249,Wales,,,,,,,7.0,Right Wing Back,00:00,56:53,Starting XI,Substitution - Off (Tactical)
3857273,907,Wales,4934,Ethan Ampadu,,15,249,Wales,,,,,,,10.0,Center Defensive Midfield,00:00,60:55,Starting XI,Tactical Shift
3857273,907,Wales,6399,Gareth Frank Bale,Gareth Bale,11,249,Wales,,,,,,,22.0,Right Center Forward,00:00,,Starting XI,Final Whistle
3857273,907,Wales,9540,Harry Wilson,,8,249,Wales,,,,,,,15.0,Left Center Midfield,00:00,56:54,Starting XI,Substitution - Off (Tactical)
3857273,907,Wales,9914,Daniel Ward,,12,249,Wales,,,,,,,1.0,Goalkeeper,86:48,86:48,Tactical Shift,Substitution - On (Tactical)
3857273,907,Wales,10928,Chris Gunter,,2,249,Wales,,,,,,,,,,,,
3857273,907,Wales,10931,Joe Allen,,7,249,Wales,,,,,,,9.0,Right Defensive Midfield,76:52,,Substitution - On (Tactical),Final Whistle
3857273,907,Wales,10932,Jonathan Williams,,18,249,Wales,,,,,,,,,,,,
3857273,907,Wales,11250,Joe Rodon,,6,249,Wales,,,,,,,4.0,Center Back,00:00,60:55,Starting XI,Tactical Shift
3857273,907,Wales,11252,Daniel James,,20,249,Wales,,,,,,,15.0,Left Center Midfield,56:54,60:55,Substitution - On (Tactical),Tactical Shift
3857273,907,Wales,12014,Mark Thomas Harris,Mark Harris,19,249,Wales,,,,,,,,,,,,
3857273,907,Wales,21446,Matthew Robert Smith,Matthew Smith,26,249,Wales,,,,,,,,,,,,
3857273,907,Wales,22074,Joseff Morrell,,16,249,Wales,,,,,,,,,,,,
3857273,907,Wales,29377,Brennan Johnson,,9,249,Wales,,,,,,,7.0,Right Wing Back,56:53,60:55,Substitution - On (Tactical),Tactical Shift
3857273,907,Wales,33121,Benjamin Cabango,Ben Cabango,24,249,Wales,,,,,,,,,,,,
3857273,907,Wales,33144,Dylan Levitt,,23,249,Wales,,,,,,,,,,,,
3857273,907,Wales,34794,Neco Williams,,3,249,Wales,,,,,,,8.0,Left Wing Back,00:00,60:55,Starting XI,Tactical Shift
3857273,907,Wales,50528,Sorba Thomas,,22,249,Wales,,,,,,,,,,,,
3857273,907,Wales,82257,Rubin Colwill,,25,249,Wales,,,,,,,,,,,,
3857273,797,Iran,5220,Morteza Pouraliganji,,8,107,"Iran, Islamic Republic of",,,,,,,5.0,Left Center Back,00:00,,Starting XI,Final Whistle
3857273,797,Iran,5222,Roozbeh Cheshmi,,15,107,"Iran, Islamic Republic of",,,,,,,11.0,Left Defensive Midfield,77:24,,Substitution - On (Injury),Final Whistle
3857273,797,Iran,5224,Sardar Azmoun,,20,107,"Iran, Islamic Republic of",,,,,,,23.0,Center Forward,00:00,27:45,Starting XI,Player Off
3857273,797,Iran,5226,Mehdi Taremi,,9,107,"Iran, Islamic Republic of",,,,,,,19.0,Center Attacking Midfield,00:00,82:31,Starting XI,Tactical Shift
3857273,797,Iran,5227,Alireza Safar Beiranvand,Alireza Beiranvand,1,107,"Iran, Islamic Republic of",,,,,,,,,,,,
3857273,797,Iran,5228,Seyed Majid Hosseini,Majid Hosseini,19,107,"Iran, Islamic Republic of",,,,,,,3.0,Right Center Back,00:00,,Starting XI,Final Whistle
3857273,797,Iran,5230,Ehsan Hajsafi,,3,107,"Iran, Islamic Republic of",,,,,,,16.0,Left Midfield,00:00,75:48,Starting XI,Substitution - Off (Tactical)
3857273,797,Iran,5231,Karim Ansarifard,,10,107,"Iran, Islamic Republic of",,,,,,,23.0,Center Forward,67:18,82:31,Substitution - On (Tactical),Tactical Shift
3857273,797,Iran,5235,Ramin Rezaeian,,23,107,"Iran, Islamic Republic of",,,,,,,2.0,Right Back,00:00,,Starting XI,Final Whistle
3857273,797,Iran,5239,Alireza Jahanbakhsh,,7,107,"Iran, Islamic Republic of",,,,,,,12.0,Right Midfield,75:43,,Substitution - On (Tactical),Final Whistle
3857273,797,Iran,5240,Saman Ghoddos,,14,107,"Iran, Islamic Republic of",,,,,,,,,,,,
3857273,797,Iran,5241,Vahid Amiri,,11,107,"Iran, Islamic Republic of",,,,,,,,,,,,
3857273,797,Iran,5720,Milad Mohammadi,,5,107,"Iran, Islamic Republic of",,,,,,,6.0,Left Back,00:00,,Starting XI,Final Whistle
3857273,797,Iran,5722,Saeid Ezatolahi Afagh,Saeid Ezatolahi,6,107,"Iran, Islamic Republic of",,,,,,,9.0,Right Defensive Midfield,00:00,82:11,Starting XI,Substitution - Off (Injury)
3857273,797,Iran,11224,Amir Abedzadeh,,22,107,"Iran, Islamic Republic of",,,,,,,,,,,,
3857273,797,Iran,23538,Sadegh Moharrami,,2,107,"Iran, Islamic Republic of",,,,,,,,,,,,
3857273,797,Iran,23874,Ali Gholizadeh,,17,107,"Iran, Islamic Republic of",,,,,,,12.0,Right Midfield,00:00,75:43,Starting XI,Substitution - Off (Tactical)
3857273,797,Iran,124161,Mehdi Torabi,,16,107,"Iran, Islamic Republic of",,,,,,,16.0,Left Midfield,75:48,,Substitution - On (Tactical),Final Whistle
3857273,797,Iran,124167,Ahmad Nourollahi,,21,107,"Iran, Islamic Republic of",,,,,,,11.0,Left Defensive Midfield,00:00,77:24,Starting XI,Substitution - Off (Injury)
3857273,797,Iran,124175,Mohammad Hossein Kanani Zadegan,,13,107,"Iran, Islamic Republic of",,,,,,,,,,,,
3857273,797,Iran,124177,Shoja Khalilzadeh,,4,107,"Iran, Islamic Republic of",,,,,,,,,,,,
3857273,797,Iran,124183,Payam Niazmand,,12,107,"Iran, Islamic Republic of",,,,,,,,,,,,
3857273,797,Iran,125818,Ali Karimi,,18,107,"Iran, Islamic Republic of",,,,,,,9.0,Right Defensive Midfield,82:11,,Substitution - On (Injury),Final Whistle
3857273,797,Iran,125823,Seyed Hossein Hosseini,,24,107,"Iran, Islamic Republic of",,,,,,,1.0,Goalkeeper,00:00,,Starting XI,Final Whistle
3857273,797,Iran,326758,Abolfazl Jalali,,25,107,"Iran, Islamic Republic of",,,,,,,,,,,,
3857274,941,Netherlands,2988,Memphis Depay,,10,160,Netherlands,,,,,,,24.0,Left Center Forward,45:00,,Substitution - On (Tactical),Final Whistle
3857274,941,Netherlands,3264,Vincent Janssen,,18,160,Netherlands,,,,,,,,,,,,
3857274,941,Netherlands,3306,Nathan Aké,,5,160,Netherlands,,,,,,,5.0,Left Center Back,00:00,,Starting XI,Final Whistle
3857274,941,Netherlands,3311,Daley Blind,,17,160,Netherlands,,,,,,,8.0,Left Wing Back,00:00,,Starting XI,Final Whistle
3857274,941,Netherlands,3669,Virgil van Dijk,,4,160,Netherlands,,,,,,,4.0,Center Back,00:00,,Starting XI,Final Whistle
3857274,941,Netherlands,4318,Davy Klaassen,,14,160,Netherlands,,,,,,,19.0,Center Attacking Midfield,00:00,68:56,Starting XI,Substitution - Off (Tactical)
3857274,941,Netherlands,6994,Marten de Roon,,15,160,Netherlands,,,,,,,9.0,Right Defensive Midfield,79:02,,Substitution - On (Tactical),Final Whistle
3857274,941,Netherlands,7745,Steven Berghuis,,11,160,Netherlands,,,,,,,19.0,Center Attacking Midfield,68:56,,Substitution - On (Tactical),Final Whistle
3857274,941,Netherlands,7787,Stefan de Vrij,,6,160,Netherlands,,,,,,,,,,,,
3857274,941,Netherlands,7829,Wout Weghorst,,19,160,Netherlands,,,,,,,22.0,Right Center Forward,78:56,,Substitution - On (Tactical),Final Whistle
3857274,941,Netherlands,7838,Remko Pasveer,,1,160,Netherlands,,,,,,,,,,,,
3857274,941,Netherlands,7891,Teun Koopmeiners,,20,160,Netherlands,,,,,,,9.0,Right Defensive Midfield,00:00,79:02,Starting XI,Substitution - Off (Tactical)
3857274,941,Netherlands,8069,Matthijs de Ligt,,3,160,Netherlands,,,,,,,,,,,,
3857274,941,Netherlands,8118,Frenkie de Jong,,21,160,Netherlands,,,,,,,11.0,Left Defensive Midfield,00:00,,Starting XI,Final Whistle
3857274,941,Netherlands,8124,Tyrell Malacia,,16,160,Netherlands,,,,,,,,,,,,
3857274,941,Netherlands,8125,Denzel Dumfries,,22,160,Netherlands,,,,,,,7.0,Right Wing Back,00:00,,Starting XI,Final Whistle
3857274,941,Netherlands,8259,Steven Bergwijn,,7,160,Netherlands,,,,,,,24.0,Left Center Forward,00:00,45:00,Starting XI,Substitution - Off (Tactical)
3857274,941,Netherlands,8326,Andries Noppert,,23,160,Netherlands,,,,,,,1.0,Goalkeeper,00:00,,Starting XI,Final Whistle
3857274,941,Netherlands,16185,Justin Bijlow,,13,160,Netherlands,,,,,,,,,,,,
3857274,941,Netherlands,20033,Luuk de Jong,,9,160,Netherlands,,,,,,,,,,,,
3857274,941,Netherlands,20750,Cody Mathès Gakpo,Cody Gakpo,8,160,Netherlands,,,,,,,22.0,Right Center Forward,00:00,78:56,Starting XI,Substitution - Off (Tactical)
3857274,941,Netherlands,21547,Noa Lang,,12,160,Netherlands,,,,,,,,,,,,
3857274,941,Netherlands,21809,Jurriën David Norman Timber,Jurriën Timber,2,160,Netherlands,,,,,,,3.0,Right Center Back,00:00,,Starting XI,Final Whistle
3857274,941,Netherlands,21879,Kenneth Taylor,,24,160,Netherlands,,,,,,,,,,,,
3857274,941,Netherlands,32712,Jeremie Frimpong,,26,160,Netherlands,,,,,,,,,,,,
3857274,941,Netherlands,39167,Xavi Simons,,25,160,Netherlands,,,,,,,,,,,,
3857274,3565,Ecuador,12583,Carlos Armando Gruezo Arboleda,Carlos Gruezo,8,65,Ecuador,,,,,,,,,,,,
3857274,3565,Ecuador,12803,Romario Andrés Ibarra Mina,Romario Ibarra,10,65,Ecuador,,,,,,,18.0,Right Attacking Midfield,89:09,,Substitution - On (Tactical),Final Whistle
3857274,3565,Ecuador,15486,Diego José Palacios Espinoza,Diego Palacios,18,65,Ecuador,,,,,,,,,,,,
3857274,3565,Ecuador,23830,Jhegson Sebastián Méndez Carabalí,Jhegson Méndez,20,65,Ecuador,,,,,,,9.0,Right Defensive Midfield,00:00,,Starting XI,Final Whistle
3857274,3565,Ecuador,24085,Pervis Josué Estupiñán Tenorio,Pervis Estupiñán,7,65,Ecuador,,,,,,,8.0,Left Wing Back,00:00,,Starting XI,Final Whistle
3857274,3565,Ecuador,25083,Xavier Ricardo Arreaga Bermello,Xavier Arreaga,14,65,Ecuador,,,,,,,,,,,,
3857274,3565,Ecuador,25352,Robert Abel Arboleda Escobar,Robert Arboleda,4,65,Ecuador,,,,,,,,,,,,
3857274,3565,Ecuador,28511,Ángel Israel Mena Delgado,Ángel Mena,15,65,Ecuador,,,,,,,,,,,,
3857274,3565,Ecuador,28559,Enner Remberto Valencia Lastra,Enner Valencia,13,65,Ecuador,,,,,,,20.0,Left Attacking Midfield,00:00,73:40,Starting XI,Tactical Shift
3857274,3565,Ecuador,30111,Felix Eduardo Torres Caicedo,Félix Torres,2,65,Ecuador,,,,,,,4.0,Center Back,00:00,,Starting XI,Final Whistle
3857274,3565,Ecuador,31152,Gonzalo Jordy Plata Jiménez,Gonzalo Plata,19,65,Ecuador,,,,,,,18.0,Right Attacking Midfield,00:00,89:09,Starting XI,Substitution - Off (Tactical)
3857274,3565,Ecuador,32677,Alexander Domínguez Carabalí,Alexander Domínguez,22,65,Ecuador,,,,,,,,,,,,
3857274,3565,Ecuador,34194,Eduar Ayrton Preciado García,Ayrton Preciado,9,65,Ecuador,,,,,,,,,,,,
3857274,3565,Ecuador,34396,Michael Steveen Estrada Martínez,Michael Estrada,11,65,Ecuador,,,,,,,23.0,Center Forward,00:00,73:23,Starting XI,Substitution - Off (Tactical)
3857274,3565,Ecuador,36148,José Adoni Cifuentes Charcopa,José Cifuentes,5,65,Ecuador,,,,,,,,,,,,
3857274,3565,Ecuador,37522,Hernán Ismael Galíndez,Hernán Galíndez,1,65,Ecuador,,,,,,,1.0,Goalkeeper,00:00,,Starting XI,Final Whistle
3857274,3565,Ecuador,37726,Moisés Isaac Caicedo Corozo,Moisés Caicedo,23,65,Ecuador,,,,,,,11.0,Left Defensive Midfield,00:00,,Starting XI,Final Whistle
3857274,3565,Ecuador,37737,Angelo Smit Preciado Quiñónez,Angelo Preciado,17,65,Ecuador,,,,,,,7.0,Right Wing Back,00:00,04:09,Starting XI,Player Off
3857274,3565,Ecuador,37742,Wellington Moisés Ramírez Preciado,Moisés Ramírez,12,65,Ecuador,,,,,,,,,,,,
3857274,3565,Ecuador,37945,Alan Steven Franco Palma,Alan Franco,21,65,Ecuador,,,,,,,,,,,,
3857274,3565,Ecuador,38004,Piero Martín Hincapié Reyna,Piero Hincapié,3,65,Ecuador,,,,,,,5.0,Left Center Back,00:00,,Starting XI,Final Whistle
3857274,3565,Ecuador,40211,Jeremy Leonel Sarmiento Morante,Jeremy Sarmiento,16,65,Ecuador,,,,,,,23.0,Center Forward,73:23,73:40,Substitution - On (Tactical),Tactical Shift
3857274,3565,Ecuador,41593,Willian Joel Pacho Tenorio,Willian Pacho,6,65,Ecuador,,,,,,,,,,,,
3857274,3565,Ecuador,51969,Jackson Gabriel Porozo Vernaza,Jackson Porozo,25,65,Ecuador,,,,,,,3.0,Right Center Back,00:00,,Starting XI,Final Whistle
3857274,3565,Ecuador,91090,Djorkaeff Neicer Reasco González,,24,65,Ecuador,,,,,,,,,,,,
3857274,3565,Ecuador,348757,Kevin José Rodríguez Cortez,Kevin Rodríguez,26,65,Ecuador,,,,,,,23.0,Center Forward,89:02,,Substitution - On (Injury),Final Whistle
3857275,771,France,2972,Marcus Thuram,,26,78,France,,,,,,,,,,,,
3857275,771,France,3009,Kylian Mbappé Lottin,Kylian Mbappé,10,78,France,,,,,,,17.0,Right Wing,62:35,63:40,Substitution - On (Tactical),Tactical Shift
3857275,771,France,3026,Adrien Rabiot,,14,78,France,,,,,,,15.0,Left Center Midfield,62:43,73:27,Substitution - On (Tactical),Tactical Shift
3857275,771,France,3099,Hugo Lloris,,1,78,France,,,,,,,,,,,,
3857275,771,France,3379,Alphonse Areola,,23,78,France,,,,,,,,,,,,
3857275,771,France,3543,Steve Mandanda,,16,78,France,,,,,,,1.0,Goalkeeper,00:00,,Starting XI,Final Whistle
3857275,771,France,3604,Olivier Giroud,,9,78,France,,,,,,,,,,,,
3857275,771,France,4445,Jules Koundé,,5,78,France,,,,,,,,,,,,
3857275,771,France,5476,Benjamin Pavard,,2,78,France,,,,,,,,,,,,
3857275,771,France,5477,Ousmane Dembélé,,11,78,France,,,,,,,17.0,Right Wing,78:06,,Substitution - On (Tactical),Final Whistle
3857275,771,France,5485,Raphaël Varane,,4,78,France,,,,,,,3.0,Right Center Back,00:00,62:34,Starting XI,Substitution - Off (Tactical)
3857275,771,France,5487,Antoine Griezmann,,7,78,France,,,,,,,13.0,Right Center Midfield,72:16,73:27,Substitution - On (Tactical),Tactical Shift
3857275,771,France,6704,Theo Bernard François Hernández,Theo Hernández,22,78,France,,,,,,,,,,,,
3857275,771,France,7153,Jordan Veretout,,15,78,France,,,,,,,15.0,Left Center Midfield,00:00,62:43,Starting XI,Substitution - Off (Tactical)
3857275,771,France,7345,Mattéo Guendouzi Olié,Mattéo Guendouzi,6,78,France,,,,,,,21.0,Left Wing,00:00,63:40,Starting XI,Tactical Shift
3857275,771,France,7439,Axel Disasi,,3,78,France,,,,,,,2.0,Right Back,00:00,,Starting XI,Final Whistle
3857275,771,France,8217,Kingsley Coman,,20,78,France,,,,,,,17.0,Right Wing,00:00,62:35,Starting XI,Substitution - Off (Tactical)
3857275,771,France,8519,Dayotchanculle Upamecano,,18,78,France,,,,,,,,,,,,
3857275,771,France,10481,Aurélien Djani Tchouaméni,Aurélien Tchouaméni,8,78,France,,,,,,,10.0,Center Defensive Midfield,00:00,73:27,Starting XI,Tactical Shift
3857275,771,France,11135,Ibrahima Konaté,,24,78,France,,,,,,,5.0,Left Center Back,00:00,,Starting XI,Final Whistle
3857275,771,France,11990,Youssouf Fofana,,13,78,France,,,,,,,13.0,Right Center Midfield,00:00,72:16,Starting XI,Substitution - Off (Tactical)
3857275,771,France,17592,William Saliba,,17,78,France,,,,,,,3.0,Right Center Back,62:34,,Substitution - On (Tactical),Final Whistle
3857275,771,France,22097,Randal Kolo Muani,Randal Kolo,12,78,France,,,,,,,23.0,Center Forward,00:00,,Starting XI,Final Whistle
3857275,771,France,24778,Eduardo Camavinga,,25,78,France,,,,,,,6.0,Left Back,00:00,,Starting XI,Final Whistle
3857275,777,Tunisia,3196,Wahbi Khazri,,10,232,Tunisia,,,,,,,23.0,Center Forward,00:00,59:04,Starting XI,Substitution - Off (Injury)
3857275,777,Tunisia,3557,Naïm Sliti,,23,232,Tunisia,,,,,,,,,,,,
3857275,777,Tunisia,3767,Ellyes Joris Skhiri,,17,232,Tunisia,,,,,,,9.0,Right Defensive Midfield,00:00,,Starting XI,Final Whistle
3857275,777,Tunisia,5647,Ali Maâloul,,12,232,Tunisia,,,,,,,8.0,Left Wing Back,00:00,88:24,Starting XI,Tactical Shift
3857275,777,Tunisia,5650,Ferjani Sassi,,13,232,Tunisia,,,,,,,,,,,,
3857275,777,Tunisia,5651,Yassine Meriah,,4,232,Tunisia,,,,,,,3.0,Right Center Back,00:00,,Starting XI,Final Whistle
3857275,777,Tunisia,5653,Mouez Hassen,,26,232,Tunisia,,,,,,,,,,,,
3857275,777,Tunisia,5655,Dylan Daniel Mahmoud Bronn,,6,232,Tunisia,,,,,,,,,,,,
3857275,777,Tunisia,6342,Aymen Mathlouthi,Balbouli,1,232,Tunisia,,,,,,,,,,,,
3857275,777,Tunisia,6347,Ghilane Chalali,,18,232,Tunisia,,,,,,,20.0,Left Attacking Midfield,73:52,84:33,Substitution - On (Tactical),Tactical Shift
3857275,777,Tunisia,9236,Mohamed Dräger,,20,232,Tunisia,,,,,,,,,,,,
3857275,777,Tunisia,16352,Issam Jebali,,9,232,Tunisia,,,,,,,23.0,Center Forward,59:04,,Substitution - On (Injury),Final Whistle
3857275,777,Tunisia,23910,Youssef Msakni,,7,232,Tunisia,,,,,,,,,,,,
3857275,777,Tunisia,25582,Nader Ghandri,,5,232,Tunisia,,,,,,,4.0,Center Back,00:00,,Starting XI,Final Whistle
3857275,777,Tunisia,30681,Ali Abdi,,24,232,Tunisia,,,,,,,18.0,Right Attacking Midfield,82:56,84:33,Substitution - On (Tactical),Tactical Shift
3857275,777,Tunisia,32450,Montassar Omar Talbi,,3,232,Tunisia,,,,,,,5.0,Left Center Back,00:00,,Starting XI,Final Whistle
3857275,777,Tunisia,35592,Anis Ben Slimane,Anis Slimane,25,232,Tunisia,,,,,,,18.0,Right Attacking Midfield,00:00,82:56,Starting XI,Substitution - Off (Tactical)
3857275,777,Tunisia,44955,Aïssa Bilal Laïdouni,Aïssa Laïdouni,14,232,Tunisia,,,,,,,11.0,Left Defensive Midfield,00:00,,Starting XI,Final Whistle
3857275,777,Tunisia,50988,Hannibal Mejbri,,8,232,Tunisia,,,,,,,,,,,,
3857275,777,Tunisia,68749,Seifeddine Jaziri,,19,232,Tunisia,,,,,,,,,,,,
3857275,777,Tunisia,102816,Mohamed Ali Ben Romdhane,,15,232,Tunisia,,,,,,,20.0,Left Attacking Midfield,00:00,63:04,Starting XI,Player Off (Off Camera)
3857275,777,Tunisia,105943,Aymen Dahmen,,16,232,Tunisia,,,,,,,1.0,Goalkeeper,00:00,,Starting XI,Final Whistle
3857275,777,Tunisia,105944,Wajdi Kechrida,,21,232,Tunisia,,,,,,,7.0,Right Wing Back,00:00,,Starting XI,Final Whistle
3857275,777,Tunisia,128793,Taha Yassine Khenissi,,11,232,Tunisia,,,,,,,,,,,,
3857275,777,Tunisia,136296,Bechir Ben Said,,22,232,Tunisia,,,,,,,,,,,,
3857275,777,Tunisia,163049,Bilel Ifa,,2,232,Tunisia,,,,,,,,,,,,
3857276,788,Morocco,3625,Sofiane Boufal,,17,154,Morocco,,,,,,,21.0,Left Wing,00:00,64:10,Starting XI,Substitution - Off (Tactical)
3857276,788,Morocco,3634,Abdelhamid Sabiri,,11,154,Morocco,,,,,,,15.0,Left Center Midfield,00:00,64:28,Starting XI,Substitution - Off (Tactical)
3857276,788,Morocco,5219,Romain Saïss,,6,154,Morocco,,,,,,,5.0,Left Center Back,00:00,76:14,Starting XI,Tactical Shift
3857276,788,Morocco,5233,Munir Mohand Mohamedi,Munir,12,154,Morocco,,,,,,,,,,,,
3857276,788,Morocco,5234,Sofyan Amrabat,,4,154,Morocco,,,,,,,10.0,Center Defensive Midfield,00:00,76:14,Starting XI,Tactical Shift
3857276,788,Morocco,5237,Hakim Ziyech,,7,154,Morocco,,,,,,,17.0,Right Wing,00:00,75:36,Starting XI,Substitution - Off (Tactical)
3857276,788,Morocco,5245,Achraf Hakimi Mouh,Achraf Hakimi,2,154,Morocco,,,,,,,2.0,Right Back,00:00,76:14,Starting XI,Tactical Shift
3857276,788,Morocco,6301,Youssef En-Nesyri,,19,154,Morocco,,,,,,,23.0,Center Forward,00:00,76:14,Starting XI,Tactical Shift
3857276,788,Morocco,6785,Yassine Bounou,,1,154,Morocco,,,,,,,1.0,Goalkeeper,00:00,,Starting XI,Final Whistle
3857276,788,Morocco,7459,Jawad El Yamiq,,18,154,Morocco,,,,,,,13.0,Right Center Midfield,75:48,76:14,Substitution - On (Tactical),Tactical Shift
3857276,788,Morocco,12149,Nayef Aguerd,,5,154,Morocco,,,,,,,3.0,Right Center Back,00:00,76:14,Starting XI,Tactical Shift
3857276,788,Morocco,15890,Noussair Mazraoui,,3,154,Morocco,,,,,,,6.0,Left Back,00:00,76:14,Starting XI,Tactical Shift
3857276,788,Morocco,21214,Ilias Chair,,13,154,Morocco,,,,,,,,,,,,
3857276,788,Morocco,21736,Zakaria Aboukhlal,,14,154,Morocco,,,,,,,21.0,Left Wing,64:10,85:07,Substitution - On (Tactical),Tactical Shift
3857276,788,Morocco,23774,Selim Amallah,,15,154,Morocco,,,,,,,15.0,Left Center Midfield,64:28,76:14,Substitution - On (Tactical),Tactical Shift
3857276,788,Morocco,31295,Yahia Attiyat allah,,25,154,Morocco,,,,,,,,,,,,
3857276,788,Morocco,46258,Azzedine Ounahi,,8,154,Morocco,,,,,,,13.0,Right Center Midfield,00:00,75:48,Starting XI,Substitution - Off (Tactical)
3857276,788,Morocco,59493,Abderrazak Hamdallah,,9,154,Morocco,,,,,,,17.0,Right Wing,75:36,76:14,Substitution - On (Tactical),Tactical Shift
3857276,788,Morocco,67700,Badr Banoun,,24,154,Morocco,,,,,,,,,,,,
3857276,788,Morocco,102668,Yahya Jabrane,,26,154,Morocco,,,,,,,7.0,Right Wing Back,84:55,85:07,Substitution - On (Tactical),Tactical Shift
3857276,788,Morocco,131037,Anass Zaroury,,10,154,Morocco,,,,,,,,,,,,
3857276,788,Morocco,139011,Ahmed Reda Tagnaouti,,22,154,Morocco,,,,,,,,,,,,
3857276,788,Morocco,139016,Achraf Dari,,20,154,Morocco,,,,,,,,,,,,
3857276,788,Morocco,149714,Abdessamad Ezzalzouli,Abde Ezzalzouli,16,154,Morocco,,,,,,,,,,,,
3857276,788,Morocco,156734,Bilal El Khannous,,23,154,Morocco,,,,,,,,,,,,
3857276,788,Morocco,296254,Walid Cheddira,,21,154,Morocco,,,,,,,,,,,,
3857276,1833,Canada,4106,Ike Ugbo,,12,40,Canada,,,,,,,,,,,,
3857276,1833,Canada,9036,David Wallace Wotherspoon,,24,40,Canada,,,,,,,16.0,Left Midfield,75:24,,Substitution - On (Tactical),Final Whistle
3857276,1833,Canada,9922,David Junior Hoilett,Junior Hoilett,10,40,Canada,,,,,,,19.0,Center Attacking Midfield,00:00,24:01,Starting XI,Tactical Shift
3857276,1833,Canada,11187,Stephen Antunes Eustáquio,,7,40,Canada,,,,,,,,,,,,
3857276,1833,Canada,11846,Steven de Sousa Vitoria,Steven Vitória,5,40,Canada,,,,,,,3.0,Right Center Back,00:00,,Starting XI,Final Whistle
3857276,1833,Canada,12365,Alphonso Davies,,19,40,Canada,,,,,,,12.0,Right Midfield,00:00,24:01,Starting XI,Tactical Shift
3857276,1833,Canada,12770,Jonathan Osorio,,21,40,Canada,,,,,,,9.0,Right Defensive Midfield,00:00,60:46,Starting XI,Tactical Shift
3857276,1833,Canada,12779,Samuel Piette,,6,40,Canada,,,,,,,,,,,,
3857276,1833,Canada,13885,Liam Fraser,,8,40,Canada,,,,,,,,,,,,
3857276,1833,Canada,15958,Milan Borjan,,18,40,Canada,,,,,,,1.0,Goalkeeper,00:00,,Starting XI,Final Whistle
3857276,1833,Canada,16120,Richie Laryea,,22,40,Canada,,,,,,,16.0,Left Midfield,65:04,66:24,Substitution - On (Tactical),Tactical Shift
3857276,1833,Canada,16252,Mark Anthony Kaye,,14,40,Canada,,,,,,,11.0,Left Defensive Midfield,00:00,59:51,Starting XI,Substitution - Off (Tactical)
3857276,1833,Canada,16459,Cyle Larin,,17,40,Canada,,,,,,,23.0,Center Forward,00:00,59:47,Starting XI,Substitution - Off (Tactical)
3857276,1833,Canada,23363,Liam Millar,,23,40,Canada,,,,,,,,,,,,
3857276,1833,Canada,23640,Jonathan David,,20,40,Canada,,,,,,,23.0,Center Forward,59:47,66:24,Substitution - On (Tactical),Tactical Shift
3857276,1833,Canada,23760,Derek Cornelius,,25,40,Canada,,,,,,,,,,,,
3857276,1833,Canada,23828,Kamal Miller,,4,40,Canada,,,,,,,5.0,Left Center Back,00:00,,Starting XI,Final Whistle
3857276,1833,Canada,24024,Tajon Buchanan,,11,40,Canada,,,,,,,16.0,Left Midfield,00:00,60:46,Starting XI,Tactical Shift
3857276,1833,Canada,26348,Lucas Daniel Cavallini,Lucas Cavallini,9,40,Canada,,,,,,,,,,,,
3857276,1833,Canada,29758,Sam Adekugbe,,3,40,Canada,,,,,,,6.0,Left Back,00:00,60:12,Starting XI,Substitution - Off (Tactical)
3857276,1833,Canada,31684,Atiba Hutchinson,,13,40,Canada,,,,,,,11.0,Left Defensive Midfield,59:51,,Substitution - On (Tactical),Final Whistle
3857276,1833,Canada,35707,Joel Waterman,,26,40,Canada,,,,,,,,,,,,
3857276,1833,Canada,36794,Dayne Tristan St. Clair,Dayne St. Clair,1,40,Canada,,,,,,,,,,,,
3857276,1833,Canada,44703,Alistair Johnston,,2,40,Canada,,,,,,,2.0,Right Back,00:00,,Starting XI,Final Whistle
3857276,1833,Canada,49259,James Pantemis,,16,40,Canada,,,,,,,,,,,,
3857276,1833,Canada,133229,Ismael Koné,,15,40,Canada,,,,,,,6.0,Left Back,60:12,60:46,Substitution - On (Tactical),Tactical Shift
3857277,785,Croatia,3441,Nikola Vlašić,,13,56,Croatia,,,,,,,17.0,Right Wing,00:00,43:02,Starting XI,Player Off
3857277,785,Croatia,3471,Dejan Lovren,,6,56,Croatia,,,,,,,3.0,Right Center Back,00:00,,Starting XI,Final Whistle
3857277,785,Croatia,5456,Mateo Kovačić,,8,56,Croatia,,,,,,,15.0,Left Center Midfield,00:00,78:43,Starting XI,Substitution - Off (Tactical)
3857277,785,Croatia,5460,Andrej Kramarić,,9,56,Croatia,,,,,,,23.0,Center Forward,00:00,69:58,Starting XI,Substitution - Off (Tactical)
3857277,785,Croatia,5463,Luka Modrić,,10,56,Croatia,,,,,,,13.0,Right Center Midfield,00:00,80:00,Starting XI,Tactical Shift
3857277,785,Croatia,5468,Domagoj Vida,,21,56,Croatia,,,,,,,,,,,,
3857277,785,Croatia,5469,Marcelo Brozović,,11,56,Croatia,,,,,,,10.0,Center Defensive Midfield,00:00,80:00,Starting XI,Tactical Shift
3857277,785,Croatia,5474,Ivan Perišić,,4,56,Croatia,,,,,,,21.0,Left Wing,00:00,80:00,Starting XI,Tactical Shift
3857277,785,Croatia,7693,Bruno Petković,,16,56,Croatia,,,,,,,,,,,,
3857277,785,Croatia,8654,Ante Budimir,,17,56,Croatia,,,,,,,,,,,,
3857277,785,Croatia,11127,Borna Barišić,,3,56,Croatia,,,,,,,,,,,,
3857277,785,Croatia,11603,Mario Pašalić,,15,56,Croatia,,,,,,,17.0,Right Wing,45:00,80:00,Substitution - On (Tactical),Tactical Shift
3857277,785,Croatia,12625,Borna Sosa,,19,56,Croatia,,,,,,,6.0,Left Back,00:00,,Starting XI,Final Whistle
3857277,785,Croatia,16527,Mislav Oršić,,18,56,Croatia,,,,,,,17.0,Right Wing,89:16,90:09,Substitution - On (Tactical),Tactical Shift
3857277,785,Croatia,16531,Dominik Livaković,,1,56,Croatia,,,,,,,1.0,Goalkeeper,00:00,,Starting XI,Final Whistle
3857277,785,Croatia,22041,Marko Livaja,,14,56,Croatia,,,,,,,23.0,Center Forward,69:58,,Substitution - On (Tactical),Final Whistle
3857277,785,Croatia,28835,Ivica Ivušić,,23,56,Croatia,,,,,,,,,,,,
3857277,785,Croatia,28914,Lovro Majer,,7,56,Croatia,,,,,,,15.0,Left Center Midfield,78:43,80:00,Substitution - On (Tactical),Tactical Shift
3857277,785,Croatia,29163,Josip Juranović,,22,56,Croatia,,,,,,,2.0,Right Back,00:00,,Starting XI,Final Whistle
3857277,785,Croatia,29342,Ivo Grbić,,12,56,Croatia,,,,,,,,,,,,
3857277,785,Croatia,32602,Kristijan Jakić,,26,56,Croatia,,,,,,,,,,,,
3857277,785,Croatia,32689,Martin Erlić,,5,56,Croatia,,,,,,,,,,,,
3857277,785,Croatia,33018,Joško Gvardiol,,20,56,Croatia,,,,,,,5.0,Left Center Back,00:00,,Starting XI,Final Whistle
3857277,785,Croatia,37148,Josip Šutalo,,24,56,Croatia,,,,,,,,,,,,
3857277,785,Croatia,39490,Luka Sučić,,25,56,Croatia,,,,,,,,,,,,
3857277,785,Croatia,49337,Josip Stanišić,,2,56,Croatia,,,,,,,,,,,,
3857277,788,Morocco,3625,Sofiane Boufal,,17,154,Morocco,,,,,,,16.0,Left Midfield,00:00,64:46,Starting XI,Substitution - Off (Tactical)
3857277,788,Morocco,3634,Abdelhamid Sabiri,,11,154,Morocco,,,,,,,13.0,Right Center Midfield,81:13,81:34,Substitution - On (Tactical),Tactical Shift
3857277,788,Morocco,5219,Romain Saïss,,6,154,Morocco,,,,,,,5.0,Left Center Back,00:00,,Starting XI,Final Whistle
3857277,788,Morocco,5233,Munir Mohand Mohamedi,Munir,12,154,Morocco,,,,,,,,,,,,
3857277,788,Morocco,5234,Sofyan Amrabat,,4,154,Morocco,,,,,,,10.0,Center Defensive Midfield,00:00,,Starting XI,Final Whistle
3857277,788,Morocco,5237,Hakim Ziyech,,7,154,Morocco,,,,,,,12.0,Right Midfield,00:00,,Starting XI,Final Whistle
3857277,788,Morocco,5245,Achraf Hakimi Mouh,Achraf Hakimi,2,154,Morocco,,,,,,,2.0,Right Back,00:00,,Starting XI,Final Whistle
3857277,788,Morocco,6301,Youssef En-Nesyri,,19,154,Morocco,,,,,,,23.0,Center Forward,00:00,80:46,Starting XI,Substitution - Off (Tactical)
3857277,788,Morocco,6785,Yassine Bounou,,1,154,Morocco,,,,,,,1.0,Goalkeeper,00:00,,Starting XI,Final Whistle
3857277,788,Morocco,7459,Jawad El Yamiq,,18,154,Morocco,,,,,,,,,,,,
3857277,788,Morocco,12149,Nayef Aguerd,,5,154,Morocco,,,,,,,3.0,Right Center Back,00:00,,Starting XI,Final Whistle
3857277,788,Morocco,15890,Noussair Mazraoui,,3,154,Morocco,,,,,,,6.0,Left Back,00:00,54:34,Starting XI,Player Off
3857277,788,Morocco,21214,Ilias Chair,,13,154,Morocco,,,,,,,,,,,,
3857277,788,Morocco,21736,Zakaria Aboukhlal,,14,154,Morocco,,,,,,,,,,,,
3857277,788,Morocco,23774,Selim Amallah,,15,154,Morocco,,,,,,,15.0,Left Center Midfield,00:00,81:34,Starting XI,Tactical Shift
3857277,788,Morocco,31295,Yahia Attiyat allah,,25,154,Morocco,,,,,,,6.0,Left Back,59:52,,Substitution - On (Injury),Final Whistle
3857277,788,Morocco,46258,Azzedine Ounahi,,8,154,Morocco,,,,,,,13.0,Right Center Midfield,00:00,81:13,Starting XI,Substitution - Off (Tactical)
3857277,788,Morocco,59493,Abderrazak Hamdallah,,9,154,Morocco,,,,,,,23.0,Center Forward,80:46,,Substitution - On (Tactical),Final Whistle
3857277,788,Morocco,67700,Badr Banoun,,24,154,Morocco,,,,,,,,,,,,
3857277,788,Morocco,102668,Yahya Jabrane,,26,154,Morocco,,,,,,,,,,,,
3857277,788,Morocco,131037,Anass Zaroury,,10,154,Morocco,,,,,,,,,,,,
3857277,788,Morocco,139011,Ahmed Reda Tagnaouti,,22,154,Morocco,,,,,,,,,,,,
3857277,788,Morocco,139016,Achraf Dari,,20,154,Morocco,,,,,,,,,,,,
3857277,788,Morocco,149714,Abdessamad Ezzalzouli,Abde Ezzalzouli,16,154,Morocco,,,,,,,16.0,Left Midfield,64:46,,Substitution - On (Tactical),Final Whistle
3857277,788,Morocco,156734,Bilal El Khannous,,23,154,Morocco,,,,,,,,,,,,
3857277,788,Morocco,296254,Walid Cheddira,,21,154,Morocco,,,,,,,,,,,,
3857278,1839,United States,3377,Timothy Weah,,21,241,United States of America,,,,,,,17.0,Right Wing,00:00,51:54,Starting XI,Tactical Shift
3857278,1839,United States,3658,DeAndre Yedlin,,22,241,United States of America,,,,,,,,,,,,
3857278,1839,United States,4614,Antonee Robinson,,5,241,United States of America,,,,,,,6.0,Left Back,00:00,83:14,Starting XI,Tactical Shift
3857278,1839,United States,6806,Shaquell Moore,Shaq Moore,18,241,United States of America,,,,,,,2.0,Right Back,81:09,83:14,Substitution - On (Tactical),Tactical Shift
3857278,1839,United States,8246,Christian Pulisic,,10,241,United States of America,,,,,,,21.0,Left Wing,00:00,40:46,Starting XI,Player Off
3857278,1839,United States,8526,Weston McKennie,,8,241,United States of America,,,,,,,15.0,Left Center Midfield,00:00,51:54,Starting XI,Tactical Shift
3857278,1839,United States,12352,Matthew Charles Turner,Matt Turner,1,241,United States of America,,,,,,,1.0,Goalkeeper,00:00,,Starting XI,Final Whistle
3857278,1839,United States,12524,Walker Zimmerman,,3,241,United States of America,,,,,,,22.0,Right Center Forward,81:08,83:14,Substitution - On (Tactical),Tactical Shift
3857278,1839,United States,12746,Sean Johnson,,25,241,United States of America,,,,,,,,,,,,
3857278,1839,United States,12751,Tyler Adams,,4,241,United States of America,,,,,,,10.0,Center Defensive Midfield,00:00,51:54,Starting XI,Tactical Shift
3857278,1839,United States,12757,Aaron Long,,15,241,United States of America,,,,,,,,,,,,
3857278,1839,United States,13035,Kellyn Kai Perry-Acosta,,23,241,United States of America,,,,,,,11.0,Left Defensive Midfield,64:48,,Substitution - On (Tactical),Final Whistle
3857278,1839,United States,13442,Cristian Roldán León,,17,241,United States of America,,,,,,,,,,,,
3857278,1839,United States,15971,Cameron Carter-Vickers,,20,241,United States of America,,,,,,,3.0,Right Center Back,00:00,,Starting XI,Final Whistle
3857278,1839,United States,18242,Tim Ream,,13,241,United States of America,,,,,,,5.0,Left Center Back,00:00,,Starting XI,Final Whistle
3857278,1839,United States,21201,Ethan Horvath,,12,241,United States of America,,,,,,,,,,,,
3857278,1839,United States,21881,Sergino Dest,Sergiño Dest,2,241,United States of America,,,,,,,2.0,Right Back,00:00,81:09,Starting XI,Substitution - Off (Tactical)
3857278,1839,United States,22008,Haji Wright,,19,241,United States of America,,,,,,,24.0,Left Center Forward,76:55,83:14,Substitution - On (Injury),Tactical Shift
3857278,1839,United States,22168,Joshua Sargent,Josh Sargent,24,241,United States of America,,,,,,,23.0,Center Forward,00:00,51:54,Starting XI,Tactical Shift
3857278,1839,United States,22433,Jesus Ferreira,,9,241,United States of America,,,,,,,,,,,,
3857278,1839,United States,23789,Jordan Morris,,16,241,United States of America,,,,,,,,,,,,
3857278,1839,United States,24243,Brenden Aaronson,,11,241,United States of America,,,,,,,21.0,Left Wing,45:00,51:54,Substitution - On (Tactical),Tactical Shift
3857278,1839,United States,33274,Luca de la Torre,,14,241,United States of America,,,,,,,,,,,,
3857278,1839,United States,34339,Giovanni Reyna,,7,241,United States of America,,,,,,,,,,,,
3857278,1839,United States,36830,Joseph Scally,Joe Scally,26,241,United States of America,,,,,,,,,,,,
3857278,1839,United States,38792,Yunus Dimoara Musah,,6,241,United States of America,,,,,,,13.0,Right Center Midfield,00:00,51:54,Starting XI,Tactical Shift
3857278,797,Iran,5220,Morteza Pouraliganji,,8,107,"Iran, Islamic Republic of",,,,,,,5.0,Left Center Back,00:00,,Starting XI,Final Whistle
3857278,797,Iran,5222,Roozbeh Cheshmi,,15,107,"Iran, Islamic Republic of",,,,,,,,,,,,
3857278,797,Iran,5224,Sardar Azmoun,,20,107,"Iran, Islamic Republic of",,,,,,,23.0,Center Forward,00:00,45:00,Starting XI,Substitution - Off (Tactical)
3857278,797,Iran,5226,Mehdi Taremi,,9,107,"Iran, Islamic Republic of",,,,,,,19.0,Center Attacking Midfield,00:00,30:19,Starting XI,Tactical Shift
3857278,797,Iran,5227,Alireza Safar Beiranvand,Alireza Beiranvand,1,107,"Iran, Islamic Republic of",,,,,,,1.0,Goalkeeper,00:00,,Starting XI,Final Whistle
3857278,797,Iran,5228,Seyed Majid Hosseini,Majid Hosseini,19,107,"Iran, Islamic Republic of",,,,,,,3.0,Right Center Back,00:00,,Starting XI,Final Whistle
3857278,797,Iran,5230,Ehsan Hajsafi,,3,107,"Iran, Islamic Republic of",,,,,,,16.0,Left Midfield,00:00,30:19,Starting XI,Tactical Shift
3857278,797,Iran,5231,Karim Ansarifard,,10,107,"Iran, Islamic Republic of",,,,,,,17.0,Right Wing,76:56,78:10,Substitution - On (Tactical),Tactical Shift
3857278,797,Iran,5235,Ramin Rezaeian,,23,107,"Iran, Islamic Republic of",,,,,,,2.0,Right Back,00:00,,Starting XI,Final Whistle
3857278,797,Iran,5240,Saman Ghoddos,,14,107,"Iran, Islamic Republic of",,,,,,,21.0,Left Wing,45:00,45:00,Tactical Shift,Substitution - On (Tactical)
3857278,797,Iran,5241,Vahid Amiri,,11,107,"Iran, Islamic Republic of",,,,,,,,,,,,
3857278,797,Iran,5720,Milad Mohammadi,,5,107,"Iran, Islamic Republic of",,,,,,,6.0,Left Back,00:00,45:59,Starting XI,Player Off
3857278,797,Iran,5722,Saeid Ezatolahi Afagh,Saeid Ezatolahi,6,107,"Iran, Islamic Republic of",,,,,,,11.0,Left Defensive Midfield,00:00,30:19,Starting XI,Tactical Shift
3857278,797,Iran,11224,Amir Abedzadeh,,22,107,"Iran, Islamic Republic of",,,,,,,,,,,,
3857278,797,Iran,23538,Sadegh Moharrami,,2,107,"Iran, Islamic Republic of",,,,,,,,,,,,
3857278,797,Iran,23874,Ali Gholizadeh,,17,107,"Iran, Islamic Republic of",,,,,,,12.0,Right Midfield,00:00,45:00,Starting XI,Tactical Shift
3857278,797,Iran,124161,Mehdi Torabi,,16,107,"Iran, Islamic Republic of",,,,,,,13.0,Right Center Midfield,70:36,78:10,Substitution - On (Tactical),Tactical Shift
3857278,797,Iran,124167,Ahmad Nourollahi,,21,107,"Iran, Islamic Republic of",,,,,,,9.0,Right Defensive Midfield,00:00,30:19,Starting XI,Tactical Shift
3857278,797,Iran,124175,Mohammad Hossein Kanani Zadegan,,13,107,"Iran, Islamic Republic of",,,,,,,,,,,,
3857278,797,Iran,124177,Shoja Khalilzadeh,,4,107,"Iran, Islamic Republic of",,,,,,,,,,,,
3857278,797,Iran,124183,Payam Niazmand,,12,107,"Iran, Islamic Republic of",,,,,,,,,,,,
3857278,797,Iran,125818,Ali Karimi,,18,107,"Iran, Islamic Republic of",,,,,,,15.0,Left Center Midfield,45:00,47:01,Tactical Shift,Substitution - On (Injury)
3857278,797,Iran,125823,Seyed Hossein Hosseini,,24,107,"Iran, Islamic Republic of",,,,,,,,,,,,
3857278,797,Iran,326758,Abolfazl Jalali,,25,107,"Iran, Islamic Republic of",,,,,,,6.0,Left Back,71:03,,Substitution - On (Tactical),Final Whistle
3857279,771,France,2972,Marcus Thuram,,26,78,France,,,,,,,23.0,Center Forward,88:35,,Substitution - On (Tactical),Final Whistle
3857279,771,France,3009,Kylian Mbappé Lottin,Kylian Mbappé,10,78,France,,,,,,,21.0,Left Wing,00:00,,Starting XI,Final Whistle
3857279,771,France,3026,Adrien Rabiot,,14,78,France,,,,,,,11.0,Left Defensive Midfield,00:00,,Starting XI,Final Whistle
3857279,771,France,3099,Hugo Lloris,,1,78,France,,,,,,,1.0,Goalkeeper,00:00,,Starting XI,Final Whistle
3857279,771,France,3379,Alphonse Areola,,23,78,France,,,,,,,,,,,,
3857279,771,France,3543,Steve Mandanda,,16,78,France,,,,,,,,,,,,
3857279,771,France,3604,Olivier Giroud,,9,78,France,,,,,,,23.0,Center Forward,00:00,88:35,Starting XI,Substitution - Off (Tactical)
3857279,771,France,4445,Jules Koundé,,5,78,France,,,,,,,2.0,Right Back,88:34,,Substitution - On (Tactical),Final Whistle
3857279,771,France,5476,Benjamin Pavard,,2,78,France,,,,,,,2.0,Right Back,00:00,88:34,Starting XI,Substitution - Off (Tactical)
3857279,771,France,5477,Ousmane Dembélé,,11,78,France,,,,,,,17.0,Right Wing,00:00,76:19,Starting XI,Substitution - Off (Tactical)
3857279,771,France,5484,Lucas Hernández Pi,Lucas Hernandez,21,78,France,,,,,,,6.0,Left Back,00:00,11:10,Starting XI,Player Off
3857279,771,France,5485,Raphaël Varane,,4,78,France,,,,,,,,,,,,
3857279,771,France,5487,Antoine Griezmann,,7,78,France,,,,,,,19.0,Center Attacking Midfield,00:00,,Starting XI,Final Whistle
3857279,771,France,6704,Theo Bernard François Hernández,Theo Hernández,22,78,France,,,,,,,6.0,Left Back,12:02,,Substitution - On (Off Camera),Final Whistle
3857279,771,France,7153,Jordan Veretout,,15,78,France,,,,,,,,,,,,
3857279,771,France,7345,Mattéo Guendouzi Olié,Mattéo Guendouzi,6,78,France,,,,,,,,,,,,
3857279,771,France,7439,Axel Disasi,,3,78,France,,,,,,,,,,,,
3857279,771,France,8217,Kingsley Coman,,20,78,France,,,,,,,17.0,Right Wing,76:19,,Substitution - On (Tactical),Final Whistle
3857279,771,France,8519,Dayotchanculle Upamecano,,18,78,France,,,,,,,5.0,Left Center Back,00:00,,Starting XI,Final Whistle
3857279,771,France,10481,Aurélien Djani Tchouaméni,Aurélien Tchouaméni,8,78,France,,,,,,,9.0,Right Defensive Midfield,00:00,65:13,Starting XI,Player Off (Off Camera)
3857279,771,France,11135,Ibrahima Konaté,,24,78,France,,,,,,,3.0,Right Center Back,00:00,,Starting XI,Final Whistle
3857279,771,France,11990,Youssouf Fofana,,13,78,France,,,,,,,9.0,Right Defensive Midfield,76:09,,Substitution - On (Tactical),Final Whistle
3857279,771,France,17592,William Saliba,,17,78,France,,,,,,,,,,,,
3857279,771,France,22097,Randal Kolo Muani,Randal Kolo,12,78,France,,,,,,,,,,,,
3857279,771,France,24778,Eduardo Camavinga,,25,78,France,,,,,,,,,,,,
3857279,792,Australia,3240,Mathew Ryan,Mat Ryan,1,14,Australia,,,,,,,1.0,Goalkeeper,00:00,,Starting XI,Final Whistle
3857279,792,Australia,3281,Aaron Mooy,,13,14,Australia,,,,,,,10.0,Center Defensive Midfield,00:00,,Starting XI,Final Whistle
3857279,792,Australia,5479,Aziz Eraltay Behich,Aziz Behich,16,14,Australia,,,,,,,6.0,Left Back,00:00,,Starting XI,Final Whistle
3857279,792,Australia,5481,Mathew Leckie,,7,14,Australia,,,,,,,12.0,Right Midfield,00:00,73:34,Starting XI,Tactical Shift
3857279,792,Australia,5490,Jackson Irvine,,22,14,Australia,,,,,,,13.0,Right Center Midfield,00:00,73:34,Starting XI,Tactical Shift
3857279,792,Australia,8346,Craig Goodwin,,23,14,Australia,,,,,,,16.0,Left Midfield,00:00,72:40,Starting XI,Substitution - Off (Tactical)
3857279,792,Australia,8859,Ajdin Hrustic,,10,14,Australia,,,,,,,,,,,,
3857279,792,Australia,9430,Jason Cummings,,25,14,Australia,,,,,,,23.0,Center Forward,55:35,,Substitution - On (Tactical),Final Whistle
3857279,792,Australia,9980,Jamie MacLaren,Jamie Maclaren,9,14,Australia,,,,,,,,,,,,
3857279,792,Australia,15957,Miloš Degenek,,2,14,Australia,,,,,,,2.0,Right Back,84:07,,Substitution - On (Tactical),Final Whistle
3857279,792,Australia,16549,Danny Vuković,,18,14,Australia,,,,,,,,,,,,
3857279,792,Australia,22293,Harry Souttar,,19,14,Australia,,,,,,,3.0,Right Center Back,00:00,,Starting XI,Final Whistle
3857279,792,Australia,22371,Bailey Wright,,8,14,Australia,,,,,,,,,,,,
3857279,792,Australia,24475,Awer Denis Bul Mabil,,11,14,Australia,,,,,,,15.0,Left Center Midfield,72:25,73:34,Substitution - On (Tactical),Tactical Shift
3857279,792,Australia,28370,Fran Karačić,,5,14,Australia,,,,,,,,,,,,
3857279,792,Australia,33446,Thomas Deng,,20,14,Australia,,,,,,,,,,,,
3857279,792,Australia,33465,Joel King,,24,14,Australia,,,,,,,,,,,,
3857279,792,Australia,33477,Riley McGree,,14,14,Australia,,,,,,,15.0,Left Center Midfield,00:00,72:25,Starting XI,Substitution - Off (Tactical)
3857279,792,Australia,33488,Keanu Baccus,,26,14,Australia,,,,,,,15.0,Left Center Midfield,84:03,,Substitution - On (Tactical),Final Whistle
3857279,792,Australia,33492,Mitchell Thomas Duke,Mitchell Duke,15,14,Australia,,,,,,,23.0,Center Forward,00:00,55:35,Starting XI,Substitution - Off (Tactical)
3857279,792,Australia,33495,Kye Rowles,,4,14,Australia,,,,,,,5.0,Left Center Back,00:00,,Starting XI,Final Whistle
3857279,792,Australia,33502,Cameron Peter Devlin,,17,14,Australia,,,,,,,,,,,,
3857279,792,Australia,33564,Andrew Redmayne,,12,14,Australia,,,,,,,,,,,,
3857279,792,Australia,33572,Nathaniel Atkinson,,3,14,Australia,,,,,,,2.0,Right Back,00:00,84:07,Starting XI,Substitution - Off (Tactical)
3857279,792,Australia,36158,Marco Tilio,,6,14,Australia,,,,,,,,,,,,
3857279,792,Australia,227697,Garang Kuol,,21,14,Australia,,,,,,,16.0,Left Midfield,72:40,73:34,Substitution - On (Tactical),Tactical Shift
3857280,781,Brazil,3067,Ederson Santana de Moraes,Ederson Moraes,23,31,Brazil,,,,,,,1.0,Goalkeeper,00:00,,Starting XI,Final Whistle
3857280,781,Brazil,3202,Gabriel Fernando de Jesus,Gabriel Jesus,18,31,Brazil,,,,,,,23.0,Center Forward,00:00,63:33,Starting XI,Substitution - Off (Tactical)
3857280,781,Brazil,3247,Fábio Henrique Tavares,Fabinho,15,31,Brazil,,,,,,,11.0,Left Defensive Midfield,00:00,,Starting XI,Final Whistle
3857280,781,Brazil,3280,Richarlison de Andrade,Richarlison,9,31,Brazil,,,,,,,,,,,,
3857280,781,Brazil,3295,Thiago Emiliano da Silva,Thiago Silva,3,31,Brazil,,,,,,,,,,,,
3857280,781,Brazil,4324,Daniel Alves da Silva,Dani Alves,13,31,Brazil,,,,,,,2.0,Right Back,00:00,,Starting XI,Final Whistle
3857280,781,Brazil,4372,Marcos Aoás Corrêa,Marquinhos,4,31,Brazil,,,,,,,6.0,Left Back,54:09,,Substitution - On (Injury),Final Whistle
3857280,781,Brazil,5539,Carlos Henrique Casimiro,Casemiro,5,31,Brazil,,,,,,,,,,,,
3857280,781,Brazil,5547,Alisson Ramsés Becker,Alisson,1,31,Brazil,,,,,,,,,,,,
3857280,781,Brazil,9904,Frederico Rodrigues Santos,Fred,8,31,Brazil,,,,,,,9.0,Right Defensive Midfield,00:00,54:25,Starting XI,Substitution - Off (Tactical)
3857280,781,Brazil,10595,Raphael Dias Belloli,Raphinha,11,31,Brazil,,,,,,,17.0,Right Wing,78:41,,Substitution - On (Tactical),Final Whistle
3857280,781,Brazil,11183,Alex Nicolao Telles,Alex Telles,16,31,Brazil,,,,,,,6.0,Left Back,00:00,48:41,Starting XI,Player Off
3857280,781,Brazil,11493,Gleison Bremer Silva Nascimento,Bremer,24,31,Brazil,,,,,,,5.0,Left Center Back,00:00,,Starting XI,Final Whistle
3857280,781,Brazil,13620,Éder Gabriel Militão,Éder Militão,14,31,Brazil,,,,,,,3.0,Right Center Back,00:00,,Starting XI,Final Whistle
3857280,781,Brazil,18395,Vinícius José Paixão de Oliveira Júnior,Vinícius Júnior,20,31,Brazil,,,,,,,,,,,,
3857280,781,Brazil,22600,Lucas Tolentino Coelho de Lima,Lucas Paquetá,7,31,Brazil,,,,,,,,,,,,
3857280,781,Brazil,25101,Weverton Pereira da Silva,Wéverton,12,31,Brazil,,,,,,,,,,,,
3857280,781,Brazil,25104,Rodrygo Silva de Goes,Rodrygo,21,31,Brazil,,,,,,,19.0,Center Attacking Midfield,00:00,54:25,Starting XI,Substitution - Off (Tactical)
3857280,781,Brazil,25142,Bruno Guimarães Rodriguez Moura,Bruno Guimarães,17,31,Brazil,,,,,,,9.0,Right Defensive Midfield,54:25,,Substitution - On (Tactical),Final Whistle
3857280,781,Brazil,25154,Éverton Augusto de Barros Ribeiro,Éverton Ribeiro,22,31,Brazil,,,,,,,19.0,Center Attacking Midfield,54:25,,Substitution - On (Tactical),Final Whistle
3857280,781,Brazil,25305,Pedro Guilherme Abreu dos Santos,Pedro,25,31,Brazil,,,,,,,23.0,Center Forward,63:33,,Substitution - On (Tactical),Final Whistle
3857280,781,Brazil,25363,Antony Matheus dos Santos,Antony,19,31,Brazil,,,,,,,17.0,Right Wing,00:00,78:41,Starting XI,Substitution - Off (Tactical)
3857280,781,Brazil,29976,Gabriel Teodoro Martinelli Silva,Gabriel Martinelli,26,31,Brazil,,,,,,,21.0,Left Wing,00:00,,Starting XI,Final Whistle
3857280,2722,Cameroon,3141,André-Frank Zambo Anguissa,André Zambo Anguissa,8,39,Cameroon,,,,,,,11.0,Left Defensive Midfield,00:00,,Starting XI,Final Whistle
3857280,2722,Cameroon,3499,Jean-Eric Maxim Choupo-Moting,Eric Maxim Choupo-Moting,13,39,Cameroon,,,,,,,24.0,Left Center Forward,00:00,,Starting XI,Final Whistle
3857280,2722,Cameroon,3551,Karl Brillant Toko Ekambi,Karl Toko Ekambi,12,39,Cameroon,,,,,,,12.0,Right Midfield,63:09,64:31,Substitution - On (Tactical),Tactical Shift
3857280,2722,Cameroon,3639,Georges-Kévin Nkoudou Mbida,Georges-Kevin N'Koudou,7,39,Cameroon,,,,,,,,,,,,
3857280,2722,Cameroon,4935,Bryan Mbeumo,,20,39,Cameroon,,,,,,,12.0,Right Midfield,00:00,63:09,Starting XI,Substitution - Off (Tactical)
3857280,2722,Cameroon,7551,Enzo Ebosse,,24,39,Cameroon,,,,,,,5.0,Left Center Back,00:00,,Starting XI,Final Whistle
3857280,2722,Cameroon,8591,Samuel Yves Oum Gwet,Samuel Gouet,14,39,Cameroon,,,,,,,,,,,,
3857280,2722,Cameroon,10530,Jules Olivier Ntcham,Olivier Ntcham,22,39,Cameroon,,,,,,,9.0,Right Defensive Midfield,67:25,,Substitution - On (Tactical),Final Whistle
3857280,2722,Cameroon,11174,Vincent Paté Aboubakar,Vincent Aboubakar,10,39,Cameroon,,,,,,,22.0,Right Center Forward,00:00,,Starting XI,Final Whistle
3857280,2722,Cameroon,12623,Pierre Kunde Malong,Pierre Kunde,15,39,Cameroon,,,,,,,9.0,Right Defensive Midfield,00:00,67:25,Starting XI,Substitution - Off (Tactical)
3857280,2722,Cameroon,13454,Nouhou Tolo,,25,39,Cameroon,,,,,,,6.0,Left Back,00:00,,Starting XI,Final Whistle
3857280,2722,Cameroon,15326,Devis Rogers Epassy Mboka,Devis Epassy,16,39,Cameroon,,,,,,,1.0,Goalkeeper,00:00,,Starting XI,Final Whistle
3857280,2722,Cameroon,16014,Jean Pierre Nsamé,,9,39,Cameroon,,,,,,,,,,,,
3857280,2722,Cameroon,16015,Nicolas Moumi Ngamaleu,Moumi Ngamaleu,6,39,Cameroon,,,,,,,16.0,Left Midfield,00:00,64:31,Starting XI,Tactical Shift
3857280,2722,Cameroon,16346,Ngoran Suiru Fai Collins,Collins Fai,19,39,Cameroon,,,,,,,2.0,Right Back,00:00,39:09,Starting XI,Player Off
3857280,2722,Cameroon,21456,Olivier Mbaissidara Mbaizo,Olivier Mbaizo,17,39,Cameroon,,,,,,,,,,,,
3857280,2722,Cameroon,28966,Gaël Ondoua,,5,39,Cameroon,,,,,,,,,,,,
3857280,2722,Cameroon,33813,Jerome Ngom Mbekeli,Jerome Mbekeli,2,39,Cameroon,,,,,,,12.0,Right Midfield,84:57,,Substitution - On (Tactical),Final Whistle
3857280,2722,Cameroon,44842,Simon Brady Ngapandouetnbu,,1,39,Cameroon,,,,,,,,,,,,
3857280,2722,Cameroon,46903,Christian Mougang Bassogog,Christian Bassogog,11,39,Cameroon,,,,,,,,,,,,
3857280,2722,Cameroon,74588,Christopher Wooh,,4,39,Cameroon,,,,,,,3.0,Right Center Back,00:00,,Starting XI,Final Whistle
3857280,2722,Cameroon,349913,Souaibou Marou,,26,39,Cameroon,,,,,,,,,,,,
3857281,785,Croatia,3441,Nikola Vlašić,,13,56,Croatia,,,,,,,17.0,Right Wing,72:11,,Substitution - On (Tactical),Final Whistle
3857281,785,Croatia,3471,Dejan Lovren,,6,56,Croatia,,,,,,,3.0,Right Center Back,00:00,,Starting XI,Final Whistle
3857281,785,Croatia,5456,Mateo Kovačić,,8,56,Croatia,,,,,,,15.0,Left Center Midfield,00:00,85:42,Starting XI,Substitution - Off (Tactical)
3857281,785,Croatia,5460,Andrej Kramarić,,9,56,Croatia,,,,,,,17.0,Right Wing,00:00,72:11,Starting XI,Substitution - Off (Tactical)
3857281,785,Croatia,5463,Luka Modrić,,10,56,Croatia,,,,,,,13.0,Right Center Midfield,00:00,85:25,Starting XI,Substitution - Off (Tactical)
3857281,785,Croatia,5469,Marcelo Brozović,,11,56,Croatia,,,,,,,10.0,Center Defensive Midfield,00:00,,Starting XI,Final Whistle
3857281,785,Croatia,5474,Ivan Perišić,,4,56,Croatia,,,,,,,21.0,Left Wing,00:00,79:37,Starting XI,Player Off
3857281,785,Croatia,7693,Bruno Petković,,16,56,Croatia,,,,,,,23.0,Center Forward,59:58,,Substitution - On (Tactical),Final Whistle
3857281,785,Croatia,8654,Ante Budimir,,17,56,Croatia,,,,,,,,,,,,
3857281,785,Croatia,11127,Borna Barišić,,3,56,Croatia,,,,,,,,,,,,
3857281,785,Croatia,11603,Mario Pašalić,,15,56,Croatia,,,,,,,13.0,Right Center Midfield,85:25,85:42,Substitution - On (Tactical),Tactical Shift
3857281,785,Croatia,12625,Borna Sosa,,19,56,Croatia,,,,,,,6.0,Left Back,00:00,,Starting XI,Final Whistle
3857281,785,Croatia,16527,Mislav Oršić,,18,56,Croatia,,,,,,,21.0,Left Wing,85:20,,Substitution - On (Tactical),Final Whistle
3857281,785,Croatia,16531,Dominik Livaković,,1,56,Croatia,,,,,,,1.0,Goalkeeper,00:00,,Starting XI,Final Whistle
3857281,785,Croatia,22041,Marko Livaja,,14,56,Croatia,,,,,,,23.0,Center Forward,00:00,59:58,Starting XI,Substitution - Off (Tactical)
3857281,785,Croatia,28835,Ivica Ivušić,,23,56,Croatia,,,,,,,,,,,,
3857281,785,Croatia,28914,Lovro Majer,,7,56,Croatia,,,,,,,13.0,Right Center Midfield,85:42,85:42,Tactical Shift,Substitution - On (Tactical)
3857281,785,Croatia,29163,Josip Juranović,,22,56,Croatia,,,,,,,2.0,Right Back,00:00,,Starting XI,Final Whistle
3857281,785,Croatia,29342,Ivo Grbić,,12,56,Croatia,,,,,,,,,,,,
3857281,785,Croatia,32602,Kristijan Jakić,,26,56,Croatia,,,,,,,,,,,,
3857281,785,Croatia,32689,Martin Erlić,,5,56,Croatia,,,,,,,,,,,,
3857281,785,Croatia,33018,Joško Gvardiol,,20,56,Croatia,,,,,,,5.0,Left Center Back,00:00,,Starting XI,Final Whistle
3857281,785,Croatia,37148,Josip Šutalo,,24,56,Croatia,,,,,,,,,,,,
3857281,785,Croatia,39490,Luka Sučić,,25,56,Croatia,,,,,,,,,,,,
3857281,785,Croatia,49337,Josip Stanišić,,2,56,Croatia,,,,,,,,,,,,
3857281,1833,Canada,4106,Ike Ugbo,,12,40,Canada,,,,,,,,,,,,
3857281,1833,Canada,9036,David Wallace Wotherspoon,,24,40,Canada,,,,,,,,,,,,
3857281,1833,Canada,9922,David Junior Hoilett,Junior Hoilett,10,40,Canada,,,,,,,8.0,Left Wing Back,61:25,61:33,Substitution - On (Tactical),Tactical Shift
3857281,1833,Canada,11187,Stephen Antunes Eustáquio,,7,40,Canada,,,,,,,11.0,Left Defensive Midfield,00:00,41:07,Starting XI,Player Off
3857281,1833,Canada,11846,Steven de Sousa Vitoria,Steven Vitória,5,40,Canada,,,,,,,3.0,Right Center Back,00:00,45:00,Starting XI,Tactical Shift
3857281,1833,Canada,12365,Alphonso Davies,,19,40,Canada,,,,,,,16.0,Left Midfield,00:00,45:00,Starting XI,Tactical Shift
3857281,1833,Canada,12770,Jonathan Osorio,,21,40,Canada,,,,,,,13.0,Right Center Midfield,45:00,45:00,Tactical Shift,Substitution - On (Tactical)
3857281,1833,Canada,12779,Samuel Piette,,6,40,Canada,,,,,,,,,,,,
3857281,1833,Canada,13885,Liam Fraser,,8,40,Canada,,,,,,,,,,,,
3857281,1833,Canada,15958,Milan Borjan,,18,40,Canada,,,,,,,1.0,Goalkeeper,00:00,,Starting XI,Final Whistle
3857281,1833,Canada,16120,Richie Laryea,,22,40,Canada,,,,,,,6.0,Left Back,00:00,45:00,Starting XI,Tactical Shift
3857281,1833,Canada,16252,Mark Anthony Kaye,,14,40,Canada,,,,,,,,,,,,
3857281,1833,Canada,16459,Cyle Larin,,17,40,Canada,,,,,,,22.0,Right Center Forward,00:00,45:00,Starting XI,Substitution - Off (Tactical)
3857281,1833,Canada,23363,Liam Millar,,23,40,Canada,,,,,,,,,,,,
3857281,1833,Canada,23640,Jonathan David,,20,40,Canada,,,,,,,24.0,Left Center Forward,00:00,45:00,Starting XI,Tactical Shift
3857281,1833,Canada,23760,Derek Cornelius,,25,40,Canada,,,,,,,,,,,,
3857281,1833,Canada,23828,Kamal Miller,,4,40,Canada,,,,,,,5.0,Left Center Back,00:00,,Starting XI,Final Whistle
3857281,1833,Canada,24024,Tajon Buchanan,,11,40,Canada,,,,,,,12.0,Right Midfield,00:00,45:00,Starting XI,Tactical Shift
3857281,1833,Canada,26348,Lucas Daniel Cavallini,Lucas Cavallini,9,40,Canada,,,,,,,24.0,Left Center Forward,72:27,,Substitution - On (Tactical),Final Whistle
3857281,1833,Canada,29758,Sam Adekugbe,,3,40,Canada,,,,,,,10.0,Center Defensive Midfield,72:28,72:34,Substitution - On (Tactical),Tactical Shift
3857281,1833,Canada,31684,Atiba Hutchinson,,13,40,Canada,,,,,,,9.0,Right Defensive Midfield,00:00,45:00,Starting XI,Tactical Shift
3857281,1833,Canada,35707,Joel Waterman,,26,40,Canada,,,,,,,,,,,,
3857281,1833,Canada,36794,Dayne Tristan St. Clair,Dayne St. Clair,1,40,Canada,,,,,,,,,,,,
3857281,1833,Canada,44703,Alistair Johnston,,2,40,Canada,,,,,,,2.0,Right Back,00:00,45:00,Starting XI,Tactical Shift
3857281,1833,Canada,49259,James Pantemis,,16,40,Canada,,,,,,,,,,,,
3857281,1833,Canada,133229,Ismael Koné,,15,40,Canada,,,,,,,15.0,Left Center Midfield,45:00,45:00,Tactical Shift,Substitution - On (Injury)
3857282,907,Wales,3086,Ben Davies,,4,249,Wales,,,,,,,5.0,Left Center Back,00:00,78:29,Starting XI,Tactical Shift
3857282,907,Wales,3488,Wayne Hennessey,,1,249,Wales,,,,,,,1.0,Goalkeeper,00:00,,Starting XI,Final Whistle
3857282,907,Wales,3517,Aaron Ramsey,,10,249,Wales,,,,,,,13.0,Right Center Midfield,00:00,78:29,Starting XI,Tactical Shift
3857282,907,Wales,3839,Tom Lockyer,,17,249,Wales,,,,,,,,,,,,
3857282,907,Wales,3853,Kieffer Roberto Francisco Moore,Kieffer Moore,13,249,Wales,,,,,,,24.0,Left Center Forward,45:00,78:29,Substitution - On (Tactical),Tactical Shift
3857282,907,Wales,4584,Adam Davies,,21,249,Wales,,,,,,,,,,,,
3857282,907,Wales,4767,Chris Mepham,,5,249,Wales,,,,,,,3.0,Right Center Back,00:00,,Starting XI,Final Whistle
3857282,907,Wales,4774,Connor Roberts,,14,249,Wales,,,,,,,7.0,Right Wing Back,00:00,78:29,Starting XI,Tactical Shift
3857282,907,Wales,4934,Ethan Ampadu,,15,249,Wales,,,,,,,10.0,Center Defensive Midfield,00:00,78:29,Starting XI,Tactical Shift
3857282,907,Wales,6399,Gareth Frank Bale,Gareth Bale,11,249,Wales,,,,,,,22.0,Right Center Forward,00:00,78:29,Starting XI,Tactical Shift
3857282,907,Wales,9540,Harry Wilson,,8,249,Wales,,,,,,,15.0,Left Center Midfield,00:00,78:29,Starting XI,Tactical Shift
3857282,907,Wales,9914,Daniel Ward,,12,249,Wales,,,,,,,,,,,,
3857282,907,Wales,10928,Chris Gunter,,2,249,Wales,,,,,,,,,,,,
3857282,907,Wales,10931,Joe Allen,,7,249,Wales,,,,,,,,,,,,
3857282,907,Wales,10932,Jonathan Williams,,18,249,Wales,,,,,,,,,,,,
3857282,907,Wales,11250,Joe Rodon,,6,249,Wales,,,,,,,4.0,Center Back,00:00,78:29,Starting XI,Tactical Shift
3857282,907,Wales,11252,Daniel James,,20,249,Wales,,,,,,,24.0,Left Center Forward,00:00,45:00,Starting XI,Substitution - Off (Tactical)
3857282,907,Wales,12014,Mark Thomas Harris,Mark Harris,19,249,Wales,,,,,,,,,,,,
3857282,907,Wales,21446,Matthew Robert Smith,Matthew Smith,26,249,Wales,,,,,,,,,,,,
3857282,907,Wales,22074,Joseff Morrell,,16,249,Wales,,,,,,,11.0,Left Defensive Midfield,94:42,,Substitution - On (Injury),Final Whistle
3857282,907,Wales,29377,Brennan Johnson,,9,249,Wales,,,,,,,8.0,Left Wing Back,78:19,78:29,Substitution - On (Tactical),Tactical Shift
3857282,907,Wales,33121,Benjamin Cabango,Ben Cabango,24,249,Wales,,,,,,,,,,,,
3857282,907,Wales,33144,Dylan Levitt,,23,249,Wales,,,,,,,,,,,,
3857282,907,Wales,34794,Neco Williams,,3,249,Wales,,,,,,,8.0,Left Wing Back,00:00,68:50,Starting XI,Player Off
3857282,907,Wales,50528,Sorba Thomas,,22,249,Wales,,,,,,,16.0,Left Midfield,92:35,,Substitution - On (Tactical),Final Whistle
3857282,907,Wales,82257,Rubin Colwill,,25,249,Wales,,,,,,,,,,,,
3857282,1839,United States,3377,Timothy Weah,,21,241,United States of America,,,,,,,17.0,Right Wing,00:00,87:33,Starting XI,Substitution - Off (Tactical)
3857282,1839,United States,3658,DeAndre Yedlin,,22,241,United States of America,,,,,,,2.0,Right Back,74:15,,Substitution - On (Tactical),Final Whistle
3857282,1839,United States,4614,Antonee Robinson,,5,241,United States of America,,,,,,,6.0,Left Back,00:00,,Starting XI,Final Whistle
3857282,1839,United States,6806,Shaquell Moore,Shaq Moore,18,241,United States of America,,,,,,,,,,,,
3857282,1839,United States,8246,Christian Pulisic,,10,241,United States of America,,,,,,,21.0,Left Wing,00:00,71:12,Starting XI,Player Off
3857282,1839,United States,8526,Weston McKennie,,8,241,United States of America,,,,,,,13.0,Right Center Midfield,00:00,65:12,Starting XI,Substitution - Off (Tactical)
3857282,1839,United States,12352,Matthew Charles Turner,Matt Turner,1,241,United States of America,,,,,,,1.0,Goalkeeper,00:00,,Starting XI,Final Whistle
3857282,1839,United States,12524,Walker Zimmerman,,3,241,United States of America,,,,,,,3.0,Right Center Back,00:00,,Starting XI,Final Whistle
3857282,1839,United States,12746,Sean Johnson,,25,241,United States of America,,,,,,,,,,,,
3857282,1839,United States,12751,Tyler Adams,,4,241,United States of America,,,,,,,10.0,Center Defensive Midfield,00:00,,Starting XI,Final Whistle
3857282,1839,United States,12757,Aaron Long,,15,241,United States of America,,,,,,,,,,,,
3857282,1839,United States,13035,Kellyn Kai Perry-Acosta,,23,241,United States of America,,,,,,,15.0,Left Center Midfield,74:15,,Substitution - On (Injury),Final Whistle
3857282,1839,United States,13442,Cristian Roldán León,,17,241,United States of America,,,,,,,,,,,,
3857282,1839,United States,15971,Cameron Carter-Vickers,,20,241,United States of America,,,,,,,,,,,,
3857282,1839,United States,18242,Tim Ream,,13,241,United States of America,,,,,,,5.0,Left Center Back,00:00,,Starting XI,Final Whistle
3857282,1839,United States,21201,Ethan Horvath,,12,241,United States of America,,,,,,,,,,,,
3857282,1839,United States,21881,Sergino Dest,Sergiño Dest,2,241,United States of America,,,,,,,2.0,Right Back,00:00,74:15,Starting XI,Substitution - Off (Tactical)
3857282,1839,United States,22008,Haji Wright,,19,241,United States of America,,,,,,,23.0,Center Forward,73:29,,Substitution - On (Tactical),Final Whistle
3857282,1839,United States,22168,Joshua Sargent,Josh Sargent,24,241,United States of America,,,,,,,23.0,Center Forward,00:00,73:29,Starting XI,Substitution - Off (Tactical)
3857282,1839,United States,22433,Jesus Ferreira,,9,241,United States of America,,,,,,,,,,,,
3857282,1839,United States,23789,Jordan Morris,,16,241,United States of America,,,,,,,17.0,Right Wing,87:33,,Substitution - On (Tactical),Final Whistle
3857282,1839,United States,24243,Brenden Aaronson,,11,241,United States of America,,,,,,,13.0,Right Center Midfield,65:12,,Substitution - On (Tactical),Final Whistle
3857282,1839,United States,33274,Luca de la Torre,,14,241,United States of America,,,,,,,,,,,,
3857282,1839,United States,34339,Giovanni Reyna,,7,241,United States of America,,,,,,,,,,,,
3857282,1839,United States,36830,Joseph Scally,Joe Scally,26,241,United States of America,,,,,,,,,,,,
3857282,1839,United States,38792,Yunus Dimoara Musah,,6,241,United States of America,,,,,,,15.0,Left Center Midfield,00:00,74:15,Starting XI,Substitution - Off (Injury)
3857283,782,Belgium,2954,Youri Tielemans,,8,22,Belgium,,,,,,,9.0,Right Defensive Midfield,59:40,,Substitution - On (Tactical),Final Whistle
3857283,782,Belgium,3077,Jan Vertonghen,,5,22,Belgium,,,,,,,5.0,Left Center Back,00:00,81:15,Starting XI,Tactical Shift
3857283,782,Belgium,3089,Kevin De Bruyne,,7,22,Belgium,,,,,,,17.0,Right Wing,00:00,62:22,Starting XI,Tactical Shift
3857283,782,Belgium,3176,Thomas Meunier,,15,22,Belgium,,,,,,,2.0,Right Back,00:00,80:42,Starting XI,Substitution - Off (Tactical)
3857283,782,Belgium,3289,Romelu Lukaku Menama,Romelu Lukaku,9,22,Belgium,,,,,,,2.0,Right Back,80:42,81:15,Substitution - On (Tactical),Tactical Shift
3857283,782,Belgium,3457,Michy Batshuayi Tunga,Michy Batshuayi,23,22,Belgium,,,,,,,23.0,Center Forward,00:00,74:01,Starting XI,Substitution - Off (Tactical)
3857283,782,Belgium,3509,Thibaut Courtois,,1,22,Belgium,,,,,,,1.0,Goalkeeper,00:00,,Starting XI,Final Whistle
3857283,782,Belgium,3539,Simon Mignolet,,12,22,Belgium,,,,,,,,,,,,
3857283,782,Belgium,3621,Eden Hazard,,10,22,Belgium,,,,,,,19.0,Center Attacking Midfield,00:00,59:39,Starting XI,Substitution - Off (Tactical)
3857283,782,Belgium,5630,Dries Mertens,,14,22,Belgium,,,,,,,19.0,Center Attacking Midfield,59:39,62:22,Substitution - On (Tactical),Tactical Shift
3857283,782,Belgium,5632,Thorgan Hazard,,16,22,Belgium,,,,,,,21.0,Left Wing,00:00,74:03,Starting XI,Substitution - Off (Tactical)
3857283,782,Belgium,5633,Yannick Ferreira Carrasco,Yannick Carrasco,11,22,Belgium,,,,,,,,,,,,
3857283,782,Belgium,5642,Axel Witsel,,6,22,Belgium,,,,,,,11.0,Left Defensive Midfield,00:00,81:15,Starting XI,Tactical Shift
3857283,782,Belgium,6331,Leander Dendoncker,,19,22,Belgium,,,,,,,,,,,,
3857283,782,Belgium,6989,Timothy Castagne,,21,22,Belgium,,,,,,,6.0,Left Back,00:00,81:15,Starting XI,Tactical Shift
3857283,782,Belgium,8240,Koen Casteels,,13,22,Belgium,,,,,,,,,,,,
3857283,782,Belgium,8854,Wout Faes,,4,22,Belgium,,,,,,,,,,,,
3857283,782,Belgium,16275,Ikoma Loïs Openda,Loïs Openda,24,22,Belgium,,,,,,,,,,,,
3857283,782,Belgium,16281,Hans Vanaken,,20,22,Belgium,,,,,,,,,,,,
3857283,782,Belgium,16559,Leandro Trossard,,17,22,Belgium,,,,,,,21.0,Left Wing,74:03,,Substitution - On (Tactical),Final Whistle
3857283,782,Belgium,20005,Toby Alderweireld,,2,22,Belgium,,,,,,,3.0,Right Center Back,00:00,,Starting XI,Final Whistle
3857283,782,Belgium,23650,Jeremy Doku,Jérémy Doku,25,22,Belgium,,,,,,,,,,,,
3857283,782,Belgium,32688,Charles De Ketelaere,,22,22,Belgium,,,,,,,23.0,Center Forward,74:01,81:15,Substitution - On (Tactical),Tactical Shift
3857283,782,Belgium,43913,Arthur Theate,,3,22,Belgium,,,,,,,,,,,,
3857283,782,Belgium,48347,Amadou Onana,,18,22,Belgium,,,,,,,9.0,Right Defensive Midfield,00:00,59:40,Starting XI,Substitution - Off (Tactical)
3857283,782,Belgium,114832,Zeno Debast,,26,22,Belgium,,,,,,,,,,,,
3857283,788,Morocco,3625,Sofiane Boufal,,17,154,Morocco,,,,,,,21.0,Left Wing,00:00,71:38,Starting XI,Substitution - Off (Tactical)
3857283,788,Morocco,3634,Abdelhamid Sabiri,,11,154,Morocco,,,,,,,2.0,Right Back,66:38,78:07,Substitution - On (Tactical),Tactical Shift
3857283,788,Morocco,5219,Romain Saïss,,6,154,Morocco,,,,,,,5.0,Left Center Back,00:00,78:07,Starting XI,Tactical Shift
3857283,788,Morocco,5233,Munir Mohand Mohamedi,Munir,12,154,Morocco,,,,,,,1.0,Goalkeeper,00:00,,Starting XI,Final Whistle
3857283,788,Morocco,5234,Sofyan Amrabat,,4,154,Morocco,,,,,,,10.0,Center Defensive Midfield,00:00,78:07,Starting XI,Tactical Shift
3857283,788,Morocco,5237,Hakim Ziyech,,7,154,Morocco,,,,,,,17.0,Right Wing,00:00,,Starting XI,Final Whistle
3857283,788,Morocco,5245,Achraf Hakimi Mouh,Achraf Hakimi,2,154,Morocco,,,,,,,2.0,Right Back,00:00,66:38,Starting XI,Substitution - Off (Tactical)
3857283,788,Morocco,6301,Youssef En-Nesyri,,19,154,Morocco,,,,,,,23.0,Center Forward,00:00,71:40,Starting XI,Substitution - Off (Tactical)
3857283,788,Morocco,6785,Yassine Bounou,,1,154,Morocco,,,,,,,,,,,,
3857283,788,Morocco,7459,Jawad El Yamiq,,18,154,Morocco,,,,,,,15.0,Left Center Midfield,77:37,78:07,Substitution - On (Tactical),Tactical Shift
3857283,788,Morocco,12149,Nayef Aguerd,,5,154,Morocco,,,,,,,3.0,Right Center Back,00:00,78:07,Starting XI,Tactical Shift
3857283,788,Morocco,15890,Noussair Mazraoui,,3,154,Morocco,,,,,,,6.0,Left Back,00:00,78:07,Starting XI,Tactical Shift
3857283,788,Morocco,21214,Ilias Chair,,13,154,Morocco,,,,,,,,,,,,
3857283,788,Morocco,21736,Zakaria Aboukhlal,,14,154,Morocco,,,,,,,21.0,Left Wing,71:38,,Substitution - On (Tactical),Final Whistle
3857283,788,Morocco,23774,Selim Amallah,,15,154,Morocco,,,,,,,13.0,Right Center Midfield,00:00,66:36,Starting XI,Substitution - Off (Tactical)
3857283,788,Morocco,31295,Yahia Attiyat allah,,25,154,Morocco,,,,,,,13.0,Right Center Midfield,66:36,78:07,Substitution - On (Tactical),Tactical Shift
3857283,788,Morocco,46258,Azzedine Ounahi,,8,154,Morocco,,,,,,,15.0,Left Center Midfield,00:00,77:37,Starting XI,Substitution - Off (Tactical)
3857283,788,Morocco,59493,Abderrazak Hamdallah,,9,154,Morocco,,,,,,,23.0,Center Forward,71:40,,Substitution - On (Tactical),Final Whistle
3857283,788,Morocco,67700,Badr Banoun,,24,154,Morocco,,,,,,,,,,,,
3857283,788,Morocco,102668,Yahya Jabrane,,26,154,Morocco,,,,,,,,,,,,
3857283,788,Morocco,131037,Anass Zaroury,,10,154,Morocco,,,,,,,,,,,,
3857283,788,Morocco,139011,Ahmed Reda Tagnaouti,,22,154,Morocco,,,,,,,,,,,,
3857283,788,Morocco,139016,Achraf Dari,,20,154,Morocco,,,,,,,,,,,,
3857283,788,Morocco,149714,Abdessamad Ezzalzouli,Abde Ezzalzouli,16,154,Morocco,,,,,,,,,,,,
3857283,788,Morocco,156734,Bilal El Khannous,,23,154,Morocco,,,,,,,,,,,,
3857283,788,Morocco,296254,Walid Cheddira,,21,154,Morocco,,,,,,,,,,,,
3857284,770,Germany,3053,Leroy Sané,,19,85,Germany,,,,,,,,,,,,
3857284,770,Germany,3167,Antonio Rüdiger,,2,85,Germany,,,,,,,3.0,Right Center Back,00:00,,Starting XI,Final Whistle
3857284,770,Germany,4440,Kevin Trapp,,12,85,Germany,,,,,,,,,,,,
3857284,770,Germany,5555,Julian Brandt,,17,85,Germany,,,,,,,,,,,,
3857284,770,Germany,5562,Thomas Müller,,13,85,Germany,,,,,,,19.0,Center Attacking Midfield,00:00,66:37,Starting XI,Substitution - Off (Tactical)
3857284,770,Germany,5570,Manuel Neuer,,1,85,Germany,,,,,,,1.0,Goalkeeper,00:00,,Starting XI,Final Whistle
3857284,770,Germany,5579,Joshua Kimmich,,6,85,Germany,,,,,,,9.0,Right Defensive Midfield,00:00,,Starting XI,Final Whistle
3857284,770,Germany,6322,Niklas Süle,,15,85,Germany,,,,,,,2.0,Right Back,00:00,,Starting XI,Final Whistle
3857284,770,Germany,6324,Leon Goretzka,,8,85,Germany,,,,,,,11.0,Left Defensive Midfield,67:05,,Substitution - On (Tactical),Final Whistle
3857284,770,Germany,8227,Mario Götze,,11,85,Germany,,,,,,,19.0,Center Attacking Midfield,78:13,89:09,Substitution - On (Tactical),Tactical Shift
3857284,770,Germany,8400,Serge Gnabry,,10,85,Germany,,,,,,,17.0,Right Wing,00:00,67:18,Starting XI,Tactical Shift
3857284,770,Germany,8507,Lukas Klostermann,,16,85,Germany,,,,,,,,,,,,
3857284,770,Germany,8511,Thilo Kehrer,,5,85,Germany,,,,,,,,,,,,
3857284,770,Germany,8546,Niclas Füllkrug,,9,85,Germany,,,,,,,23.0,Center Forward,78:14,89:09,Substitution - On (Tactical),Tactical Shift
3857284,770,Germany,8804,Jonas Hofmann,,18,85,Germany,,,,,,,19.0,Center Attacking Midfield,66:37,67:18,Substitution - On (Tactical),Tactical Shift
3857284,770,Germany,8808,Matthias Ginter,,4,85,Germany,,,,,,,,,,,,
3857284,770,Germany,8945,Christian Günter,,20,85,Germany,,,,,,,,,,,,
3857284,770,Germany,8966,Kai Havertz,,7,85,Germany,,,,,,,23.0,Center Forward,00:00,78:14,Starting XI,Substitution - Off (Tactical)
3857284,770,Germany,10287,İlkay Gündoğan,,21,85,Germany,,,,,,,11.0,Left Defensive Midfield,00:00,67:05,Starting XI,Substitution - Off (Tactical)
3857284,770,Germany,12034,David Raum,,3,85,Germany,,,,,,,6.0,Left Back,00:00,,Starting XI,Final Whistle
3857284,770,Germany,20055,Marc-André ter Stegen,Marc-André ter Stegen,22,85,Germany,,,,,,,,,,,,
3857284,770,Germany,24118,Nico Schlotterbeck,,23,85,Germany,,,,,,,5.0,Left Center Back,00:00,,Starting XI,Final Whistle
3857284,770,Germany,24916,Armel Bella-Kotchap,,25,85,Germany,,,,,,,,,,,,
3857284,770,Germany,35609,Karim-David Adeyemi,,24,85,Germany,,,,,,,,,,,,
3857284,770,Germany,38837,Youssoufa Moukoko,,26,85,Germany,,,,,,,21.0,Left Wing,89:01,89:09,Substitution - On (Tactical),Tactical Shift
3857284,770,Germany,39565,Jamal Musiala,,14,85,Germany,,,,,,,21.0,Left Wing,00:00,67:18,Starting XI,Tactical Shift
3857284,778,Japan,3175,Eiji Kawashima,,1,114,Japan,,,,,,,,,,,,
3857284,778,Japan,3300,Maya Yoshida,,22,114,Japan,,,,,,,5.0,Left Center Back,00:00,45:00,Starting XI,Tactical Shift
3857284,778,Japan,3530,Hiroki Sakai,,19,114,Japan,,,,,,,2.0,Right Back,00:00,45:00,Starting XI,Tactical Shift
3857284,778,Japan,5690,Yuto Nagatomo,,5,114,Japan,,,,,,,6.0,Left Back,00:00,45:00,Starting XI,Tactical Shift
3857284,778,Japan,5693,Gaku Shibasaki,,7,114,Japan,,,,,,,,,,,,
3857284,778,Japan,8361,Ritsu Doan,,8,114,Japan,,,,,,,11.0,Left Defensive Midfield,70:38,73:55,Substitution - On (Tactical),Tactical Shift
3857284,778,Japan,8776,Takumi Minamino,,10,114,Japan,,,,,,,7.0,Right Wing Back,73:53,73:55,Substitution - On (Injury),Tactical Shift
3857284,778,Japan,8949,Takuma Asano,,18,114,Japan,,,,,,,23.0,Center Forward,56:39,,Substitution - On (Tactical),Final Whistle
3857284,778,Japan,9411,Daichi Kamada,,15,114,Japan,,,,,,,19.0,Center Attacking Midfield,00:00,45:00,Starting XI,Tactical Shift
3857284,778,Japan,23527,Junya Ito,,14,114,Japan,,,,,,,17.0,Right Wing,00:00,73:55,Starting XI,Tactical Shift
3857284,778,Japan,23721,Wataru Endo,,6,114,Japan,,,,,,,9.0,Right Defensive Midfield,00:00,,Starting XI,Final Whistle
3857284,778,Japan,23730,Takehiro Tomiyasu,,16,114,Japan,,,,,,,5.0,Left Center Back,45:00,45:00,Tactical Shift,Substitution - On (Tactical)
3857284,778,Japan,25719,Shūichi Gonda,,12,114,Japan,,,,,,,1.0,Goalkeeper,00:00,,Starting XI,Final Whistle
3857284,778,Japan,29366,Daniel Schmidt,,23,114,Japan,,,,,,,,,,,,
3857284,778,Japan,29595,Ko Itakura,,4,114,Japan,,,,,,,3.0,Right Center Back,00:00,,Starting XI,Final Whistle
3857284,778,Japan,30628,Daizen Maeda,,25,114,Japan,,,,,,,23.0,Center Forward,00:00,56:39,Starting XI,Substitution - Off (Tactical)
3857284,778,Japan,31090,Takefusa Kubo,,11,114,Japan,,,,,,,21.0,Left Wing,00:00,45:00,Starting XI,Substitution - Off (Tactical)
3857284,778,Japan,37122,Yuki Soma,,24,114,Japan,,,,,,,,,,,,
3857284,778,Japan,37208,Ao Tanaka,,17,114,Japan,,,,,,,11.0,Left Defensive Midfield,00:00,70:38,Starting XI,Substitution - Off (Tactical)
3857284,778,Japan,37209,Miki Yamane,,2,114,Japan,,,,,,,,,,,,
3857284,778,Japan,37211,Kaoru Mitoma,,9,114,Japan,,,,,,,8.0,Left Wing Back,56:33,,Substitution - On (Tactical),Final Whistle
3857284,778,Japan,37215,Shogo Taniguchi,,3,114,Japan,,,,,,,,,,,,
3857284,778,Japan,37221,Hidemasa Morita,,13,114,Japan,,,,,,,,,,,,
3857284,778,Japan,38285,Ayase Ueda,,21,114,Japan,,,,,,,,,,,,
3857284,778,Japan,95272,Hiroki Ito,,26,114,Japan,,,,,,,,,,,,
3857284,778,Japan,100436,Shuto Machino,,20,114,Japan,,,,,,,,,,,,
3857285,787,Senegal,2941,Ismaïla Sarr,,18,202,Senegal,,,,,,,21.0,Left Wing,00:00,,Starting XI,Final Whistle
3857285,787,Senegal,3404,Youssouf Sabaly,,21,202,Senegal,,,,,,,2.0,Right Back,00:00,,Starting XI,Final Whistle
3857285,787,Senegal,3436,Idrissa Gana Gueye,Idrissa Gueye,5,202,Senegal,,,,,,,19.0,Center Attacking Midfield,00:00,65:31,Starting XI,Tactical Shift
3857285,787,Senegal,3675,Fodé Ballo Touré,,12,202,Senegal,,,,,,,,,,,,
3857285,787,Senegal,3684,Cheikhou Kouyaté,,8,202,Senegal,,,,,,,9.0,Right Defensive Midfield,00:00,65:31,Starting XI,Tactical Shift
3857285,787,Senegal,4506,Nampalys Mendy,,6,202,Senegal,,,,,,,11.0,Left Defensive Midfield,00:00,65:31,Starting XI,Tactical Shift
3857285,787,Senegal,5675,Kalidou Koulibaly,,3,202,Senegal,,,,,,,3.0,Right Center Back,00:00,,Starting XI,Final Whistle
3857285,787,Senegal,7379,Edouard Mendy,,16,202,Senegal,,,,,,,1.0,Goalkeeper,00:00,,Starting XI,Final Whistle
3857285,787,Senegal,8553,Abdou Diallo,,22,202,Senegal,,,,,,,6.0,Left Back,00:00,61:25,Starting XI,Substitution - Off (Injury)
3857285,787,Senegal,8870,Alfred Benjamin Gomis,Alfred Gomis,23,202,Senegal,,,,,,,,,,,,
3857285,787,Senegal,10603,Mamadou Loum N'Diaye,Mamadou N'Diaye,25,202,Senegal,,,,,,,,,,,,
3857285,787,Senegal,13314,Famara Diedhiou,Famara Diédhiou,19,202,Senegal,,,,,,,,,,,,
3857285,787,Senegal,15970,Pape Abou Cissé,,4,202,Senegal,,,,,,,5.0,Left Center Back,00:00,,Starting XI,Final Whistle
3857285,787,Senegal,17456,Timothy Dieng,Seny Dieng,1,202,Senegal,,,,,,,,,,,,
3857285,787,Senegal,20611,Boulaye Dia,,9,202,Senegal,,,,,,,23.0,Center Forward,00:00,68:11,Starting XI,Substitution - Off (Tactical)
3857285,787,Senegal,20758,Krépin Diatta,Krépin Diatta,15,202,Senegal,,,,,,,17.0,Right Wing,00:00,73:12,Starting XI,Substitution - Off (Tactical)
3857285,787,Senegal,21026,Pape Gueye,,26,202,Senegal,,,,,,,13.0,Right Center Midfield,73:11,,Substitution - On (Injury),Final Whistle
3857285,787,Senegal,31751,Pathé Ismaël Ciss,,11,202,Senegal,,,,,,,,,,,,
3857285,787,Senegal,32915,Ismail Jakobs,,14,202,Senegal,,,,,,,6.0,Left Back,61:25,,Substitution - On (Injury),Final Whistle
3857285,787,Senegal,34893,Moustapha Name,,24,202,Senegal,,,,,,,,,,,,
3857285,787,Senegal,39595,Formose Mendy,,2,202,Senegal,,,,,,,,,,,,
3857285,787,Senegal,50497,Nicolas Jackson,,7,202,Senegal,,,,,,,17.0,Right Wing,73:12,,Substitution - On (Tactical),Final Whistle
3857285,787,Senegal,50498,Pape Matar Sarr,Pape Sarr,17,202,Senegal,,,,,,,,,,,,
3857285,787,Senegal,80484,Iliman Ndiaye,,13,202,Senegal,,,,,,,,,,,,
3857285,787,Senegal,88123,Cheikh Ahmadou Bamba Mbacke Dieng,Bamba Dieng,20,202,Senegal,,,,,,,23.0,Center Forward,68:11,,Substitution - On (Tactical),Final Whistle
3857285,787,Senegal,312414,Moussa N''Diaye,,10,202,Senegal,,,,,,,,,,,,
3857285,941,Netherlands,2988,Memphis Depay,,10,160,Netherlands,,,,,,,22.0,Right Center Forward,61:23,61:50,Substitution - On (Tactical),Tactical Shift
3857285,941,Netherlands,3264,Vincent Janssen,,18,160,Netherlands,,,,,,,22.0,Right Center Forward,00:00,61:23,Starting XI,Substitution - Off (Tactical)
3857285,941,Netherlands,3306,Nathan Aké,,5,160,Netherlands,,,,,,,5.0,Left Center Back,00:00,,Starting XI,Final Whistle
3857285,941,Netherlands,3311,Daley Blind,,17,160,Netherlands,,,,,,,8.0,Left Wing Back,00:00,,Starting XI,Final Whistle
3857285,941,Netherlands,3669,Virgil van Dijk,,4,160,Netherlands,,,,,,,4.0,Center Back,00:00,,Starting XI,Final Whistle
3857285,941,Netherlands,4318,Davy Klaassen,,14,160,Netherlands,,,,,,,22.0,Right Center Forward,78:05,78:14,Substitution - On (Tactical),Tactical Shift
3857285,941,Netherlands,6994,Marten de Roon,,15,160,Netherlands,,,,,,,22.0,Right Center Forward,93:35,93:40,Substitution - On (Tactical),Tactical Shift
3857285,941,Netherlands,7745,Steven Berghuis,,11,160,Netherlands,,,,,,,9.0,Right Defensive Midfield,00:00,78:14,Starting XI,Substitution - Off (Tactical)
3857285,941,Netherlands,7787,Stefan de Vrij,,6,160,Netherlands,,,,,,,,,,,,
3857285,941,Netherlands,7829,Wout Weghorst,,19,160,Netherlands,,,,,,,,,,,,
3857285,941,Netherlands,7838,Remko Pasveer,,1,160,Netherlands,,,,,,,,,,,,
3857285,941,Netherlands,7891,Teun Koopmeiners,,20,160,Netherlands,,,,,,,9.0,Right Defensive Midfield,78:14,93:40,Tactical Shift,Tactical Shift
3857285,941,Netherlands,8069,Matthijs de Ligt,,3,160,Netherlands,,,,,,,3.0,Right Center Back,00:00,,Starting XI,Final Whistle
3857285,941,Netherlands,8118,Frenkie de Jong,,21,160,Netherlands,,,,,,,11.0,Left Defensive Midfield,00:00,,Starting XI,Final Whistle
3857285,941,Netherlands,8124,Tyrell Malacia,,16,160,Netherlands,,,,,,,,,,,,
3857285,941,Netherlands,8125,Denzel Dumfries,,22,160,Netherlands,,,,,,,7.0,Right Wing Back,00:00,,Starting XI,Final Whistle
3857285,941,Netherlands,8259,Steven Bergwijn,,7,160,Netherlands,,,,,,,24.0,Left Center Forward,00:00,61:50,Starting XI,Tactical Shift
3857285,941,Netherlands,8326,Andries Noppert,,23,160,Netherlands,,,,,,,1.0,Goalkeeper,00:00,,Starting XI,Final Whistle
3857285,941,Netherlands,16185,Justin Bijlow,,13,160,Netherlands,,,,,,,,,,,,
3857285,941,Netherlands,20033,Luuk de Jong,,9,160,Netherlands,,,,,,,,,,,,
3857285,941,Netherlands,20750,Cody Mathès Gakpo,Cody Gakpo,8,160,Netherlands,,,,,,,19.0,Center Attacking Midfield,00:00,78:14,Starting XI,Tactical Shift
3857285,941,Netherlands,21547,Noa Lang,,12,160,Netherlands,,,,,,,,,,,,
3857285,941,Netherlands,21809,Jurriën David Norman Timber,Jurriën Timber,2,160,Netherlands,,,,,,,,,,,,
3857285,941,Netherlands,21879,Kenneth Taylor,,24,160,Netherlands,,,,,,,,,,,,
3857285,941,Netherlands,32712,Jeremie Frimpong,,26,160,Netherlands,,,,,,,,,,,,
3857285,941,Netherlands,39167,Xavi Simons,,25,160,Netherlands,,,,,,,,,,,,
3857286,3565,Ecuador,12583,Carlos Armando Gruezo Arboleda,Carlos Gruezo,8,65,Ecuador,,,,,,,,,,,,
3857286,3565,Ecuador,12803,Romario Andrés Ibarra Mina,Romario Ibarra,10,65,Ecuador,,,,,,,16.0,Left Midfield,00:00,67:06,Starting XI,Substitution - Off (Tactical)
3857286,3565,Ecuador,15486,Diego José Palacios Espinoza,Diego Palacios,18,65,Ecuador,,,,,,,,,,,,
3857286,3565,Ecuador,23830,Jhegson Sebastián Méndez Carabalí,Jhegson Méndez,20,65,Ecuador,,,,,,,9.0,Right Defensive Midfield,00:00,,Starting XI,Final Whistle
3857286,3565,Ecuador,24085,Pervis Josué Estupiñán Tenorio,Pervis Estupiñán,7,65,Ecuador,,,,,,,6.0,Left Back,00:00,,Starting XI,Final Whistle
3857286,3565,Ecuador,25083,Xavier Ricardo Arreaga Bermello,Xavier Arreaga,14,65,Ecuador,,,,,,,,,,,,
3857286,3565,Ecuador,25352,Robert Abel Arboleda Escobar,Robert Arboleda,4,65,Ecuador,,,,,,,,,,,,
3857286,3565,Ecuador,28511,Ángel Israel Mena Delgado,Ángel Mena,15,65,Ecuador,,,,,,,,,,,,
3857286,3565,Ecuador,28559,Enner Remberto Valencia Lastra,Enner Valencia,13,65,Ecuador,,,,,,,22.0,Right Center Forward,00:00,43:41,Starting XI,Player Off
3857286,3565,Ecuador,30111,Felix Eduardo Torres Caicedo,Félix Torres,2,65,Ecuador,,,,,,,3.0,Right Center Back,00:00,,Starting XI,Final Whistle
3857286,3565,Ecuador,31152,Gonzalo Jordy Plata Jiménez,Gonzalo Plata,19,65,Ecuador,,,,,,,12.0,Right Midfield,00:00,76:50,Starting XI,Tactical Shift
3857286,3565,Ecuador,32677,Alexander Domínguez Carabalí,Alexander Domínguez,22,65,Ecuador,,,,,,,,,,,,
3857286,3565,Ecuador,34194,Eduar Ayrton Preciado García,Ayrton Preciado,9,65,Ecuador,,,,,,,,,,,,
3857286,3565,Ecuador,34396,Michael Steveen Estrada Martínez,Michael Estrada,11,65,Ecuador,,,,,,,24.0,Left Center Forward,00:00,76:50,Starting XI,Tactical Shift
3857286,3565,Ecuador,36148,José Adoni Cifuentes Charcopa,José Cifuentes,5,65,Ecuador,,,,,,,22.0,Right Center Forward,75:57,76:50,Substitution - On (Injury),Tactical Shift
3857286,3565,Ecuador,37522,Hernán Ismael Galíndez,Hernán Galíndez,1,65,Ecuador,,,,,,,1.0,Goalkeeper,00:00,,Starting XI,Final Whistle
3857286,3565,Ecuador,37726,Moisés Isaac Caicedo Corozo,Moisés Caicedo,23,65,Ecuador,,,,,,,11.0,Left Defensive Midfield,00:00,89:54,Starting XI,Substitution - Off (Tactical)
3857286,3565,Ecuador,37737,Angelo Smit Preciado Quiñónez,Angelo Preciado,17,65,Ecuador,,,,,,,2.0,Right Back,00:00,60:57,Starting XI,Player Off
3857286,3565,Ecuador,37742,Wellington Moisés Ramírez Preciado,Moisés Ramírez,12,65,Ecuador,,,,,,,,,,,,
3857286,3565,Ecuador,37945,Alan Steven Franco Palma,Alan Franco,21,65,Ecuador,,,,,,,11.0,Left Defensive Midfield,89:54,,Substitution - On (Tactical),Final Whistle
3857286,3565,Ecuador,38004,Piero Martín Hincapié Reyna,Piero Hincapié,3,65,Ecuador,,,,,,,5.0,Left Center Back,00:00,,Starting XI,Final Whistle
3857286,3565,Ecuador,40211,Jeremy Leonel Sarmiento Morante,Jeremy Sarmiento,16,65,Ecuador,,,,,,,16.0,Left Midfield,67:06,76:50,Substitution - On (Tactical),Tactical Shift
3857286,3565,Ecuador,41593,Willian Joel Pacho Tenorio,Willian Pacho,6,65,Ecuador,,,,,,,,,,,,
3857286,3565,Ecuador,51969,Jackson Gabriel Porozo Vernaza,Jackson Porozo,25,65,Ecuador,,,,,,,,,,,,
3857286,3565,Ecuador,91090,Djorkaeff Neicer Reasco González,,24,65,Ecuador,,,,,,,,,,,,
3857286,3565,Ecuador,348757,Kevin José Rodríguez Cortez,Kevin Rodríguez,26,65,Ecuador,,,,,,,23.0,Center Forward,89:10,,Substitution - On (Tactical),Final Whistle
3857286,3566,Qatar,40784,Akram Hassan Afif,Akram Afif,11,185,Qatar,,,,,,,24.0,Left Center Forward,00:00,,Starting XI,Final Whistle
3857286,3566,Qatar,124488,Hassan Khalid Al Heidos,Hassan Al Heidos,10,185,Qatar,,,,,,,13.0,Right Center Midfield,00:00,71:01,Starting XI,Substitution - Off (Tactical)
3857286,3566,Qatar,124490,Ahmed Alaa Eldin Abdelmotaal,Ahmed Alaa Eldin,7,185,Qatar,,,,,,,,,,,,
3857286,3566,Qatar,124492,Karim Boudiaf,,12,185,Qatar,,,,,,,10.0,Center Defensive Midfield,00:00,,Starting XI,Final Whistle
3857286,3566,Qatar,124493,Boualem Khoukhi,,16,185,Qatar,,,,,,,4.0,Center Back,00:00,,Starting XI,Final Whistle
3857286,3566,Qatar,124494,Abdelkarim Hassan Al Haj Fadlalla,Abdelkarim Hassan,3,185,Qatar,,,,,,,5.0,Left Center Back,00:00,,Starting XI,Final Whistle
3857286,3566,Qatar,124495,Almoez Ali Zainalabiddin Abdulla,Almoez Ali,19,185,Qatar,,,,,,,22.0,Right Center Forward,00:00,71:10,Starting XI,Substitution - Off (Tactical)
3857286,3566,Qatar,124496,Saad Abdullah Al Sheeb,Saad Al Sheeb,1,185,Qatar,,,,,,,1.0,Goalkeeper,00:00,,Starting XI,Final Whistle
3857286,3566,Qatar,124500,Assim Omer Al Haj Madibo,Assim Madibo,23,185,Qatar,,,,,,,,,,,,
3857286,3566,Qatar,124503,Bassam Hisham Al Rawi,Bassam Hisham,15,185,Qatar,,,,,,,3.0,Right Center Back,00:00,,Starting XI,Final Whistle
3857286,3566,Qatar,124504,Tarek Salman Salman,Tarek Salman,5,185,Qatar,,,,,,,,,,,,
3857286,3566,Qatar,124506,Pedro Miguel Correia,,2,185,Qatar,,,,,,,7.0,Right Wing Back,00:00,,Starting XI,Final Whistle
3857286,3566,Qatar,124510,Meshaal Aissa Barsham,Meshaal Barsham,22,185,Qatar,,,,,,,,,,,,
3857286,3566,Qatar,124512,Mosaab Khoder Jibril,Mosaab Khoder,13,185,Qatar,,,,,,,,,,,,
3857286,3566,Qatar,124514,Abdulaziz Hatem Mohammed Abdullah,Abdulaziz Hatem,6,185,Qatar,,,,,,,15.0,Left Center Midfield,00:00,71:35,Starting XI,Tactical Shift
3857286,3566,Qatar,124526,Salem Ali Al Hajri,Salem Al Hajri,20,185,Qatar,,,,,,,,,,,,
3857286,3566,Qatar,124899,Ismaeel Mohammad Mohammad,Ismaeel Mohammad,17,185,Qatar,,,,,,,,,,,,
3857286,3566,Qatar,124900,Homam Alamin Ahmed,Homam Ahmed,14,185,Qatar,,,,,,,8.0,Left Wing Back,00:00,,Starting XI,Final Whistle
3857286,3566,Qatar,124901,Mohammed Muntari,,9,185,Qatar,,,,,,,22.0,Right Center Forward,71:10,,Substitution - On (Tactical),Final Whistle
3857286,3566,Qatar,124909,Mohammed Waed Abdulwahhab Al Bayati,Mohammed Al Bayati,4,185,Qatar,,,,,,,13.0,Right Center Midfield,71:01,71:35,Substitution - On (Tactical),Tactical Shift
3857286,3566,Qatar,126962,Jassem Gaber Abdulsallam,Jassem Abdulsallam,25,185,Qatar,,,,,,,,,,,,
3857286,3566,Qatar,130272,Yousef Hassan Mohamed Ali,Yousef Hassan,21,185,Qatar,,,,,,,,,,,,
3857286,3566,Qatar,146267,Khalid Muneer Mazeed,,18,185,Qatar,,,,,,,,,,,,
3857286,3566,Qatar,149463,Ali Assadalla Thaimn Qambar,Ali Assadalla,8,185,Qatar,,,,,,,,,,,,
3857286,3566,Qatar,150429,Mostafa Taerk Mashaal,Mostafa Mashaal,26,185,Qatar,,,,,,,,,,,,
3857286,3566,Qatar,157455,Naif Abdulraheem Al Hadhrami,Naif Al Hadhrami,24,185,Qatar,,,,,,,,,,,,
3857287,791,South Korea,3083,Heung-Min Son,Son Heung-Min,7,121,Korea (South),,,,,,,21.0,Left Wing,00:00,,Starting XI,Final Whistle
3857287,791,South Korea,3135,Chang-Hoon Kwon,Kwon Chang-Hoon,22,121,Korea (South),,,,,,,,,,,,
3857287,791,South Korea,5604,Young-Gwon Kim,Kim Young-Gwon,19,121,Korea (South),,,,,,,5.0,Left Center Back,00:00,,Starting XI,Final Whistle
3857287,791,South Korea,5618,Woo-Young Jung,Jung Woo-Young,5,121,Korea (South),,,,,,,11.0,Left Defensive Midfield,00:00,,Starting XI,Final Whistle
3857287,791,South Korea,5619,Hyeon-Woo Jo,,21,121,Korea (South),,,,,,,,,,,,
3857287,791,South Korea,5620,Hee-Chan Hwang,Hwang Hee-Chan,11,121,Korea (South),,,,,,,,,,,,
3857287,791,South Korea,5623,Jae-Sung Lee,Lee Jae-Sung,10,121,Korea (South),,,,,,,19.0,Center Attacking Midfield,00:00,73:38,Starting XI,Substitution - Off (Tactical)
3857287,791,South Korea,5986,Chul Hong,Hong Chul,14,121,Korea (South),,,,,,,,,,,,
3857287,791,South Korea,22067,Woo-Yeong Jeong,Jeong Woo-Yeong,25,121,Korea (South),,,,,,,,,,,,
3857287,791,South Korea,22740,Kang-In Lee,Lee Kang-In,18,121,Korea (South),,,,,,,17.0,Right Wing,74:03,,Substitution - On (Tactical),Final Whistle
3857287,791,South Korea,23264,Seung-Ho Paik,Paik Seung-Ho,8,121,Korea (South),,,,,,,,,,,,
3857287,791,South Korea,23763,In-Beom Hwang,Hwang In-Beom,6,121,Korea (South),,,,,,,9.0,Right Defensive Midfield,00:00,75:25,Starting XI,Tactical Shift
3857287,791,South Korea,29966,Ui-Jo Hwang,Hwang Ui-jo,16,121,Korea (South),,,,,,,23.0,Center Forward,00:00,73:34,Starting XI,Substitution - Off (Tactical)
3857287,791,South Korea,37641,Seung-Gyu Kim,Kim Seung-Gyu,1,121,Korea (South),,,,,,,1.0,Goalkeeper,00:00,,Starting XI,Final Whistle
3857287,791,South Korea,40538,Jin-Su Kim,Kim Jin-Su,3,121,Korea (South),,,,,,,6.0,Left Back,00:00,,Starting XI,Final Whistle
3857287,791,South Korea,40542,Gue-Sung Cho,Cho Kyu-Sung,9,121,Korea (South),,,,,,,23.0,Center Forward,73:34,,Substitution - On (Tactical),Final Whistle
3857287,791,South Korea,40550,Bum-Keun Song,Song Bum-Keun,12,121,Korea (South),,,,,,,,,,,,
3857287,791,South Korea,40558,Jun-Ho Son,Son Jun-Ho,13,121,Korea (South),,,,,,,19.0,Center Attacking Midfield,73:38,75:25,Substitution - On (Tactical),Tactical Shift
3857287,791,South Korea,40564,Kyung-Won Kwon,Kwon Kyung-Won,20,121,Korea (South),,,,,,,,,,,,
3857287,791,South Korea,40578,Tae-Hwan Kim,Kim Tae-Hwan,23,121,Korea (South),,,,,,,,,,,,
3857287,791,South Korea,40664,Min-Kyu Song,Song Min-Kyu,26,121,Korea (South),,,,,,,,,,,,
3857287,791,South Korea,40672,Moon-Hwan Kim,Kim Moon-Hwan,15,121,Korea (South),,,,,,,2.0,Right Back,00:00,,Starting XI,Final Whistle
3857287,791,South Korea,41495,Jong-Gyu Yoon,Yoon Jong-Gyu,2,121,Korea (South),,,,,,,,,,,,
3857287,791,South Korea,41711,Sang-Ho Na,Na Sangho,17,121,Korea (South),,,,,,,17.0,Right Wing,00:00,74:03,Starting XI,Substitution - Off (Tactical)
3857287,791,South Korea,43565,Min Jae Kim,Min Jae Kim,4,121,Korea (South),,,,,,,3.0,Right Center Back,00:00,64:29,Starting XI,Player Off
3857287,791,South Korea,99479,Yu-Min Cho,Cho Yu-Min,24,121,Korea (South),,,,,,,,,,,,
3857287,783,Uruguay,4319,Edinson Roberto Cavani Gómez,Edinson Cavani,21,242,Uruguay,,,,,,,23.0,Center Forward,63:36,63:49,Substitution - On (Tactical),Tactical Shift
3857287,783,Uruguay,5246,Luis Alberto Suárez Díaz,Luis Suárez,9,242,Uruguay,,,,,,,23.0,Center Forward,00:00,63:36,Starting XI,Substitution - Off (Tactical)
3857287,783,Uruguay,5248,José Martín Cáceres Silva,Martín Cáceres,22,242,Uruguay,,,,,,,2.0,Right Back,00:00,,Starting XI,Final Whistle
3857287,783,Uruguay,5249,Diego Roberto Godín Leal,Diego Godín,3,242,Uruguay,,,,,,,3.0,Right Center Back,00:00,,Starting XI,Final Whistle
3857287,783,Uruguay,5255,Matías Vecino Falero,Matías Vecino,5,242,Uruguay,,,,,,,15.0,Left Center Midfield,00:00,63:49,Starting XI,Tactical Shift
3857287,783,Uruguay,5258,Giorgian Daniel De Arrascaeta Benedetti,Giorgian De Arrascaeta,10,242,Uruguay,,,,,,,,,,,,
3857287,783,Uruguay,5259,José María Giménez de Vargas,José Giménez,2,242,Uruguay,,,,,,,5.0,Left Center Back,00:00,,Starting XI,Final Whistle
3857287,783,Uruguay,5260,Rodrigo Bentancur Colmán,Rodrigo Bentancur,6,242,Uruguay,,,,,,,10.0,Center Defensive Midfield,00:00,63:49,Starting XI,Tactical Shift
3857287,783,Uruguay,5264,Guillermo Varela Olivera,Guillermo Varela,13,242,Uruguay,,,,,,,12.0,Right Midfield,87:22,,Substitution - On (Tactical),Final Whistle
3857287,783,Uruguay,5266,Lucas Torreira Di Pascua,Lucas Torreira,14,242,Uruguay,,,,,,,,,,,,
3857287,783,Uruguay,5267,Néstor Fernando Muslera Micol,Fernando Muslera,1,242,Uruguay,,,,,,,,,,,,
3857287,783,Uruguay,6297,Maximiliano Gómez González,Maxi Gómez,18,242,Uruguay,,,,,,,,,,,,
3857287,783,Uruguay,6300,Sebastián Coates Nión,Sebastián Coates,19,242,Uruguay,,,,,,,,,,,,
3857287,783,Uruguay,6773,Federico Santiago Valverde Dipetta,Federico Valverde,15,242,Uruguay,,,,,,,13.0,Right Center Midfield,00:00,63:49,Starting XI,Tactical Shift
3857287,783,Uruguay,7104,Mathías Olivera Miramontes,Mathías Olivera,16,242,Uruguay,,,,,,,6.0,Left Back,00:00,78:17,Starting XI,Substitution - Off (Tactical)
3857287,783,Uruguay,26323,Carlos Sebastián Sosa Silva,Sebastián Sosa,12,242,Uruguay,,,,,,,,,,,,
3857287,783,Uruguay,28729,Diego Nicolás De La Cruz Arcosa,Nicolás De La Cruz,7,242,Uruguay,,,,,,,16.0,Left Midfield,77:50,,Substitution - On (Tactical),Final Whistle
3857287,783,Uruguay,32478,Darwin Gabriel Núñez Ribeiro,Darwin Núñez,11,242,Uruguay,,,,,,,21.0,Left Wing,00:00,63:49,Starting XI,Tactical Shift
3857287,783,Uruguay,33099,José Luis Rodríguez Bebanz,José Luis Rodríguez,26,242,Uruguay,,,,,,,,,,,,
3857287,783,Uruguay,34476,Matías Nicolás Viña Susperreguy,Matías Viña,17,242,Uruguay,,,,,,,6.0,Left Back,78:17,,Substitution - On (Tactical),Final Whistle
3857287,783,Uruguay,36288,Facundo Pellistri Rebollo,Facundo Pellistri,8,242,Uruguay,,,,,,,17.0,Right Wing,00:00,63:49,Starting XI,Tactical Shift
3857287,783,Uruguay,36659,Manuel Ugarte Ribeiro,Manuel Ugarte,25,242,Uruguay,,,,,,,,,,,,
3857287,783,Uruguay,36666,Agustín Canobbio Graviz,Agustín Canobbio,24,242,Uruguay,,,,,,,,,,,,
3857287,783,Uruguay,36710,Sergio Rochet Álvarez,Sergio Rochet,23,242,Uruguay,,,,,,,1.0,Goalkeeper,00:00,,Starting XI,Final Whistle
3857287,783,Uruguay,44649,Facundo Daniel Torres Pérez,Facundo Torres,20,242,Uruguay,,,,,,,,,,,,
3857288,777,Tunisia,3196,Wahbi Khazri,,10,232,Tunisia,,,,,,,15.0,Left Center Midfield,66:47,67:03,Substitution - On (Tactical),Tactical Shift
3857288,777,Tunisia,3557,Naïm Sliti,,23,232,Tunisia,,,,,,,18.0,Right Attacking Midfield,00:00,45:00,Starting XI,Tactical Shift
3857288,777,Tunisia,3767,Ellyes Joris Skhiri,,17,232,Tunisia,,,,,,,9.0,Right Defensive Midfield,00:00,45:00,Starting XI,Tactical Shift
3857288,777,Tunisia,5647,Ali Maâloul,,12,232,Tunisia,,,,,,,,,,,,
3857288,777,Tunisia,5650,Ferjani Sassi,,13,232,Tunisia,,,,,,,13.0,Right Center Midfield,45:00,45:00,Tactical Shift,Substitution - On (Tactical)
3857288,777,Tunisia,5651,Yassine Meriah,,4,232,Tunisia,,,,,,,4.0,Center Back,00:00,45:00,Starting XI,Tactical Shift
3857288,777,Tunisia,5653,Mouez Hassen,,26,232,Tunisia,,,,,,,,,,,,
3857288,777,Tunisia,5655,Dylan Daniel Mahmoud Bronn,,6,232,Tunisia,,,,,,,3.0,Right Center Back,00:00,45:00,Starting XI,Tactical Shift
3857288,777,Tunisia,6342,Aymen Mathlouthi,Balbouli,1,232,Tunisia,,,,,,,,,,,,
3857288,777,Tunisia,6347,Ghilane Chalali,,18,232,Tunisia,,,,,,,,,,,,
3857288,777,Tunisia,9236,Mohamed Dräger,,20,232,Tunisia,,,,,,,7.0,Right Wing Back,00:00,38:44,Starting XI,Player Off
3857288,777,Tunisia,16352,Issam Jebali,,9,232,Tunisia,,,,,,,23.0,Center Forward,00:00,72:43,Starting XI,Substitution - Off (Tactical)
3857288,777,Tunisia,23910,Youssef Msakni,,7,232,Tunisia,,,,,,,20.0,Left Attacking Midfield,00:00,45:00,Starting XI,Tactical Shift
3857288,777,Tunisia,25582,Nader Ghandri,,5,232,Tunisia,,,,,,,,,,,,
3857288,777,Tunisia,30681,Ali Abdi,,24,232,Tunisia,,,,,,,8.0,Left Wing Back,00:00,45:00,Starting XI,Tactical Shift
3857288,777,Tunisia,32450,Montassar Omar Talbi,,3,232,Tunisia,,,,,,,5.0,Left Center Back,00:00,,Starting XI,Final Whistle
3857288,777,Tunisia,35592,Anis Ben Slimane,Anis Slimane,25,232,Tunisia,,,,,,,,,,,,
3857288,777,Tunisia,44955,Aïssa Bilal Laïdouni,Aïssa Laïdouni,14,232,Tunisia,,,,,,,11.0,Left Defensive Midfield,00:00,45:00,Starting XI,Tactical Shift
3857288,777,Tunisia,50988,Hannibal Mejbri,,8,232,Tunisia,,,,,,,,,,,,
3857288,777,Tunisia,68749,Seifeddine Jaziri,,19,232,Tunisia,,,,,,,,,,,,
3857288,777,Tunisia,102816,Mohamed Ali Ben Romdhane,,15,232,Tunisia,,,,,,,,,,,,
3857288,777,Tunisia,105943,Aymen Dahmen,,16,232,Tunisia,,,,,,,1.0,Goalkeeper,00:00,,Starting XI,Final Whistle
3857288,777,Tunisia,105944,Wajdi Kechrida,,21,232,Tunisia,,,,,,,2.0,Right Back,72:43,,Substitution - On (Tactical),Final Whistle
3857288,777,Tunisia,128793,Taha Yassine Khenissi,,11,232,Tunisia,,,,,,,23.0,Center Forward,72:43,,Substitution - On (Tactical),Final Whistle
3857288,777,Tunisia,136296,Bechir Ben Said,,22,232,Tunisia,,,,,,,,,,,,
3857288,777,Tunisia,163049,Bilel Ifa,,2,232,Tunisia,,,,,,,,,,,,
3857288,792,Australia,3240,Mathew Ryan,Mat Ryan,1,14,Australia,,,,,,,1.0,Goalkeeper,00:00,,Starting XI,Final Whistle
3857288,792,Australia,3281,Aaron Mooy,,13,14,Australia,,,,,,,11.0,Left Defensive Midfield,00:00,,Starting XI,Final Whistle
3857288,792,Australia,5479,Aziz Eraltay Behich,Aziz Behich,16,14,Australia,,,,,,,6.0,Left Back,00:00,,Starting XI,Final Whistle
3857288,792,Australia,5481,Mathew Leckie,,7,14,Australia,,,,,,,12.0,Right Midfield,00:00,77:58,Starting XI,Player Off
3857288,792,Australia,5490,Jackson Irvine,,22,14,Australia,,,,,,,9.0,Right Defensive Midfield,00:00,,Starting XI,Final Whistle
3857288,792,Australia,8346,Craig Goodwin,,23,14,Australia,,,,,,,16.0,Left Midfield,00:00,84:32,Starting XI,Substitution - Off (Tactical)
3857288,792,Australia,8859,Ajdin Hrustic,,10,14,Australia,,,,,,,24.0,Left Center Forward,63:05,63:37,Substitution - On (Tactical),Tactical Shift
3857288,792,Australia,9430,Jason Cummings,,25,14,Australia,,,,,,,,,,,,
3857288,792,Australia,9980,Jamie MacLaren,Jamie Maclaren,9,14,Australia,,,,,,,22.0,Right Center Forward,63:01,63:37,Substitution - On (Tactical),Tactical Shift
3857288,792,Australia,15957,Miloš Degenek,,2,14,Australia,,,,,,,2.0,Right Back,74:49,,Substitution - On (Tactical),Final Whistle
3857288,792,Australia,16549,Danny Vuković,,18,14,Australia,,,,,,,,,,,,
3857288,792,Australia,22293,Harry Souttar,,19,14,Australia,,,,,,,3.0,Right Center Back,00:00,,Starting XI,Final Whistle
3857288,792,Australia,22371,Bailey Wright,,8,14,Australia,,,,,,,,,,,,
3857288,792,Australia,24475,Awer Denis Bul Mabil,,11,14,Australia,,,,,,,16.0,Left Midfield,84:32,,Substitution - On (Tactical),Final Whistle
3857288,792,Australia,28370,Fran Karačić,,5,14,Australia,,,,,,,2.0,Right Back,00:00,74:49,Starting XI,Substitution - Off (Tactical)
3857288,792,Australia,33446,Thomas Deng,,20,14,Australia,,,,,,,,,,,,
3857288,792,Australia,33465,Joel King,,24,14,Australia,,,,,,,,,,,,
3857288,792,Australia,33477,Riley McGree,,14,14,Australia,,,,,,,24.0,Left Center Forward,00:00,63:05,Starting XI,Substitution - Off (Tactical)
3857288,792,Australia,33488,Keanu Baccus,,26,14,Australia,,,,,,,12.0,Right Midfield,84:28,,Substitution - On (Tactical),Final Whistle
3857288,792,Australia,33492,Mitchell Thomas Duke,Mitchell Duke,15,14,Australia,,,,,,,22.0,Right Center Forward,00:00,63:01,Starting XI,Substitution - Off (Tactical)
3857288,792,Australia,33495,Kye Rowles,,4,14,Australia,,,,,,,5.0,Left Center Back,00:00,,Starting XI,Final Whistle
3857288,792,Australia,33502,Cameron Peter Devlin,,17,14,Australia,,,,,,,,,,,,
3857288,792,Australia,33564,Andrew Redmayne,,12,14,Australia,,,,,,,,,,,,
3857288,792,Australia,36158,Marco Tilio,,6,14,Australia,,,,,,,,,,,,
3857288,792,Australia,227697,Garang Kuol,,21,14,Australia,,,,,,,,,,,,
3857289,779,Argentina,2995,Ángel Fabián Di María Hernández,Ángel Di María,11,11,Argentina,,,,,,,12.0,Right Midfield,00:00,68:48,Starting XI,Substitution - Off (Tactical)
3857289,779,Argentina,3090,Nicolás Hernán Otamendi,Nicolás Otamendi,19,11,Argentina,,,,,,,3.0,Right Center Back,00:00,,Starting XI,Final Whistle
3857289,779,Argentina,5503,Lionel Andrés Messi Cuccittini,Lionel Messi,10,11,Argentina,,,,,,,22.0,Right Center Forward,00:00,,Starting XI,Final Whistle
3857289,779,Argentina,5507,Nicolás Alejandro Tagliafico,Nicolás Tagliafico,3,11,Argentina,,,,,,,,,,,,
3857289,779,Argentina,5743,Paulo Bruno Exequiel Dybala,Paulo Dybala,21,11,Argentina,,,,,,,,,,,,
3857289,779,Argentina,6312,Franco Armani,,1,11,Argentina,,,,,,,,,,,,
3857289,779,Argentina,6377,Ángel Martín Correa,Ángel Correa,15,11,Argentina,,,,,,,,,,,,
3857289,779,Argentina,6694,Gerónimo Rulli,Gero Rulli,12,11,Argentina,,,,,,,,,,,,
3857289,779,Argentina,6909,Damián Emiliano Martínez,Emiliano Martínez,23,11,Argentina,,,,,,,1.0,Goalkeeper,00:00,,Starting XI,Final Whistle
3857289,779,Argentina,7006,Alejandro Darío Gómez,Papu Gómez,17,11,Argentina,,,,,,,,,,,,
3857289,779,Argentina,7161,Germán Alejandro Pezzella,Germán Pezzella,6,11,Argentina,,,,,,,,,,,,
3857289,779,Argentina,7797,Rodrigo Javier De Paul,Rodrigo De Paul,7,11,Argentina,,,,,,,9.0,Right Defensive Midfield,00:00,69:02,Starting XI,Tactical Shift
3857289,779,Argentina,11456,Lautaro Javier Martínez,Lautaro Martínez,22,11,Argentina,,,,,,,24.0,Left Center Forward,00:00,62:26,Starting XI,Substitution - Off (Tactical)
3857289,779,Argentina,16308,Leandro Daniel Paredes,Leandro Paredes,5,11,Argentina,,,,,,,,,,,,
3857289,779,Argentina,19597,Marcos Javier Acuña,Marcos Acuña,8,11,Argentina,,,,,,,6.0,Left Back,00:00,69:02,Starting XI,Tactical Shift
3857289,779,Argentina,20572,Cristian Gabriel Romero,Cristian Romero,13,11,Argentina,,,,,,,12.0,Right Midfield,68:48,69:02,Substitution - On (Tactical),Tactical Shift
3857289,779,Argentina,21081,Juan Marcos Foyth,Juan Foyth,2,11,Argentina,,,,,,,,,,,,
3857289,779,Argentina,26404,Guido Rodríguez,,18,11,Argentina,,,,,,,11.0,Left Defensive Midfield,00:00,56:46,Starting XI,Substitution - Off (Tactical)
3857289,779,Argentina,27768,Lisandro Martínez,,25,11,Argentina,,,,,,,5.0,Left Center Back,00:00,,Starting XI,Final Whistle
3857289,779,Argentina,27886,Alexis Mac Allister,Alexis MacAllister,20,11,Argentina,,,,,,,16.0,Left Midfield,00:00,68:16,Starting XI,Substitution - Off (Tactical)
3857289,779,Argentina,28263,Gonzalo Ariel Montiel,Gonzalo Montiel,4,11,Argentina,,,,,,,2.0,Right Back,00:00,05:50,Starting XI,Player Off (Off Camera)
3857289,779,Argentina,28268,Exequiel Alejandro Palacios,Exequiel Palacios,14,11,Argentina,,,,,,,16.0,Left Midfield,68:16,69:02,Substitution - On (Tactical),Tactical Shift
3857289,779,Argentina,28637,Thiago Ezequiel Almada,Thiago Almada,16,11,Argentina,,,,,,,,,,,,
3857289,779,Argentina,29201,Nahuel Molina Lucero,Nahuel Molina,26,11,Argentina,,,,,,,2.0,Right Back,62:32,69:02,Substitution - On (Tactical),Tactical Shift
3857289,779,Argentina,29560,Julián Álvarez,,9,11,Argentina,,,,,,,24.0,Left Center Forward,62:26,,Substitution - On (Tactical),Final Whistle
3857289,779,Argentina,38718,Enzo Fernandez,,24,11,Argentina,,,,,,,11.0,Left Defensive Midfield,56:46,69:02,Substitution - On (Tactical),Tactical Shift
3857289,794,Mexico,5563,José Andrés Guardado Hernández,Andrés Guardado,18,147,Mexico,,,,,,,15.0,Left Center Midfield,00:00,40:52,Starting XI,Substitution - Off (Injury)
3857289,794,Mexico,5567,Edson Omar Álvarez Velázquez,Edson Álvarez,4,147,Mexico,,,,,,,,,,,,
3857289,794,Mexico,5568,Raúl Alonso Jiménez Rodríguez,Raúl Jiménez,9,147,Mexico,,,,,,,7.0,Right Wing Back,65:21,65:30,Substitution - On (Tactical),Tactical Shift
3857289,794,Mexico,5571,Hirving Rodrigo Lozano Bahena,Hirving Lozano,22,147,Mexico,,,,,,,22.0,Right Center Forward,00:00,45:00,Starting XI,Tactical Shift
3857289,794,Mexico,5573,Héctor Alfredo Moreno Herrera,Héctor Moreno,15,147,Mexico,,,,,,,5.0,Left Center Back,00:00,,Starting XI,Final Whistle
3857289,794,Mexico,5575,Héctor Miguel Herrera López,Héctor Herrera,16,147,Mexico,,,,,,,10.0,Center Defensive Midfield,00:00,65:30,Starting XI,Tactical Shift
3857289,794,Mexico,5576,Jesús Daniel Gallardo Vasconcelos,Jesús Gallardo,23,147,Mexico,,,,,,,8.0,Left Wing Back,00:00,65:30,Starting XI,Tactical Shift
3857289,794,Mexico,5577,Francisco Guillermo Ochoa Magaña,Guillermo Ochoa,13,147,Mexico,,,,,,,1.0,Goalkeeper,00:00,,Starting XI,Final Whistle
3857289,794,Mexico,11388,Néstor Alejandro Araújo Razo,Néstor Araujo,2,147,Mexico,,,,,,,3.0,Right Center Back,00:00,65:30,Starting XI,Tactical Shift
3857289,794,Mexico,15452,Carlos Uriel Antuna Romero,Uriel Antuna,21,147,Mexico,,,,,,,22.0,Right Center Forward,65:22,65:30,Substitution - On (Tactical),Tactical Shift
3857289,794,Mexico,15872,Érick Gabriel Gutiérrez Galaviz,Erick Gutiérrez,14,147,Mexico,,,,,,,15.0,Left Center Midfield,40:52,65:30,Substitution - On (Injury),Tactical Shift
3857289,794,Mexico,26280,Orbelín Pineda Alvarado,Orbelín Pineda,17,147,Mexico,,,,,,,,,,,,
3857289,794,Mexico,26297,Carlos Alberto Rodríguez Gómez,Carlos Alberto Rodríguez,8,147,Mexico,,,,,,,,,,,,
3857289,794,Mexico,26301,Ernesto Alexis Vega Rojas,Alexis Vega,10,147,Mexico,,,,,,,24.0,Left Center Forward,00:00,45:00,Starting XI,Tactical Shift
3857289,794,Mexico,26318,Rogelio Gabriel Funes Mori,Rogelio Funes Mori,11,147,Mexico,,,,,,,,,,,,
3857289,794,Mexico,26336,Johan Felipe Vásquez Ibarra,Johan Vásquez,5,147,Mexico,,,,,,,,,,,,
3857289,794,Mexico,26368,César Jasib Montes Castro,César Montes,3,147,Mexico,,,,,,,4.0,Center Back,00:00,65:30,Starting XI,Tactical Shift
3857289,794,Mexico,26375,Roberto Carlos Alvarado Hernández,Roberto Alvarado,25,147,Mexico,,,,,,,21.0,Left Wing,72:18,,Substitution - On (Tactical),Final Whistle
3857289,794,Mexico,26386,Luis Francisco Romo Barrón,Luis Romo,7,147,Mexico,,,,,,,,,,,,
3857289,794,Mexico,26389,Alfredo Talavera Díaz,Alfredo Talavera,1,147,Mexico,,,,,,,,,,,,
3857289,794,Mexico,26400,Henry Josué Martín Mex,Henry Martín,20,147,Mexico,,,,,,,,,,,,
3857289,794,Mexico,26406,Jorge Eduardo Sánchez Ramos,Jorge Sánchez,19,147,Mexico,,,,,,,,,,,,
3857289,794,Mexico,27896,Gerardo Daniel Arteaga Zamora,Gerardo Arteaga,6,147,Mexico,,,,,,,,,,,,
3857289,794,Mexico,28522,Rodolfo Cota Robles,Rodolfo Cota,12,147,Mexico,,,,,,,,,,,,
3857289,794,Mexico,28825,Luis Gerardo Chávez Magallón,Luis Chávez,24,147,Mexico,,,,,,,13.0,Right Center Midfield,00:00,65:30,Starting XI,Tactical Shift
3857289,794,Mexico,30500,Kevin Nahin Álvarez Campos,Kevin Álvarez,26,147,Mexico,,,,,,,7.0,Right Wing Back,00:00,65:21,Starting XI,Substitution - Off (Tactical)
3857290,2722,Cameroon,3141,André-Frank Zambo Anguissa,André Zambo Anguissa,8,39,Cameroon,,,,,,,13.0,Right Center Midfield,00:00,,Starting XI,Final Whistle
3857290,2722,Cameroon,3499,Jean-Eric Maxim Choupo-Moting,Eric Maxim Choupo-Moting,13,39,Cameroon,,,,,,,23.0,Center Forward,00:00,73:40,Starting XI,Substitution - Off (Tactical)
3857290,2722,Cameroon,3551,Karl Brillant Toko Ekambi,Karl Toko Ekambi,12,39,Cameroon,,,,,,,21.0,Left Wing,00:00,73:27,Starting XI,Substitution - Off (Tactical)
3857290,2722,Cameroon,3639,Georges-Kévin Nkoudou Mbida,Georges-Kevin N'Koudou,7,39,Cameroon,,,,,,,21.0,Left Wing,73:27,,Substitution - On (Tactical),Final Whistle
3857290,2722,Cameroon,4935,Bryan Mbeumo,,20,39,Cameroon,,,,,,,17.0,Right Wing,00:00,80:44,Starting XI,Substitution - Off (Tactical)
3857290,2722,Cameroon,7426,Jean-Charles Castelletto,,21,39,Cameroon,,,,,,,3.0,Right Center Back,00:00,,Starting XI,Final Whistle
3857290,2722,Cameroon,7472,Nicolas Alexis Julio N'Koulou Ndoubena,Nicolas N'Koulou,3,39,Cameroon,,,,,,,5.0,Left Center Back,00:00,,Starting XI,Final Whistle
3857290,2722,Cameroon,7551,Enzo Ebosse,,24,39,Cameroon,,,,,,,,,,,,
3857290,2722,Cameroon,8064,André Onana,,23,39,Cameroon,,,,,,,1.0,Goalkeeper,00:00,,Starting XI,Final Whistle
3857290,2722,Cameroon,8591,Samuel Yves Oum Gwet,Samuel Gouet,14,39,Cameroon,,,,,,,10.0,Center Defensive Midfield,00:00,,Starting XI,Final Whistle
3857290,2722,Cameroon,10530,Jules Olivier Ntcham,Olivier Ntcham,22,39,Cameroon,,,,,,,,,,,,
3857290,2722,Cameroon,11174,Vincent Paté Aboubakar,Vincent Aboubakar,10,39,Cameroon,,,,,,,23.0,Center Forward,73:40,,Substitution - On (Tactical),Final Whistle
3857290,2722,Cameroon,12623,Pierre Kunde Malong,Pierre Kunde,15,39,Cameroon,,,,,,,,,,,,
3857290,2722,Cameroon,13454,Nouhou Tolo,,25,39,Cameroon,,,,,,,6.0,Left Back,00:00,,Starting XI,Final Whistle
3857290,2722,Cameroon,15326,Devis Rogers Epassy Mboka,Devis Epassy,16,39,Cameroon,,,,,,,,,,,,
3857290,2722,Cameroon,16014,Jean Pierre Nsamé,,9,39,Cameroon,,,,,,,,,,,,
3857290,2722,Cameroon,16015,Nicolas Moumi Ngamaleu,Moumi Ngamaleu,6,39,Cameroon,,,,,,,17.0,Right Wing,80:44,,Substitution - On (Tactical),Final Whistle
3857290,2722,Cameroon,16346,Ngoran Suiru Fai Collins,Collins Fai,19,39,Cameroon,,,,,,,2.0,Right Back,00:00,,Starting XI,Final Whistle
3857290,2722,Cameroon,21456,Olivier Mbaissidara Mbaizo,Olivier Mbaizo,17,39,Cameroon,,,,,,,,,,,,
3857290,2722,Cameroon,28966,Gaël Ondoua,,5,39,Cameroon,,,,,,,15.0,Left Center Midfield,67:53,,Substitution - On (Tactical),Final Whistle
3857290,2722,Cameroon,30016,Martin Hongla Yma II,,18,39,Cameroon,,,,,,,15.0,Left Center Midfield,00:00,67:53,Starting XI,Substitution - Off (Tactical)
3857290,2722,Cameroon,33813,Jerome Ngom Mbekeli,Jerome Mbekeli,2,39,Cameroon,,,,,,,,,,,,
3857290,2722,Cameroon,44842,Simon Brady Ngapandouetnbu,,1,39,Cameroon,,,,,,,,,,,,
3857290,2722,Cameroon,46903,Christian Mougang Bassogog,Christian Bassogog,11,39,Cameroon,,,,,,,,,,,,
3857290,2722,Cameroon,74588,Christopher Wooh,,4,39,Cameroon,,,,,,,,,,,,
3857290,2722,Cameroon,349913,Souaibou Marou,,26,39,Cameroon,,,,,,,,,,,,
3857290,773,Switzerland,3500,Granit Xhaka,,10,221,Switzerland,,,,,,,11.0,Left Defensive Midfield,00:00,,Starting XI,Final Whistle
3857290,773,Switzerland,3533,Xherdan Shaqiri,,23,221,Switzerland,,,,,,,17.0,Right Wing,00:00,29:46,Starting XI,Tactical Shift
3857290,773,Switzerland,3913,Edimilson Fernandes,,2,221,Switzerland,,,,,,,,,,,,
3857290,773,Switzerland,5537,Fabian Lukas Schär,Fabian Schär,22,221,Switzerland,,,,,,,,,,,,
3857290,773,Switzerland,5538,Denis Lemi Zakaria Lako Lado,Denis Zakaria,6,221,Switzerland,,,,,,,,,,,,
3857290,773,Switzerland,5543,Haris Seferović,,9,221,Switzerland,,,,,,,23.0,Center Forward,71:22,,Substitution - On (Tactical),Final Whistle
3857290,773,Switzerland,5544,Ricardo Iván Rodríguez Araya,Ricardo Rodríguez,13,221,Switzerland,,,,,,,6.0,Left Back,00:00,89:53,Starting XI,Substitution - Off (Tactical)
3857290,773,Switzerland,5545,Breel-Donald Embolo,Breel Embolo,7,221,Switzerland,,,,,,,23.0,Center Forward,00:00,71:22,Starting XI,Substitution - Off (Tactical)
3857290,773,Switzerland,5549,Manuel Obafemi Akanji,Manuel Akanji,5,221,Switzerland,,,,,,,3.0,Right Center Back,00:00,,Starting XI,Final Whistle
3857290,773,Switzerland,5550,Yann Sommer,,1,221,Switzerland,,,,,,,1.0,Goalkeeper,00:00,,Starting XI,Final Whistle
3857290,773,Switzerland,6983,Remo Freuler,,8,221,Switzerland,,,,,,,9.0,Right Defensive Midfield,00:00,,Starting XI,Final Whistle
3857290,773,Switzerland,7796,Silvan Widmer,,3,221,Switzerland,,,,,,,2.0,Right Back,00:00,,Starting XI,Final Whistle
3857290,773,Switzerland,8561,Fabian Frei,,20,221,Switzerland,,,,,,,19.0,Center Attacking Midfield,70:58,,Substitution - On (Tactical),Final Whistle
3857290,773,Switzerland,8814,Nico Elvedi,,4,221,Switzerland,,,,,,,5.0,Left Center Back,00:00,,Starting XI,Final Whistle
3857290,773,Switzerland,16016,Michel Aebischer,,14,221,Switzerland,,,,,,,,,,,,
3857290,773,Switzerland,16022,Christian Fassnacht,,16,221,Switzerland,,,,,,,,,,,,
3857290,773,Switzerland,16026,Djibril Sow,,15,221,Switzerland,,,,,,,19.0,Center Attacking Midfield,00:00,70:58,Starting XI,Substitution - Off (Tactical)
3857290,773,Switzerland,17974,Gregor Kobel,,21,221,Switzerland,,,,,,,,,,,,
3857290,773,Switzerland,29003,Jonas Omlin,,12,221,Switzerland,,,,,,,,,,,,
3857290,773,Switzerland,29006,Noah Okafor,,19,221,Switzerland,,,,,,,17.0,Right Wing,71:10,,Substitution - On (Tactical),Final Whistle
3857290,773,Switzerland,29012,Eray Ervin Cömert,Eray Cömert,18,221,Switzerland,,,,,,,6.0,Left Back,89:53,,Substitution - On (Tactical),Final Whistle
3857290,773,Switzerland,30401,Ruben Vargas,,17,221,Switzerland,,,,,,,21.0,Left Wing,00:00,29:46,Starting XI,Tactical Shift
3857290,773,Switzerland,41655,Ardon Jashari,,26,221,Switzerland,,,,,,,,,,,,
3857290,773,Switzerland,46313,Philipp Köhn,,24,221,Switzerland,,,,,,,,,,,,
3857290,773,Switzerland,50436,Fabian Rieder,,25,221,Switzerland,,,,,,,21.0,Left Wing,80:31,,Substitution - On (Tactical),Final Whistle
3857291,772,Spain,3477,Álvaro Borja Morata Martín,Álvaro Morata,7,214,Spain,,,,,,,17.0,Right Wing,56:24,56:46,Substitution - On (Tactical),Tactical Shift
3857291,772,Spain,3957,César Azpilicueta Tanco,César Azpilicueta,2,214,Spain,,,,,,,2.0,Right Back,00:00,,Starting XI,Final Whistle
3857291,772,Spain,4127,David Raya Martin,David Raya,13,214,Spain,,,,,,,,,,,,
3857291,772,Spain,4353,Aymeric Laporte,,24,214,Spain,,,,,,,5.0,Left Center Back,00:00,,Starting XI,Final Whistle
3857291,772,Spain,5199,Jorge Resurrección Merodio,Koke,8,214,Spain,,,,,,,10.0,Center Defensive Midfield,63:24,,Substitution - On (Tactical),Final Whistle
3857291,772,Spain,5203,Sergio Busquets i Burgos,Sergio Busquets,5,214,Spain,,,,,,,10.0,Center Defensive Midfield,00:00,63:24,Starting XI,Substitution - Off (Tactical)
3857291,772,Spain,5211,Jordi Alba Ramos,Jordi Alba,18,214,Spain,,,,,,,6.0,Left Back,00:00,63:18,Starting XI,Substitution - Off (Tactical)
3857291,772,Spain,5719,Marco Asensio Willemsen,,10,214,Spain,,,,,,,23.0,Center Forward,00:00,56:46,Starting XI,Tactical Shift
3857291,772,Spain,5721,Daniel Carvajal Ramos,Daniel Carvajal,20,214,Spain,,,,,,,,,,,,
3857291,772,Spain,6583,Carlos Soler Barragán,Carlos Soler,19,214,Spain,,,,,,,15.0,Left Center Midfield,56:31,,Substitution - On (Tactical),Final Whistle
3857291,772,Spain,6720,Pablo Sarabia García,Pablo Sarabia,22,214,Spain,,,,,,,,,,,,
3857291,772,Spain,6748,Ferrán Torres García,Ferrán Torres,11,214,Spain,,,,,,,17.0,Right Wing,00:00,56:24,Starting XI,Substitution - Off (Tactical)
3857291,772,Spain,6765,Rodrigo Hernández Cascante,Rodri,16,214,Spain,,,,,,,3.0,Right Center Back,00:00,,Starting XI,Final Whistle
3857291,772,Spain,6840,Marcos Llorente Moreno,Marcos Llorente,6,214,Spain,,,,,,,,,,,,
3857291,772,Spain,6892,Pau Francisco Torres,Pau Torres,4,214,Spain,,,,,,,,,,,,
3857291,772,Spain,9843,Robert Lynch Sanchez,Robert Sanchez,1,214,Spain,,,,,,,,,,,,
3857291,772,Spain,11748,Unai Simón Mendibil,Unai Simón,23,214,Spain,,,,,,,1.0,Goalkeeper,00:00,,Starting XI,Final Whistle
3857291,772,Spain,16532,Daniel Olmo Carvajal,Daniel Olmo,21,214,Spain,,,,,,,21.0,Left Wing,00:00,,Starting XI,Final Whistle
3857291,772,Spain,30486,Pedro González López,Pedri,26,214,Spain,,,,,,,15.0,Left Center Midfield,00:00,56:31,Starting XI,Substitution - Off (Tactical)
3857291,772,Spain,30756,Anssumane Fati,Ansu Fati,25,214,Spain,,,,,,,,,,,,
3857291,772,Spain,31953,Eric García Martret,Eric García,3,214,Spain,,,,,,,,,,,,
3857291,772,Spain,35641,Hugo Guillamón Sanmartín,Hugo Guillamón,15,214,Spain,,,,,,,,,,,,
3857291,772,Spain,39161,Alejandro Balde Martínez,Alejandro Balde,14,214,Spain,,,,,,,6.0,Left Back,63:18,,Substitution - On (Tactical),Final Whistle
3857291,772,Spain,50494,Yeremy Jesús Pino Santos,Yeremi Pino,17,214,Spain,,,,,,,,,,,,
3857291,772,Spain,68574,Nicholas Williams Arthuer,Nico Williams,12,214,Spain,,,,,,,17.0,Right Wing,68:26,,Substitution - On (Tactical),Final Whistle
3857291,772,Spain,133353,Pablo Martín Páez Gavira,Gavi,9,214,Spain,,,,,,,13.0,Right Center Midfield,00:00,,Starting XI,Final Whistle
3857291,795,Costa Rica,5581,Joel Nathaniel Campbell Samuels,Joel Campbell,12,54,Costa Rica,,,,,,,22.0,Right Center Forward,00:00,24:00,Starting XI,Tactical Shift
3857291,795,Costa Rica,5582,Celso Borges Mora,Celso Borges,5,54,Costa Rica,,,,,,,9.0,Right Defensive Midfield,00:00,33:14,Starting XI,Tactical Shift
3857291,795,Costa Rica,5592,Bryan Ruiz González,Bryan Ruiz,10,54,Costa Rica,,,,,,,21.0,Left Wing,60:53,,Substitution - On (Tactical),Final Whistle
3857291,795,Costa Rica,5595,Johan Alberto Venegas Ulloa,Johan Venegas,11,54,Costa Rica,,,,,,,,,,,,
3857291,795,Costa Rica,5597,Keylor Navas Gamboa,Keylor Navas,1,54,Costa Rica,,,,,,,1.0,Goalkeeper,00:00,,Starting XI,Final Whistle
3857291,795,Costa Rica,5598,Óscar Esau Duarte Gaitán,Óscar Duarte,6,54,Costa Rica,,,,,,,3.0,Right Center Back,00:00,33:14,Starting XI,Tactical Shift
3857291,795,Costa Rica,5600,Francisco Javier Calvo Quesada,Francisco Calvo,15,54,Costa Rica,,,,,,,5.0,Left Center Back,00:00,,Starting XI,Final Whistle
3857291,795,Costa Rica,5836,Bryan Oviedo,,8,54,Costa Rica,,,,,,,6.0,Left Back,00:00,33:14,Starting XI,Tactical Shift
3857291,795,Costa Rica,5839,Yeltsin Ignacio Tejeda Valverde,Yeltsin Tejeda,17,54,Costa Rica,,,,,,,11.0,Left Defensive Midfield,00:00,33:14,Starting XI,Tactical Shift
3857291,795,Costa Rica,6328,Kendall Jamaal Waston Manley,Kendall Waston,19,54,Costa Rica,,,,,,,3.0,Right Center Back,45:00,,Substitution - On (Tactical),Final Whistle
3857291,795,Costa Rica,15477,Ronald Alberto Matarrita Ulate,Ronald Matarrita,22,54,Costa Rica,,,,,,,8.0,Left Wing Back,81:04,,Substitution - On (Tactical),Final Whistle
3857291,795,Costa Rica,27163,Juan Pablo Vargas Campos,Juan Pablo Vargas,3,54,Costa Rica,,,,,,,,,,,,
3857291,795,Costa Rica,97291,Patrick Gilmar Sequeira Mejías,,23,54,Costa Rica,,,,,,,,,,,,
3857291,795,Costa Rica,108340,Brandon Aguilera Zamora,Brandon Aguilera,20,54,Costa Rica,,,,,,,13.0,Right Center Midfield,71:12,,Substitution - On (Tactical),Final Whistle
3857291,795,Costa Rica,130185,Keysher Fuller Spence,,4,54,Costa Rica,,,,,,,12.0,Right Midfield,00:00,24:00,Starting XI,Tactical Shift
3857291,795,Costa Rica,130194,Esteban Alvarado Brown,,18,54,Costa Rica,,,,,,,,,,,,
3857291,795,Costa Rica,132271,Carlos Manuel Martínez Castro,Carlos Martínez,16,54,Costa Rica,,,,,,,2.0,Right Back,00:00,33:14,Starting XI,Tactical Shift
3857291,795,Costa Rica,132296,Anthony Daniel Contreras Enríquez,,7,54,Costa Rica,,,,,,,24.0,Left Center Forward,00:00,24:00,Starting XI,Tactical Shift
3857291,795,Costa Rica,132497,Gerson Torres Barrantes,,13,54,Costa Rica,,,,,,,,,,,,
3857291,795,Costa Rica,132728,Jewison Bennette,,9,54,Costa Rica,,,,,,,16.0,Left Midfield,00:00,24:00,Starting XI,Tactical Shift
3857291,795,Costa Rica,132743,Douglas Andrey López Araya,,21,54,Costa Rica,,,,,,,,,,,,
3857291,795,Costa Rica,132756,Youstin Delfin Salas Gómez,,14,54,Costa Rica,,,,,,,,,,,,
3857291,795,Costa Rica,132772,Daniel Alonso Chacón Salas,,2,54,Costa Rica,,,,,,,,,,,,
3857291,795,Costa Rica,135271,Roan Roberto Wilson Gordon,,24,54,Costa Rica,,,,,,,,,,,,
3857291,795,Costa Rica,184468,Álvaro José Zamora Mata,,26,54,Costa Rica,,,,,,,17.0,Right Wing,60:47,,Substitution - On (Tactical),Final Whistle
3857291,795,Costa Rica,283799,Anthony William Hernández González,,25,54,Costa Rica,,,,,,,,,,,,
3857292,770,Germany,3053,Leroy Sané,,19,85,Germany,,,,,,,17.0,Right Wing,00:00,53:58,Starting XI,Tactical Shift
3857292,770,Germany,3167,Antonio Rüdiger,,2,85,Germany,,,,,,,5.0,Left Center Back,00:00,,Starting XI,Final Whistle
3857292,770,Germany,4440,Kevin Trapp,,12,85,Germany,,,,,,,,,,,,
3857292,770,Germany,5555,Julian Brandt,,17,85,Germany,,,,,,,,,,,,
3857292,770,Germany,5562,Thomas Müller,,13,85,Germany,,,,,,,23.0,Center Forward,00:00,53:58,Starting XI,Tactical Shift
3857292,770,Germany,5570,Manuel Neuer,,1,85,Germany,,,,,,,1.0,Goalkeeper,00:00,,Starting XI,Final Whistle
3857292,770,Germany,5579,Joshua Kimmich,,6,85,Germany,,,,,,,2.0,Right Back,00:00,45:00,Starting XI,Tactical Shift
3857292,770,Germany,6322,Niklas Süle,,15,85,Germany,,,,,,,3.0,Right Center Back,00:00,66:00,Starting XI,Tactical Shift
3857292,770,Germany,6324,Leon Goretzka,,8,85,Germany,,,,,,,9.0,Right Defensive Midfield,00:00,45:00,Starting XI,Substitution - Off (Tactical)
3857292,770,Germany,8227,Mario Götze,,11,85,Germany,,,,,,,6.0,Left Back,65:52,66:00,Substitution - On (Tactical),Tactical Shift
3857292,770,Germany,8400,Serge Gnabry,,10,85,Germany,,,,,,,21.0,Left Wing,00:00,53:58,Starting XI,Tactical Shift
3857292,770,Germany,8507,Lukas Klostermann,,16,85,Germany,,,,,,,2.0,Right Back,45:00,45:00,Tactical Shift,Substitution - On (Tactical)
3857292,770,Germany,8511,Thilo Kehrer,,5,85,Germany,,,,,,,,,,,,
3857292,770,Germany,8546,Niclas Füllkrug,,9,85,Germany,,,,,,,11.0,Left Defensive Midfield,53:56,53:58,Substitution - On (Tactical),Tactical Shift
3857292,770,Germany,8804,Jonas Hofmann,,18,85,Germany,,,,,,,,,,,,
3857292,770,Germany,8808,Matthias Ginter,,4,85,Germany,,,,,,,4.0,Center Back,93:37,,Substitution - On (Tactical),Final Whistle
3857292,770,Germany,8945,Christian Günter,,20,85,Germany,,,,,,,,,,,,
3857292,770,Germany,8966,Kai Havertz,,7,85,Germany,,,,,,,24.0,Left Center Forward,65:51,,Substitution - On (Tactical),Final Whistle
3857292,770,Germany,10287,İlkay Gündoğan,,21,85,Germany,,,,,,,11.0,Left Defensive Midfield,00:00,53:56,Starting XI,Substitution - Off (Tactical)
3857292,770,Germany,12034,David Raum,,3,85,Germany,,,,,,,6.0,Left Back,00:00,65:52,Starting XI,Substitution - Off (Tactical)
3857292,770,Germany,20055,Marc-André ter Stegen,Marc-André ter Stegen,22,85,Germany,,,,,,,,,,,,
3857292,770,Germany,24118,Nico Schlotterbeck,,23,85,Germany,,,,,,,,,,,,
3857292,770,Germany,24916,Armel Bella-Kotchap,,25,85,Germany,,,,,,,,,,,,
3857292,770,Germany,35609,Karim-David Adeyemi,,24,85,Germany,,,,,,,,,,,,
3857292,770,Germany,38837,Youssoufa Moukoko,,26,85,Germany,,,,,,,,,,,,
3857292,770,Germany,39565,Jamal Musiala,,14,85,Germany,,,,,,,19.0,Center Attacking Midfield,00:00,53:58,Starting XI,Tactical Shift
3857292,795,Costa Rica,5581,Joel Nathaniel Campbell Samuels,Joel Campbell,12,54,Costa Rica,,,,,,,17.0,Right Wing,00:00,45:00,Starting XI,Tactical Shift
3857292,795,Costa Rica,5582,Celso Borges Mora,Celso Borges,5,54,Costa Rica,,,,,,,9.0,Right Defensive Midfield,00:00,,Starting XI,Final Whistle
3857292,795,Costa Rica,5592,Bryan Ruiz González,Bryan Ruiz,10,54,Costa Rica,,,,,,,,,,,,
3857292,795,Costa Rica,5595,Johan Alberto Venegas Ulloa,Johan Venegas,11,54,Costa Rica,,,,,,,23.0,Center Forward,00:00,45:00,Starting XI,Tactical Shift
3857292,795,Costa Rica,5597,Keylor Navas Gamboa,Keylor Navas,1,54,Costa Rica,,,,,,,1.0,Goalkeeper,00:00,,Starting XI,Final Whistle
3857292,795,Costa Rica,5598,Óscar Esau Duarte Gaitán,Óscar Duarte,6,54,Costa Rica,,,,,,,4.0,Center Back,00:00,,Starting XI,Final Whistle
3857292,795,Costa Rica,5836,Bryan Oviedo,,8,54,Costa Rica,,,,,,,8.0,Left Wing Back,00:00,92:29,Starting XI,Substitution - Off (Tactical)
3857292,795,Costa Rica,5839,Yeltsin Ignacio Tejeda Valverde,Yeltsin Tejeda,17,54,Costa Rica,,,,,,,11.0,Left Defensive Midfield,00:00,92:32,Starting XI,Substitution - Off (Tactical)
3857292,795,Costa Rica,6328,Kendall Jamaal Waston Manley,Kendall Waston,19,54,Costa Rica,,,,,,,3.0,Right Center Back,00:00,,Starting XI,Final Whistle
3857292,795,Costa Rica,15477,Ronald Alberto Matarrita Ulate,Ronald Matarrita,22,54,Costa Rica,,,,,,,21.0,Left Wing,73:14,92:35,Substitution - On (Tactical),Tactical Shift
3857292,795,Costa Rica,27163,Juan Pablo Vargas Campos,Juan Pablo Vargas,3,54,Costa Rica,,,,,,,5.0,Left Center Back,00:00,,Starting XI,Final Whistle
3857292,795,Costa Rica,97291,Patrick Gilmar Sequeira Mejías,,23,54,Costa Rica,,,,,,,,,,,,
3857292,795,Costa Rica,108340,Brandon Aguilera Zamora,Brandon Aguilera,20,54,Costa Rica,,,,,,,21.0,Left Wing,00:00,45:00,Starting XI,Substitution - Off (Tactical)
3857292,795,Costa Rica,130185,Keysher Fuller Spence,,4,54,Costa Rica,,,,,,,7.0,Right Wing Back,00:00,45:00,Starting XI,Tactical Shift
3857292,795,Costa Rica,130194,Esteban Alvarado Brown,,18,54,Costa Rica,,,,,,,,,,,,
3857292,795,Costa Rica,132271,Carlos Manuel Martínez Castro,Carlos Martínez,16,54,Costa Rica,,,,,,,,,,,,
3857292,795,Costa Rica,132296,Anthony Daniel Contreras Enríquez,,7,54,Costa Rica,,,,,,,8.0,Left Wing Back,92:29,92:35,Substitution - On (Tactical),Tactical Shift
3857292,795,Costa Rica,132497,Gerson Torres Barrantes,,13,54,Costa Rica,,,,,,,,,,,,
3857292,795,Costa Rica,132728,Jewison Bennette,,9,54,Costa Rica,,,,,,,17.0,Right Wing,73:30,,Substitution - On (Tactical),Final Whistle
3857292,795,Costa Rica,132743,Douglas Andrey López Araya,,21,54,Costa Rica,,,,,,,,,,,,
3857292,795,Costa Rica,132756,Youstin Delfin Salas Gómez,,14,54,Costa Rica,,,,,,,7.0,Right Wing Back,45:00,45:00,Tactical Shift,Substitution - On (Tactical)
3857292,795,Costa Rica,132772,Daniel Alonso Chacón Salas,,2,54,Costa Rica,,,,,,,,,,,,
3857292,795,Costa Rica,135271,Roan Roberto Wilson Gordon,,24,54,Costa Rica,,,,,,,11.0,Left Defensive Midfield,92:32,,Substitution - On (Tactical),Final Whistle
3857292,795,Costa Rica,184468,Álvaro José Zamora Mata,,26,54,Costa Rica,,,,,,,,,,,,
3857292,795,Costa Rica,283799,Anthony William Hernández González,,25,54,Costa Rica,,,,,,,,,,,,
3857293,4885,Ghana,2989,Alexander Djiku,,23,86,Ghana,,,,,,,,,,,,
3857293,4885,Ghana,3347,André Ayew Pelé,André Ayew,10,86,Ghana,,,,,,,19.0,Center Attacking Midfield,00:00,45:00,Starting XI,Substitution - Off (Tactical)
3857293,4885,Ghana,3450,Jordan Ayew,,9,86,Ghana,,,,,,,21.0,Left Wing,00:00,45:00,Starting XI,Substitution - Off (Tactical)
3857293,4885,Ghana,3709,Daniel Amartey,,18,86,Ghana,,,,,,,3.0,Right Center Back,00:00,,Starting XI,Final Whistle
3857293,4885,Ghana,6383,Thomas Teye Partey,Thomas Partey,5,86,Ghana,,,,,,,9.0,Right Defensive Midfield,00:00,,Starting XI,Final Whistle
3857293,4885,Ghana,6393,Iñaki Williams Arthuer,Iñaki Williams,19,86,Ghana,,,,,,,17.0,Right Wing,00:00,32:31,Starting XI,Tactical Shift
3857293,4885,Ghana,8108,Lawrence Ati-Zigi,,1,86,Ghana,,,,,,,1.0,Goalkeeper,00:00,,Starting XI,Final Whistle
3857293,4885,Ghana,9286,Antoine Semenyo,,25,86,Ghana,,,,,,,23.0,Center Forward,71:45,,Substitution - On (Tactical),Final Whistle
3857293,4885,Ghana,9859,Elisha Owusu,,6,86,Ghana,,,,,,,,,,,,
3857293,4885,Ghana,12259,Denis Odoi,,3,86,Ghana,,,,,,,,,,,,
3857293,4885,Ghana,12325,Abdul Rahman Baba,Baba Rahman,17,86,Ghana,,,,,,,6.0,Left Back,00:00,,Starting XI,Final Whistle
3857293,4885,Ghana,16555,Joseph Aidoo,,15,86,Ghana,,,,,,,,,,,,
3857293,4885,Ghana,17033,Mohammed Kudus,,20,86,Ghana,,,,,,,23.0,Center Forward,00:00,32:31,Starting XI,Tactical Shift
3857293,4885,Ghana,23615,Gideon Mensah,,14,86,Ghana,,,,,,,,,,,,
3857293,4885,Ghana,28616,Daniel-Kofi Kyereh,,8,86,Ghana,,,,,,,11.0,Left Defensive Midfield,71:56,,Substitution - On (Tactical),Final Whistle
3857293,4885,Ghana,30519,Mohamed Salisu,,4,86,Ghana,,,,,,,5.0,Left Center Back,00:00,,Starting XI,Final Whistle
3857293,4885,Ghana,31029,Salis Abdul Samed,,21,86,Ghana,,,,,,,11.0,Left Defensive Midfield,00:00,71:56,Starting XI,Substitution - Off (Tactical)
3857293,4885,Ghana,33602,Tariq Lamptey,,2,86,Ghana,,,,,,,,,,,,
3857293,4885,Ghana,35658,Kamaldeen Sulemana,,22,86,Ghana,,,,,,,21.0,Left Wing,45:00,,Tactical Shift,Final Whistle
3857293,4885,Ghana,43891,Kamal Sowah,,24,86,Ghana,,,,,,,,,,,,
3857293,4885,Ghana,44225,Osman Bukari,,11,86,Ghana,,,,,,,17.0,Right Wing,45:00,45:00,Tactical Shift,Substitution - On (Tactical)
3857293,4885,Ghana,45047,Alidu Seidu,,26,86,Ghana,,,,,,,2.0,Right Back,00:00,42:34,Starting XI,Player Off
3857293,4885,Ghana,52091,Abdul Manaf Nurudeen,,16,86,Ghana,,,,,,,,,,,,
3857293,4885,Ghana,136305,Daniel Afriyie Barnieh,,13,86,Ghana,,,,,,,,,,,,
3857293,4885,Ghana,136306,Abdul Fatawu Issahaku,Abdul Fatawu,7,86,Ghana,,,,,,,19.0,Center Attacking Midfield,97:08,97:18,Substitution - On (Tactical),Tactical Shift
3857293,4885,Ghana,147563,Ibrahim Danlad,,12,86,Ghana,,,,,,,,,,,,
3857293,783,Uruguay,4319,Edinson Roberto Cavani Gómez,Edinson Cavani,21,242,Uruguay,,,,,,,22.0,Right Center Forward,65:13,,Substitution - On (Tactical),Final Whistle
3857293,783,Uruguay,5246,Luis Alberto Suárez Díaz,Luis Suárez,9,242,Uruguay,,,,,,,22.0,Right Center Forward,00:00,65:13,Starting XI,Substitution - Off (Tactical)
3857293,783,Uruguay,5248,José Martín Cáceres Silva,Martín Cáceres,22,242,Uruguay,,,,,,,,,,,,
3857293,783,Uruguay,5249,Diego Roberto Godín Leal,Diego Godín,3,242,Uruguay,,,,,,,,,,,,
3857293,783,Uruguay,5255,Matías Vecino Falero,Matías Vecino,5,242,Uruguay,,,,,,,11.0,Left Defensive Midfield,33:45,,Substitution - On (Injury),Final Whistle
3857293,783,Uruguay,5258,Giorgian Daniel De Arrascaeta Benedetti,Giorgian De Arrascaeta,10,242,Uruguay,,,,,,,16.0,Left Midfield,00:00,79:31,Starting XI,Substitution - Off (Off Camera)
3857293,783,Uruguay,5259,José María Giménez de Vargas,José Giménez,2,242,Uruguay,,,,,,,3.0,Right Center Back,00:00,,Starting XI,Final Whistle
3857293,783,Uruguay,5260,Rodrigo Bentancur Colmán,Rodrigo Bentancur,6,242,Uruguay,,,,,,,11.0,Left Defensive Midfield,00:00,33:45,Starting XI,Substitution - Off (Injury)
3857293,783,Uruguay,5264,Guillermo Varela Olivera,Guillermo Varela,13,242,Uruguay,,,,,,,2.0,Right Back,00:00,,Starting XI,Final Whistle
3857293,783,Uruguay,5266,Lucas Torreira Di Pascua,Lucas Torreira,14,242,Uruguay,,,,,,,,,,,,
3857293,783,Uruguay,5267,Néstor Fernando Muslera Micol,Fernando Muslera,1,242,Uruguay,,,,,,,,,,,,
3857293,783,Uruguay,6297,Maximiliano Gómez González,Maxi Gómez,18,242,Uruguay,,,,,,,24.0,Left Center Forward,79:41,,Substitution - On (Tactical),Final Whistle
3857293,783,Uruguay,6300,Sebastián Coates Nión,Sebastián Coates,19,242,Uruguay,,,,,,,5.0,Left Center Back,00:00,,Starting XI,Final Whistle
3857293,783,Uruguay,6773,Federico Santiago Valverde Dipetta,Federico Valverde,15,242,Uruguay,,,,,,,9.0,Right Defensive Midfield,00:00,79:54,Starting XI,Tactical Shift
3857293,783,Uruguay,7104,Mathías Olivera Miramontes,Mathías Olivera,16,242,Uruguay,,,,,,,6.0,Left Back,00:00,,Starting XI,Final Whistle
3857293,783,Uruguay,26323,Carlos Sebastián Sosa Silva,Sebastián Sosa,12,242,Uruguay,,,,,,,,,,,,
3857293,783,Uruguay,28729,Diego Nicolás De La Cruz Arcosa,Nicolás De La Cruz,7,242,Uruguay,,,,,,,12.0,Right Midfield,65:27,79:54,Substitution - On (Tactical),Tactical Shift
3857293,783,Uruguay,32478,Darwin Gabriel Núñez Ribeiro,Darwin Núñez,11,242,Uruguay,,,,,,,24.0,Left Center Forward,00:00,79:41,Starting XI,Substitution - Off (Tactical)
3857293,783,Uruguay,33099,José Luis Rodríguez Bebanz,José Luis Rodríguez,26,242,Uruguay,,,,,,,,,,,,
3857293,783,Uruguay,34476,Matías Nicolás Viña Susperreguy,Matías Viña,17,242,Uruguay,,,,,,,,,,,,
3857293,783,Uruguay,36288,Facundo Pellistri Rebollo,Facundo Pellistri,8,242,Uruguay,,,,,,,12.0,Right Midfield,00:00,65:27,Starting XI,Substitution - Off (Tactical)
3857293,783,Uruguay,36659,Manuel Ugarte Ribeiro,Manuel Ugarte,25,242,Uruguay,,,,,,,,,,,,
3857293,783,Uruguay,36666,Agustín Canobbio Graviz,Agustín Canobbio,24,242,Uruguay,,,,,,,16.0,Left Midfield,79:31,79:54,Substitution - On (Off Camera),Tactical Shift
3857293,783,Uruguay,36710,Sergio Rochet Álvarez,Sergio Rochet,23,242,Uruguay,,,,,,,1.0,Goalkeeper,00:00,,Starting XI,Final Whistle
3857293,783,Uruguay,44649,Facundo Daniel Torres Pérez,Facundo Torres,20,242,Uruguay,,,,,,,,,,,,
3857294,941,Netherlands,2988,Memphis Depay,,10,160,Netherlands,,,,,,,24.0,Left Center Forward,00:00,65:45,Starting XI,Substitution - Off (Tactical)
3857294,941,Netherlands,3264,Vincent Janssen,,18,160,Netherlands,,,,,,,24.0,Left Center Forward,65:45,,Substitution - On (Tactical),Final Whistle
3857294,941,Netherlands,3306,Nathan Aké,,5,160,Netherlands,,,,,,,5.0,Left Center Back,00:00,,Starting XI,Final Whistle
3857294,941,Netherlands,3311,Daley Blind,,17,160,Netherlands,,,,,,,8.0,Left Wing Back,00:00,,Starting XI,Final Whistle
3857294,941,Netherlands,3669,Virgil van Dijk,,4,160,Netherlands,,,,,,,4.0,Center Back,00:00,,Starting XI,Final Whistle
3857294,941,Netherlands,4318,Davy Klaassen,,14,160,Netherlands,,,,,,,19.0,Center Attacking Midfield,00:00,65:24,Starting XI,Substitution - Off (Tactical)
3857294,941,Netherlands,6994,Marten de Roon,,15,160,Netherlands,,,,,,,9.0,Right Defensive Midfield,00:00,82:10,Starting XI,Substitution - Off (Tactical)
3857294,941,Netherlands,7745,Steven Berghuis,,11,160,Netherlands,,,,,,,19.0,Center Attacking Midfield,65:24,,Substitution - On (Tactical),Final Whistle
3857294,941,Netherlands,7787,Stefan de Vrij,,6,160,Netherlands,,,,,,,,,,,,
3857294,941,Netherlands,7829,Wout Weghorst,,19,160,Netherlands,,,,,,,22.0,Right Center Forward,82:06,,Substitution - On (Tactical),Final Whistle
3857294,941,Netherlands,7838,Remko Pasveer,,1,160,Netherlands,,,,,,,,,,,,
3857294,941,Netherlands,7891,Teun Koopmeiners,,20,160,Netherlands,,,,,,,9.0,Right Defensive Midfield,82:10,,Substitution - On (Tactical),Final Whistle
3857294,941,Netherlands,8069,Matthijs de Ligt,,3,160,Netherlands,,,,,,,,,,,,
3857294,941,Netherlands,8118,Frenkie de Jong,,21,160,Netherlands,,,,,,,11.0,Left Defensive Midfield,00:00,85:59,Starting XI,Substitution - Off (Tactical)
3857294,941,Netherlands,8124,Tyrell Malacia,,16,160,Netherlands,,,,,,,,,,,,
3857294,941,Netherlands,8125,Denzel Dumfries,,22,160,Netherlands,,,,,,,7.0,Right Wing Back,00:00,,Starting XI,Final Whistle
3857294,941,Netherlands,8259,Steven Bergwijn,,7,160,Netherlands,,,,,,,,,,,,
3857294,941,Netherlands,8326,Andries Noppert,,23,160,Netherlands,,,,,,,1.0,Goalkeeper,00:00,,Starting XI,Final Whistle
3857294,941,Netherlands,16185,Justin Bijlow,,13,160,Netherlands,,,,,,,,,,,,
3857294,941,Netherlands,20033,Luuk de Jong,,9,160,Netherlands,,,,,,,,,,,,
3857294,941,Netherlands,20750,Cody Mathès Gakpo,Cody Gakpo,8,160,Netherlands,,,,,,,22.0,Right Center Forward,00:00,82:06,Starting XI,Substitution - Off (Tactical)
3857294,941,Netherlands,21547,Noa Lang,,12,160,Netherlands,,,,,,,,,,,,
3857294,941,Netherlands,21809,Jurriën David Norman Timber,Jurriën Timber,2,160,Netherlands,,,,,,,3.0,Right Center Back,00:00,,Starting XI,Final Whistle
3857294,941,Netherlands,21879,Kenneth Taylor,,24,160,Netherlands,,,,,,,11.0,Left Defensive Midfield,85:59,,Substitution - On (Tactical),Final Whistle
3857294,941,Netherlands,32712,Jeremie Frimpong,,26,160,Netherlands,,,,,,,,,,,,
3857294,941,Netherlands,39167,Xavi Simons,,25,160,Netherlands,,,,,,,,,,,,
3857294,3566,Qatar,40784,Akram Hassan Afif,Akram Afif,11,185,Qatar,,,,,,,24.0,Left Center Forward,00:00,85:25,Starting XI,Tactical Shift
3857294,3566,Qatar,124488,Hassan Khalid Al Heidos,Hassan Al Heidos,10,185,Qatar,,,,,,,13.0,Right Center Midfield,00:00,10:23,Starting XI,Tactical Shift
3857294,3566,Qatar,124490,Ahmed Alaa Eldin Abdelmotaal,Ahmed Alaa Eldin,7,185,Qatar,,,,,,,13.0,Right Center Midfield,84:28,85:25,Substitution - On (Tactical),Tactical Shift
3857294,3566,Qatar,124492,Karim Boudiaf,,12,185,Qatar,,,,,,,10.0,Center Defensive Midfield,63:49,,Substitution - On (Tactical),Final Whistle
3857294,3566,Qatar,124493,Boualem Khoukhi,,16,185,Qatar,,,,,,,4.0,Center Back,00:00,,Starting XI,Final Whistle
3857294,3566,Qatar,124494,Abdelkarim Hassan Al Haj Fadlalla,Abdelkarim Hassan,3,185,Qatar,,,,,,,5.0,Left Center Back,00:00,,Starting XI,Final Whistle
3857294,3566,Qatar,124495,Almoez Ali Zainalabiddin Abdulla,Almoez Ali,19,185,Qatar,,,,,,,22.0,Right Center Forward,00:00,64:12,Starting XI,Substitution - Off (Tactical)
3857294,3566,Qatar,124496,Saad Abdullah Al Sheeb,Saad Al Sheeb,1,185,Qatar,,,,,,,,,,,,
3857294,3566,Qatar,124500,Assim Omer Al Haj Madibo,Assim Madibo,23,185,Qatar,,,,,,,10.0,Center Defensive Midfield,00:00,63:49,Starting XI,Substitution - Off (Tactical)
3857294,3566,Qatar,124503,Bassam Hisham Al Rawi,Bassam Hisham,15,185,Qatar,,,,,,,,,,,,
3857294,3566,Qatar,124504,Tarek Salman Salman,Tarek Salman,5,185,Qatar,,,,,,,,,,,,
3857294,3566,Qatar,124506,Pedro Miguel Correia,,2,185,Qatar,,,,,,,3.0,Right Center Back,00:00,,Starting XI,Final Whistle
3857294,3566,Qatar,124510,Meshaal Aissa Barsham,Meshaal Barsham,22,185,Qatar,,,,,,,1.0,Goalkeeper,00:00,,Starting XI,Final Whistle
3857294,3566,Qatar,124512,Mosaab Khoder Jibril,Mosaab Khoder,13,185,Qatar,,,,,,,7.0,Right Wing Back,84:35,,Substitution - On (Tactical),Final Whistle
3857294,3566,Qatar,124514,Abdulaziz Hatem Mohammed Abdullah,Abdulaziz Hatem,6,185,Qatar,,,,,,,15.0,Left Center Midfield,00:00,10:23,Starting XI,Tactical Shift
3857294,3566,Qatar,124526,Salem Ali Al Hajri,Salem Al Hajri,20,185,Qatar,,,,,,,,,,,,
3857294,3566,Qatar,124899,Ismaeel Mohammad Mohammad,Ismaeel Mohammad,17,185,Qatar,,,,,,,7.0,Right Wing Back,00:00,05:56,Starting XI,Player Off
3857294,3566,Qatar,124900,Homam Alamin Ahmed,Homam Ahmed,14,185,Qatar,,,,,,,8.0,Left Wing Back,00:00,08:05,Starting XI,Player Off
3857294,3566,Qatar,124901,Mohammed Muntari,,9,185,Qatar,,,,,,,22.0,Right Center Forward,64:12,,Substitution - On (Tactical),Final Whistle
3857294,3566,Qatar,124909,Mohammed Waed Abdulwahhab Al Bayati,Mohammed Al Bayati,4,185,Qatar,,,,,,,,,,,,
3857294,3566,Qatar,126962,Jassem Gaber Abdulsallam,Jassem Abdulsallam,25,185,Qatar,,,,,,,,,,,,
3857294,3566,Qatar,130272,Yousef Hassan Mohamed Ali,Yousef Hassan,21,185,Qatar,,,,,,,,,,,,
3857294,3566,Qatar,146267,Khalid Muneer Mazeed,,18,185,Qatar,,,,,,,,,,,,
3857294,3566,Qatar,149463,Ali Assadalla Thaimn Qambar,Ali Assadalla,8,185,Qatar,,,,,,,15.0,Left Center Midfield,63:47,,Substitution - On (Injury),Final Whistle
3857294,3566,Qatar,150429,Mostafa Taerk Mashaal,Mostafa Mashaal,26,185,Qatar,,,,,,,,,,,,
3857294,3566,Qatar,157455,Naif Abdulraheem Al Hadhrami,Naif Al Hadhrami,24,185,Qatar,,,,,,,,,,,,
3857295,778,Japan,3175,Eiji Kawashima,,1,114,Japan,,,,,,,,,,,,
3857295,778,Japan,3300,Maya Yoshida,,22,114,Japan,,,,,,,5.0,Left Center Back,00:00,37:28,Starting XI,Tactical Shift
3857295,778,Japan,3530,Hiroki Sakai,,19,114,Japan,,,,,,,,,,,,
3857295,778,Japan,5690,Yuto Nagatomo,,5,114,Japan,,,,,,,6.0,Left Back,00:00,37:28,Starting XI,Tactical Shift
3857295,778,Japan,5693,Gaku Shibasaki,,7,114,Japan,,,,,,,,,,,,
3857295,778,Japan,8361,Ritsu Doan,,8,114,Japan,,,,,,,12.0,Right Midfield,00:00,37:28,Starting XI,Tactical Shift
3857295,778,Japan,8776,Takumi Minamino,,10,114,Japan,,,,,,,7.0,Right Wing Back,81:49,81:51,Substitution - On (Tactical),Tactical Shift
3857295,778,Japan,8949,Takuma Asano,,18,114,Japan,,,,,,,23.0,Center Forward,45:00,,Substitution - On (Tactical),Final Whistle
3857295,778,Japan,9411,Daichi Kamada,,15,114,Japan,,,,,,,24.0,Left Center Forward,00:00,37:28,Starting XI,Tactical Shift
3857295,778,Japan,23527,Junya Ito,,14,114,Japan,,,,,,,17.0,Right Wing,66:11,81:51,Substitution - On (Tactical),Tactical Shift
3857295,778,Japan,23721,Wataru Endo,,6,114,Japan,,,,,,,9.0,Right Defensive Midfield,00:00,,Starting XI,Final Whistle
3857295,778,Japan,23730,Takehiro Tomiyasu,,16,114,Japan,,,,,,,,,,,,
3857295,778,Japan,25719,Shūichi Gonda,,12,114,Japan,,,,,,,1.0,Goalkeeper,00:00,,Starting XI,Final Whistle
3857295,778,Japan,29366,Daniel Schmidt,,23,114,Japan,,,,,,,,,,,,
3857295,778,Japan,29595,Ko Itakura,,4,114,Japan,,,,,,,3.0,Right Center Back,00:00,,Starting XI,Final Whistle
3857295,778,Japan,30628,Daizen Maeda,,25,114,Japan,,,,,,,,,,,,
3857295,778,Japan,31090,Takefusa Kubo,,11,114,Japan,,,,,,,,,,,,
3857295,778,Japan,37122,Yuki Soma,,24,114,Japan,,,,,,,16.0,Left Midfield,00:00,37:28,Starting XI,Tactical Shift
3857295,778,Japan,37208,Ao Tanaka,,17,114,Japan,,,,,,,,,,,,
3857295,778,Japan,37209,Miki Yamane,,2,114,Japan,,,,,,,2.0,Right Back,00:00,37:28,Starting XI,Tactical Shift
3857295,778,Japan,37211,Kaoru Mitoma,,9,114,Japan,,,,,,,7.0,Right Wing Back,61:34,61:50,Substitution - On (Tactical),Tactical Shift
3857295,778,Japan,37215,Shogo Taniguchi,,3,114,Japan,,,,,,,,,,,,
3857295,778,Japan,37221,Hidemasa Morita,,13,114,Japan,,,,,,,11.0,Left Defensive Midfield,00:00,,Starting XI,Final Whistle
3857295,778,Japan,38285,Ayase Ueda,,21,114,Japan,,,,,,,22.0,Right Center Forward,00:00,37:28,Starting XI,Tactical Shift
3857295,778,Japan,95272,Hiroki Ito,,26,114,Japan,,,,,,,5.0,Left Center Back,45:00,,Substitution - On (Tactical),Final Whistle
3857295,778,Japan,100436,Shuto Machino,,20,114,Japan,,,,,,,,,,,,
3857295,795,Costa Rica,5581,Joel Nathaniel Campbell Samuels,Joel Campbell,12,54,Costa Rica,,,,,,,21.0,Left Wing,00:00,64:36,Starting XI,Tactical Shift
3857295,795,Costa Rica,5582,Celso Borges Mora,Celso Borges,5,54,Costa Rica,,,,,,,9.0,Right Defensive Midfield,00:00,88:49,Starting XI,Substitution - Off (Tactical)
3857295,795,Costa Rica,5592,Bryan Ruiz González,Bryan Ruiz,10,54,Costa Rica,,,,,,,,,,,,
3857295,795,Costa Rica,5595,Johan Alberto Venegas Ulloa,Johan Venegas,11,54,Costa Rica,,,,,,,,,,,,
3857295,795,Costa Rica,5597,Keylor Navas Gamboa,Keylor Navas,1,54,Costa Rica,,,,,,,1.0,Goalkeeper,00:00,,Starting XI,Final Whistle
3857295,795,Costa Rica,5598,Óscar Esau Duarte Gaitán,Óscar Duarte,6,54,Costa Rica,,,,,,,3.0,Right Center Back,00:00,,Starting XI,Final Whistle
3857295,795,Costa Rica,5600,Francisco Javier Calvo Quesada,Francisco Calvo,15,54,Costa Rica,,,,,,,5.0,Left Center Back,00:00,,Starting XI,Final Whistle
3857295,795,Costa Rica,5836,Bryan Oviedo,,8,54,Costa Rica,,,,,,,8.0,Left Wing Back,00:00,,Starting XI,Final Whistle
3857295,795,Costa Rica,5839,Yeltsin Ignacio Tejeda Valverde,Yeltsin Tejeda,17,54,Costa Rica,,,,,,,11.0,Left Defensive Midfield,00:00,50:33,Starting XI,Player Off
3857295,795,Costa Rica,6328,Kendall Jamaal Waston Manley,Kendall Waston,19,54,Costa Rica,,,,,,,4.0,Center Back,00:00,,Starting XI,Final Whistle
3857295,795,Costa Rica,15477,Ronald Alberto Matarrita Ulate,Ronald Matarrita,22,54,Costa Rica,,,,,,,,,,,,
3857295,795,Costa Rica,27163,Juan Pablo Vargas Campos,Juan Pablo Vargas,3,54,Costa Rica,,,,,,,,,,,,
3857295,795,Costa Rica,97291,Patrick Gilmar Sequeira Mejías,,23,54,Costa Rica,,,,,,,,,,,,
3857295,795,Costa Rica,108340,Brandon Aguilera Zamora,Brandon Aguilera,20,54,Costa Rica,,,,,,,17.0,Right Wing,64:04,89:00,Substitution - On (Tactical),Tactical Shift
3857295,795,Costa Rica,130185,Keysher Fuller Spence,,4,54,Costa Rica,,,,,,,7.0,Right Wing Back,00:00,,Starting XI,Final Whistle
3857295,795,Costa Rica,130194,Esteban Alvarado Brown,,18,54,Costa Rica,,,,,,,,,,,,
3857295,795,Costa Rica,132271,Carlos Manuel Martínez Castro,Carlos Martínez,16,54,Costa Rica,,,,,,,,,,,,
3857295,795,Costa Rica,132296,Anthony Daniel Contreras Enríquez,,7,54,Costa Rica,,,,,,,23.0,Center Forward,00:00,64:27,Starting XI,Substitution - Off (Tactical)
3857295,795,Costa Rica,132497,Gerson Torres Barrantes,,13,54,Costa Rica,,,,,,,17.0,Right Wing,00:00,64:04,Starting XI,Substitution - Off (Tactical)
3857295,795,Costa Rica,132728,Jewison Bennette,,9,54,Costa Rica,,,,,,,23.0,Center Forward,64:27,64:36,Substitution - On (Tactical),Tactical Shift
3857295,795,Costa Rica,132743,Douglas Andrey López Araya,,21,54,Costa Rica,,,,,,,,,,,,
3857295,795,Costa Rica,132756,Youstin Delfin Salas Gómez,,14,54,Costa Rica,,,,,,,9.0,Right Defensive Midfield,88:49,89:00,Substitution - On (Tactical),Tactical Shift
3857295,795,Costa Rica,132772,Daniel Alonso Chacón Salas,,2,54,Costa Rica,,,,,,,23.0,Center Forward,94:20,94:31,Substitution - On (Tactical),Tactical Shift
3857295,795,Costa Rica,135271,Roan Roberto Wilson Gordon,,24,54,Costa Rica,,,,,,,,,,,,
3857295,795,Costa Rica,184468,Álvaro José Zamora Mata,,26,54,Costa Rica,,,,,,,,,,,,
3857295,795,Costa Rica,283799,Anthony William Hernández González,,25,54,Costa Rica,,,,,,,,,,,,
3857296,782,Belgium,2954,Youri Tielemans,,8,22,Belgium,,,,,,,9.0,Right Defensive Midfield,71:37,,Substitution - On (Tactical),Final Whistle
3857296,782,Belgium,3077,Jan Vertonghen,,5,22,Belgium,,,,,,,5.0,Left Center Back,00:00,,Starting XI,Final Whistle
3857296,782,Belgium,3089,Kevin De Bruyne,,7,22,Belgium,,,,,,,17.0,Right Wing,00:00,87:03,Starting XI,Tactical Shift
3857296,782,Belgium,3176,Thomas Meunier,,15,22,Belgium,,,,,,,2.0,Right Back,00:00,86:37,Starting XI,Substitution - Off (Tactical)
3857296,782,Belgium,3289,Romelu Lukaku Menama,Romelu Lukaku,9,22,Belgium,,,,,,,23.0,Center Forward,45:00,45:00,Tactical Shift,Substitution - On (Tactical)
3857296,782,Belgium,3457,Michy Batshuayi Tunga,Michy Batshuayi,23,22,Belgium,,,,,,,,,,,,
3857296,782,Belgium,3509,Thibaut Courtois,,1,22,Belgium,,,,,,,1.0,Goalkeeper,00:00,,Starting XI,Final Whistle
3857296,782,Belgium,3539,Simon Mignolet,,12,22,Belgium,,,,,,,,,,,,
3857296,782,Belgium,3621,Eden Hazard,,10,22,Belgium,,,,,,,2.0,Right Back,86:37,87:03,Substitution - On (Tactical),Tactical Shift
3857296,782,Belgium,5630,Dries Mertens,,14,22,Belgium,,,,,,,19.0,Center Attacking Midfield,00:00,45:00,Starting XI,Substitution - Off (Tactical)
3857296,782,Belgium,5632,Thorgan Hazard,,16,22,Belgium,,,,,,,19.0,Center Attacking Midfield,58:05,66:22,Substitution - On (Tactical),Tactical Shift
3857296,782,Belgium,5633,Yannick Ferreira Carrasco,Yannick Carrasco,11,22,Belgium,,,,,,,21.0,Left Wing,00:00,66:22,Starting XI,Tactical Shift
3857296,782,Belgium,5642,Axel Witsel,,6,22,Belgium,,,,,,,11.0,Left Defensive Midfield,00:00,,Starting XI,Final Whistle
3857296,782,Belgium,6331,Leander Dendoncker,,19,22,Belgium,,,,,,,9.0,Right Defensive Midfield,00:00,71:37,Starting XI,Substitution - Off (Tactical)
3857296,782,Belgium,6989,Timothy Castagne,,21,22,Belgium,,,,,,,6.0,Left Back,00:00,,Starting XI,Final Whistle
3857296,782,Belgium,8240,Koen Casteels,,13,22,Belgium,,,,,,,,,,,,
3857296,782,Belgium,8854,Wout Faes,,4,22,Belgium,,,,,,,,,,,,
3857296,782,Belgium,16275,Ikoma Loïs Openda,Loïs Openda,24,22,Belgium,,,,,,,,,,,,
3857296,782,Belgium,16281,Hans Vanaken,,20,22,Belgium,,,,,,,,,,,,
3857296,782,Belgium,16559,Leandro Trossard,,17,22,Belgium,,,,,,,23.0,Center Forward,00:00,45:00,Starting XI,Tactical Shift
3857296,782,Belgium,20005,Toby Alderweireld,,2,22,Belgium,,,,,,,3.0,Right Center Back,00:00,,Starting XI,Final Whistle
3857296,782,Belgium,23650,Jeremy Doku,Jérémy Doku,25,22,Belgium,,,,,,,19.0,Center Attacking Midfield,71:30,72:52,Substitution - On (Tactical),Tactical Shift
3857296,782,Belgium,32688,Charles De Ketelaere,,22,22,Belgium,,,,,,,,,,,,
3857296,782,Belgium,43913,Arthur Theate,,3,22,Belgium,,,,,,,,,,,,
3857296,782,Belgium,114832,Zeno Debast,,26,22,Belgium,,,,,,,,,,,,
3857296,785,Croatia,3441,Nikola Vlašić,,13,56,Croatia,,,,,,,,,,,,
3857296,785,Croatia,3471,Dejan Lovren,,6,56,Croatia,,,,,,,3.0,Right Center Back,00:00,,Starting XI,Final Whistle
3857296,785,Croatia,5456,Mateo Kovačić,,8,56,Croatia,,,,,,,15.0,Left Center Midfield,00:00,90:54,Starting XI,Substitution - Off (Tactical)
3857296,785,Croatia,5460,Andrej Kramarić,,9,56,Croatia,,,,,,,17.0,Right Wing,00:00,63:42,Starting XI,Substitution - Off (Tactical)
3857296,785,Croatia,5463,Luka Modrić,,10,56,Croatia,,,,,,,13.0,Right Center Midfield,00:00,,Starting XI,Final Whistle
3857296,785,Croatia,5468,Domagoj Vida,,21,56,Croatia,,,,,,,,,,,,
3857296,785,Croatia,5469,Marcelo Brozović,,11,56,Croatia,,,,,,,10.0,Center Defensive Midfield,00:00,,Starting XI,Final Whistle
3857296,785,Croatia,5474,Ivan Perišić,,4,56,Croatia,,,,,,,21.0,Left Wing,00:00,,Starting XI,Final Whistle
3857296,785,Croatia,7693,Bruno Petković,,16,56,Croatia,,,,,,,23.0,Center Forward,63:16,,Substitution - On (Tactical),Final Whistle
3857296,785,Croatia,8654,Ante Budimir,,17,56,Croatia,,,,,,,,,,,,
3857296,785,Croatia,11127,Borna Barišić,,3,56,Croatia,,,,,,,,,,,,
3857296,785,Croatia,11603,Mario Pašalić,,15,56,Croatia,,,,,,,17.0,Right Wing,63:42,,Substitution - On (Tactical),Final Whistle
3857296,785,Croatia,12625,Borna Sosa,,19,56,Croatia,,,,,,,6.0,Left Back,00:00,,Starting XI,Final Whistle
3857296,785,Croatia,16527,Mislav Oršić,,18,56,Croatia,,,,,,,,,,,,
3857296,785,Croatia,16531,Dominik Livaković,,1,56,Croatia,,,,,,,1.0,Goalkeeper,00:00,,Starting XI,Final Whistle
3857296,785,Croatia,22041,Marko Livaja,,14,56,Croatia,,,,,,,23.0,Center Forward,00:00,63:16,Starting XI,Substitution - Off (Tactical)
3857296,785,Croatia,28835,Ivica Ivušić,,23,56,Croatia,,,,,,,,,,,,
3857296,785,Croatia,28914,Lovro Majer,,7,56,Croatia,,,,,,,15.0,Left Center Midfield,90:54,,Substitution - On (Tactical),Final Whistle
3857296,785,Croatia,29163,Josip Juranović,,22,56,Croatia,,,,,,,2.0,Right Back,00:00,,Starting XI,Final Whistle
3857296,785,Croatia,29342,Ivo Grbić,,12,56,Croatia,,,,,,,,,,,,
3857296,785,Croatia,32602,Kristijan Jakić,,26,56,Croatia,,,,,,,,,,,,
3857296,785,Croatia,32689,Martin Erlić,,5,56,Croatia,,,,,,,,,,,,
3857296,785,Croatia,33018,Joško Gvardiol,,20,56,Croatia,,,,,,,5.0,Left Center Back,00:00,,Starting XI,Final Whistle
3857296,785,Croatia,37148,Josip Šutalo,,24,56,Croatia,,,,,,,,,,,,
3857296,785,Croatia,39490,Luka Sučić,,25,56,Croatia,,,,,,,,,,,,
3857296,785,Croatia,49337,Josip Stanišić,,2,56,Croatia,,,,,,,,,,,,
3857297,789,Poland,3034,Kamil Glik,,15,182,Poland,,,,,,,3.0,Right Center Back,00:00,,Starting XI,Final Whistle
3857297,789,Poland,3637,Grzegorz Krychowiak,,10,182,Poland,,,,,,,11.0,Left Defensive Midfield,00:00,,Starting XI,Final Whistle
3857297,789,Poland,4626,Jan Bednarek,,5,182,Poland,,,,,,,,,,,,
3857297,789,Poland,4664,Sebastian Szymański,,19,182,Poland,,,,,,,,,,,,
3857297,789,Poland,4682,Robert Gumny,,25,182,Poland,,,,,,,,,,,,
3857297,789,Poland,4685,Artur Jędrzejczyk,,3,182,Poland,,,,,,,,,,,,
3857297,789,Poland,4734,Matty Cash,,2,182,Poland,,,,,,,2.0,Right Back,00:00,,Starting XI,Final Whistle
3857297,789,Poland,5660,Piotr Zieliński,,20,182,Poland,,,,,,,12.0,Right Midfield,00:00,24:51,Starting XI,Tactical Shift
3857297,789,Poland,5665,Arkadiusz Milik,,7,182,Poland,,,,,,,22.0,Right Center Forward,00:00,24:51,Starting XI,Tactical Shift
3857297,789,Poland,5667,Kamil Grosicki,,11,182,Poland,,,,,,,,,,,,
3857297,789,Poland,5668,Robert Lewandowski,,9,182,Poland,,,,,,,24.0,Left Center Forward,00:00,24:51,Starting XI,Tactical Shift
3857297,789,Poland,5669,Wojciech Szczęsny,,1,182,Poland,,,,,,,1.0,Goalkeeper,00:00,,Starting XI,Final Whistle
3857297,789,Poland,5673,Bartosz Bereszyński,,18,182,Poland,,,,,,,6.0,Left Back,00:00,,Starting XI,Final Whistle
3857297,789,Poland,7979,Przemysław Frankowski,,24,182,Poland,,,,,,,16.0,Left Midfield,00:00,24:51,Starting XI,Tactical Shift
3857297,789,Poland,8021,Szymon Żurkowski,,17,182,Poland,,,,,,,,,,,,
3857297,789,Poland,8704,Mateusz Wieteska,,4,182,Poland,,,,,,,,,,,,
3857297,789,Poland,8714,Damian Szymański,,8,182,Poland,,,,,,,,,,,,
3857297,789,Poland,8836,Karol Świderski,,16,182,Poland,,,,,,,,,,,,
3857297,789,Poland,11508,Łukasz Skorupski,,12,182,Poland,,,,,,,,,,,,
3857297,789,Poland,11737,Krystian Bielik,,6,182,Poland,,,,,,,9.0,Right Defensive Midfield,00:00,,Starting XI,Final Whistle
3857297,789,Poland,12493,Krzysztof Piątek,,23,182,Poland,,,,,,,24.0,Left Center Forward,70:37,,Substitution - On (Tactical),Final Whistle
3857297,789,Poland,24413,Kamil Grabara,,22,182,Poland,,,,,,,,,,,,
3857297,789,Poland,28453,Michał Skóraś,,26,182,Poland,,,,,,,,,,,,
3857297,789,Poland,31955,Jakub Kamiński,,13,182,Poland,,,,,,,19.0,Center Attacking Midfield,62:08,63:11,Substitution - On (Tactical),Tactical Shift
3857297,789,Poland,44166,Jakub Piotr Kiwior,,14,182,Poland,,,,,,,5.0,Left Center Back,00:00,,Starting XI,Final Whistle
3857297,789,Poland,50502,Nicola Zalewski,,21,182,Poland,,,,,,,,,,,,
3857297,799,Saudi Arabia,5173,Abdullah Ibrahim Otayf,Abdullah Otayf,14,200,Saudi Arabia,,,,,,,,,,,,
3857297,799,Saudi Arabia,5187,Salem Mohammed Al Dawsari,Salem Al Dawsari,10,200,Saudi Arabia,,,,,,,21.0,Left Wing,00:00,94:59,Starting XI,Tactical Shift
3857297,799,Saudi Arabia,5188,Hattan Babhir,,19,200,Saudi Arabia,,,,,,,19.0,Center Attacking Midfield,94:41,94:59,Substitution - On (Tactical),Tactical Shift
3857297,799,Saudi Arabia,5191,Mohammed Al Burayk,,6,200,Saudi Arabia,,,,,,,6.0,Left Back,00:00,21:01,Starting XI,Player Off
3857297,799,Saudi Arabia,5713,Mohammed Kanoo,,23,200,Saudi Arabia,,,,,,,9.0,Right Defensive Midfield,00:00,49:59,Starting XI,Player Off
3857297,799,Saudi Arabia,5714,Mohammed Khalil Al Owais,Mohammed Al Owais,21,200,Saudi Arabia,,,,,,,1.0,Goalkeeper,00:00,,Starting XI,Final Whistle
3857297,799,Saudi Arabia,5715,Ali Albulayhi,,5,200,Saudi Arabia,,,,,,,5.0,Left Center Back,00:00,37:09,Starting XI,Player Off
3857297,799,Saudi Arabia,51094,Abdulelah Al Amri,,4,200,Saudi Arabia,,,,,,,3.0,Right Center Back,00:00,76:21,Starting XI,Player Off
3857297,799,Saudi Arabia,51096,Ali Al Hassan,Ali Al-Hassan,15,200,Saudi Arabia,,,,,,,,,,,,
3857297,799,Saudi Arabia,51099,Firas Tariq Nasser Al Albirakan,Firas Albirakan,9,200,Saudi Arabia,,,,,,,17.0,Right Wing,00:00,85:15,Starting XI,Tactical Shift
3857297,799,Saudi Arabia,51103,Abdullah Mohammed Madu,Abdullah Madu,3,200,Saudi Arabia,,,,,,,,,,,,
3857297,799,Saudi Arabia,51469,Saleh Khalid Al Shehri,Saleh Al Shehri,11,200,Saudi Arabia,,,,,,,23.0,Center Forward,00:00,85:00,Starting XI,Substitution - Off (Tactical)
3857297,799,Saudi Arabia,51546,Hassan Mohammed Al-Tambakti,Hassan Mohammed Al Tambakti,17,200,Saudi Arabia,,,,,,,,,,,,
3857297,799,Saudi Arabia,51632,Sami Khalil Al Naji,Sami Al Naji,16,200,Saudi Arabia,,,,,,,19.0,Center Attacking Midfield,00:00,45:00,Starting XI,Substitution - Off (Tactical)
3857297,799,Saudi Arabia,51663,Mohammed Al Rubaie Al Yami,Mohammed Al Yami,1,200,Saudi Arabia,,,,,,,,,,,,
3857297,799,Saudi Arabia,51705,Abdulrahman Al-Obood,Abdulrahman Al Obod,20,200,Saudi Arabia,,,,,,,11.0,Left Defensive Midfield,84:56,85:15,Substitution - On (Tactical),Tactical Shift
3857297,799,Saudi Arabia,51710,Saud Abdullah Abdul Hamid,Saud Abdul Hamid,12,200,Saudi Arabia,,,,,,,2.0,Right Back,00:00,45:09,Starting XI,Tactical Shift
3857297,799,Saudi Arabia,54144,Nawaf Shaker Al Abid,Nawaf Al Abid,18,200,Saudi Arabia,,,,,,,19.0,Center Attacking Midfield,45:00,94:41,Substitution - On (Tactical),Substitution - Off (Tactical)
3857297,799,Saudi Arabia,54149,Nawaf Alaqidi,,22,200,Saudi Arabia,,,,,,,,,,,,
3857297,799,Saudi Arabia,56755,Abdulelah Saad Hameed Al-Malki,Abdulelah Al Malki,8,200,Saudi Arabia,,,,,,,11.0,Left Defensive Midfield,00:00,84:56,Starting XI,Substitution - Off (Tactical)
3857297,799,Saudi Arabia,57620,Sultan Abdullah Salim Al Ghannam,Sultan Al Ghanam,2,200,Saudi Arabia,,,,,,,2.0,Right Back,64:45,,Substitution - On (Tactical),Final Whistle
3857297,799,Saudi Arabia,74623,Nasser Al Dawsari,,24,200,Saudi Arabia,,,,,,,23.0,Center Forward,85:00,85:15,Substitution - On (Tactical),Tactical Shift
3857297,799,Saudi Arabia,121539,Haitham Mohammed Asiri,Haitham Asiri,25,200,Saudi Arabia,,,,,,,,,,,,
3857298,4885,Ghana,2989,Alexander Djiku,,23,86,Ghana,,,,,,,4.0,Center Back,00:00,91:43,Starting XI,Substitution - Off (Tactical)
3857298,4885,Ghana,3347,André Ayew Pelé,André Ayew,10,86,Ghana,,,,,,,22.0,Right Center Forward,00:00,76:22,Starting XI,Substitution - Off (Tactical)
3857298,4885,Ghana,3450,Jordan Ayew,,9,86,Ghana,,,,,,,22.0,Right Center Forward,76:22,76:47,Substitution - On (Tactical),Tactical Shift
3857298,4885,Ghana,3709,Daniel Amartey,,18,86,Ghana,,,,,,,3.0,Right Center Back,00:00,,Starting XI,Final Whistle
3857298,4885,Ghana,6383,Thomas Teye Partey,Thomas Partey,5,86,Ghana,,,,,,,13.0,Right Center Midfield,00:00,92:07,Starting XI,Tactical Shift
3857298,4885,Ghana,6393,Iñaki Williams Arthuer,Iñaki Williams,19,86,Ghana,,,,,,,24.0,Left Center Forward,00:00,92:07,Starting XI,Tactical Shift
3857298,4885,Ghana,8108,Lawrence Ati-Zigi,,1,86,Ghana,,,,,,,1.0,Goalkeeper,00:00,,Starting XI,Final Whistle
3857298,4885,Ghana,9286,Antoine Semenyo,,25,86,Ghana,,,,,,,4.0,Center Back,91:43,92:07,Substitution - On (Tactical),Tactical Shift
3857298,4885,Ghana,9859,Elisha Owusu,,6,86,Ghana,,,,,,,,,,,,
3857298,4885,Ghana,12259,Denis Odoi,,3,86,Ghana,,,,,,,,,,,,
3857298,4885,Ghana,12325,Abdul Rahman Baba,Baba Rahman,17,86,Ghana,,,,,,,8.0,Left Wing Back,00:00,92:07,Starting XI,Tactical Shift
3857298,4885,Ghana,16555,Joseph Aidoo,,15,86,Ghana,,,,,,,,,,,,
3857298,4885,Ghana,17033,Mohammed Kudus,,20,86,Ghana,,,,,,,15.0,Left Center Midfield,00:00,75:40,Starting XI,Substitution - Off (Tactical)
3857298,4885,Ghana,23615,Gideon Mensah,,14,86,Ghana,,,,,,,,,,,,
3857298,4885,Ghana,28616,Daniel-Kofi Kyereh,,8,86,Ghana,,,,,,,10.0,Center Defensive Midfield,92:06,92:07,Substitution - On (Tactical),Tactical Shift
3857298,4885,Ghana,30519,Mohamed Salisu,,4,86,Ghana,,,,,,,5.0,Left Center Back,00:00,,Starting XI,Final Whistle
3857298,4885,Ghana,31029,Salis Abdul Samed,,21,86,Ghana,,,,,,,10.0,Center Defensive Midfield,00:00,92:06,Starting XI,Substitution - Off (Tactical)
3857298,4885,Ghana,33602,Tariq Lamptey,,2,86,Ghana,,,,,,,7.0,Right Wing Back,65:40,92:07,Substitution - On (Tactical),Tactical Shift
3857298,4885,Ghana,35658,Kamaldeen Sulemana,,22,86,Ghana,,,,,,,,,,,,
3857298,4885,Ghana,43891,Kamal Sowah,,24,86,Ghana,,,,,,,,,,,,
3857298,4885,Ghana,44225,Osman Bukari,,11,86,Ghana,,,,,,,15.0,Left Center Midfield,75:40,76:47,Substitution - On (Tactical),Tactical Shift
3857298,4885,Ghana,45047,Alidu Seidu,,26,86,Ghana,,,,,,,7.0,Right Wing Back,00:00,65:40,Starting XI,Substitution - Off (Tactical)
3857298,4885,Ghana,52091,Abdul Manaf Nurudeen,,16,86,Ghana,,,,,,,,,,,,
3857298,4885,Ghana,136305,Daniel Afriyie Barnieh,,13,86,Ghana,,,,,,,,,,,,
3857298,4885,Ghana,136306,Abdul Fatawu Issahaku,Abdul Fatawu,7,86,Ghana,,,,,,,,,,,,
3857298,4885,Ghana,147563,Ibrahim Danlad,,12,86,Ghana,,,,,,,,,,,,
3857298,780,Portugal,3193,Bernardo Mota Veiga de Carvalho e Silva,Bernardo Silva,10,183,Portugal,,,,,,,13.0,Right Center Midfield,00:00,77:02,Starting XI,Tactical Shift
3857298,780,Portugal,4272,João Mário Naval da Costa Eduardo,João Mário,17,183,Portugal,,,,,,,17.0,Right Wing,87:23,,Substitution - On (Tactical),Final Whistle
3857298,780,Portugal,5204,Bruno Miguel Borges Fernandes,Bruno Fernandes,8,183,Portugal,,,,,,,17.0,Right Wing,00:00,77:02,Starting XI,Tactical Shift
3857298,780,Portugal,5205,Rui Pedro dos Santos Patrício,Rui Patrício,1,183,Portugal,,,,,,,,,,,,
3857298,780,Portugal,5206,Rúben Santos Gato Alves Dias,Rúben Dias,4,183,Portugal,,,,,,,3.0,Right Center Back,00:00,,Starting XI,Final Whistle
3857298,780,Portugal,5207,Cristiano Ronaldo dos Santos Aveiro,Cristiano Ronaldo,7,183,Portugal,,,,,,,23.0,Center Forward,00:00,87:18,Starting XI,Substitution - Off (Tactical)
3857298,780,Portugal,5209,Raphaël Adelino José Guerreiro,Raphaël Guerreiro,5,183,Portugal,,,,,,,6.0,Left Back,00:00,,Starting XI,Final Whistle
3857298,780,Portugal,5214,William Silva de Carvalho,William Carvalho,14,183,Portugal,,,,,,,15.0,Left Center Midfield,55:49,77:02,Substitution - On (Injury),Tactical Shift
3857298,780,Portugal,5218,André Miguel Valente Silva,André Silva,9,183,Portugal,,,,,,,,,,,,
3857298,780,Portugal,7005,João Pedro Cavaco Cancelo,João Cancelo,20,183,Portugal,,,,,,,2.0,Right Back,00:00,,Starting XI,Final Whistle
3857298,780,Portugal,9927,Rúben Diogo Da Silva Neves,Rúben Neves,18,183,Portugal,,,,,,,10.0,Center Defensive Midfield,00:00,76:46,Starting XI,Substitution - Off (Tactical)
3857298,780,Portugal,10868,Ricardo Jorge Luz Horta,Ricardo Horta,21,183,Portugal,,,,,,,,,,,,
3857298,780,Portugal,11184,Otávio Edmilson da Silva Monteiro,,25,183,Portugal,,,,,,,15.0,Left Center Midfield,00:00,55:49,Starting XI,Substitution - Off (Injury)
3857298,780,Portugal,12041,João Félix Sequeira,João Félix,11,183,Portugal,,,,,,,21.0,Left Wing,00:00,77:02,Starting XI,Tactical Shift
3857298,780,Portugal,12169,João Maria Lobo Alves Palhinha Gonçalves,João Palhinha,6,183,Portugal,,,,,,,11.0,Left Defensive Midfield,87:31,87:58,Substitution - On (Tactical),Tactical Shift
3857298,780,Portugal,13621,Danilo Luís Hélio Pereira,Danilo Pereira,13,183,Portugal,,,,,,,5.0,Left Center Back,00:00,,Starting XI,Final Whistle
3857298,780,Portugal,16028,José Diogo Dalot Teixeira,Diogo Dalot,2,183,Portugal,,,,,,,,,,,,
3857298,780,Portugal,18360,Rafael Alexandre Conceição Leão,Rafael Leão,15,183,Portugal,,,,,,,10.0,Center Defensive Midfield,76:46,77:02,Substitution - On (Tactical),Tactical Shift
3857298,780,Portugal,18866,José Pedro Malheiro de Sá,José Sá,12,183,Portugal,,,,,,,,,,,,
3857298,780,Portugal,20016,Kléper Laveran Lima Ferreira,Pepe,3,183,Portugal,,,,,,,,,,,,
3857298,780,Portugal,32975,Diogo Meireles Costa,Diogo Costa,22,183,Portugal,,,,,,,1.0,Goalkeeper,00:00,,Starting XI,Final Whistle
3857298,780,Portugal,34639,Vitor Machado Ferreira,Vitinha,16,183,Portugal,,,,,,,,,,,,
3857298,780,Portugal,38803,Gonçalo Matias Ramos,Gonçalo Ramos,26,183,Portugal,,,,,,,23.0,Center Forward,87:18,,Substitution - On (Tactical),Final Whistle
3857298,780,Portugal,40874,Matheus Luiz Nunes,Matheus Nunes,23,183,Portugal,,,,,,,,,,,,
3857298,780,Portugal,143854,António João Pereira Albuquerque Tavares Silva,António Silva,24,183,Portugal,,,,,,,,,,,,
3857299,4885,Ghana,2989,Alexander Djiku,,23,86,Ghana,,,,,,,17.0,Right Wing,82:08,82:35,Substitution - On (Tactical),Tactical Shift
3857299,4885,Ghana,3347,André Ayew Pelé,André Ayew,10,86,Ghana,,,,,,,19.0,Center Attacking Midfield,00:00,77:47,Starting XI,Substitution - Off (Tactical)
3857299,4885,Ghana,3450,Jordan Ayew,,9,86,Ghana,,,,,,,21.0,Left Wing,00:00,77:48,Starting XI,Substitution - Off (Tactical)
3857299,4885,Ghana,3709,Daniel Amartey,,18,86,Ghana,,,,,,,3.0,Right Center Back,00:00,,Starting XI,Final Whistle
3857299,4885,Ghana,6383,Thomas Teye Partey,Thomas Partey,5,86,Ghana,,,,,,,9.0,Right Defensive Midfield,00:00,,Starting XI,Final Whistle
3857299,4885,Ghana,6393,Iñaki Williams Arthuer,Iñaki Williams,19,86,Ghana,,,,,,,23.0,Center Forward,00:00,,Starting XI,Final Whistle
3857299,4885,Ghana,8108,Lawrence Ati-Zigi,,1,86,Ghana,,,,,,,1.0,Goalkeeper,00:00,,Starting XI,Final Whistle
3857299,4885,Ghana,9286,Antoine Semenyo,,25,86,Ghana,,,,,,,,,,,,
3857299,4885,Ghana,9859,Elisha Owusu,,6,86,Ghana,,,,,,,,,,,,
3857299,4885,Ghana,12259,Denis Odoi,,3,86,Ghana,,,,,,,2.0,Right Back,77:46,82:35,Substitution - On (Tactical),Tactical Shift
3857299,4885,Ghana,12325,Abdul Rahman Baba,Baba Rahman,17,86,Ghana,,,,,,,8.0,Left Wing Back,87:31,,Substitution - On (Injury),Final Whistle
3857299,4885,Ghana,16555,Joseph Aidoo,,15,86,Ghana,,,,,,,,,,,,
3857299,4885,Ghana,17033,Mohammed Kudus,,20,86,Ghana,,,,,,,17.0,Right Wing,00:00,82:08,Starting XI,Substitution - Off (Tactical)
3857299,4885,Ghana,23615,Gideon Mensah,,14,86,Ghana,,,,,,,6.0,Left Back,00:00,82:35,Starting XI,Tactical Shift
3857299,4885,Ghana,28616,Daniel-Kofi Kyereh,,8,86,Ghana,,,,,,,19.0,Center Attacking Midfield,77:47,82:35,Substitution - On (Tactical),Tactical Shift
3857299,4885,Ghana,30519,Mohamed Salisu,,4,86,Ghana,,,,,,,5.0,Left Center Back,00:00,,Starting XI,Final Whistle
3857299,4885,Ghana,31029,Salis Abdul Samed,,21,86,Ghana,,,,,,,11.0,Left Defensive Midfield,00:00,,Starting XI,Final Whistle
3857299,4885,Ghana,33602,Tariq Lamptey,,2,86,Ghana,,,,,,,2.0,Right Back,00:00,77:46,Starting XI,Substitution - Off (Tactical)
3857299,4885,Ghana,35658,Kamaldeen Sulemana,,22,86,Ghana,,,,,,,21.0,Left Wing,77:48,82:35,Substitution - On (Tactical),Tactical Shift
3857299,4885,Ghana,43891,Kamal Sowah,,24,86,Ghana,,,,,,,,,,,,
3857299,4885,Ghana,44225,Osman Bukari,,11,86,Ghana,,,,,,,,,,,,
3857299,4885,Ghana,45047,Alidu Seidu,,26,86,Ghana,,,,,,,,,,,,
3857299,4885,Ghana,52091,Abdul Manaf Nurudeen,,16,86,Ghana,,,,,,,,,,,,
3857299,4885,Ghana,136305,Daniel Afriyie Barnieh,,13,86,Ghana,,,,,,,,,,,,
3857299,4885,Ghana,136306,Abdul Fatawu Issahaku,Abdul Fatawu,7,86,Ghana,,,,,,,,,,,,
3857299,4885,Ghana,147563,Ibrahim Danlad,,12,86,Ghana,,,,,,,,,,,,
3857299,791,South Korea,3083,Heung-Min Son,Son Heung-Min,7,121,Korea (South),,,,,,,21.0,Left Wing,00:00,,Starting XI,Final Whistle
3857299,791,South Korea,3135,Chang-Hoon Kwon,Kwon Chang-Hoon,22,121,Korea (South),,,,,,,17.0,Right Wing,00:00,45:00,Starting XI,Tactical Shift
3857299,791,South Korea,5604,Young-Gwon Kim,Kim Young-Gwon,19,121,Korea (South),,,,,,,5.0,Left Center Back,00:00,,Starting XI,Final Whistle
3857299,791,South Korea,5618,Woo-Young Jung,Jung Woo-Young,5,121,Korea (South),,,,,,,9.0,Right Defensive Midfield,00:00,78:09,Starting XI,Substitution - Off (Tactical)
3857299,791,South Korea,5619,Hyeon-Woo Jo,,21,121,Korea (South),,,,,,,,,,,,
3857299,791,South Korea,5620,Hee-Chan Hwang,Hwang Hee-Chan,11,121,Korea (South),,,,,,,,,,,,
3857299,791,South Korea,5623,Jae-Sung Lee,Lee Jae-Sung,10,121,Korea (South),,,,,,,,,,,,
3857299,791,South Korea,5986,Chul Hong,Hong Chul,14,121,Korea (South),,,,,,,,,,,,
3857299,791,South Korea,22067,Woo-Yeong Jeong,Jeong Woo-Yeong,25,121,Korea (South),,,,,,,19.0,Center Attacking Midfield,00:00,45:00,Starting XI,Substitution - Off (Tactical)
3857299,791,South Korea,22740,Kang-In Lee,Lee Kang-In,18,121,Korea (South),,,,,,,19.0,Center Attacking Midfield,56:19,78:25,Substitution - On (Tactical),Tactical Shift
3857299,791,South Korea,23264,Seung-Ho Paik,Paik Seung-Ho,8,121,Korea (South),,,,,,,,,,,,
3857299,791,South Korea,23763,In-Beom Hwang,Hwang In-Beom,6,121,Korea (South),,,,,,,11.0,Left Defensive Midfield,00:00,64:09,Starting XI,Player Off
3857299,791,South Korea,29966,Ui-Jo Hwang,Hwang Ui-jo,16,121,Korea (South),,,,,,,9.0,Right Defensive Midfield,78:09,78:25,Substitution - On (Tactical),Tactical Shift
3857299,791,South Korea,37641,Seung-Gyu Kim,Kim Seung-Gyu,1,121,Korea (South),,,,,,,1.0,Goalkeeper,00:00,,Starting XI,Final Whistle
3857299,791,South Korea,40538,Jin-Su Kim,Kim Jin-Su,3,121,Korea (South),,,,,,,6.0,Left Back,00:00,50:41,Starting XI,Player Off
3857299,791,South Korea,40542,Gue-Sung Cho,Cho Kyu-Sung,9,121,Korea (South),,,,,,,23.0,Center Forward,00:00,,Starting XI,Final Whistle
3857299,791,South Korea,40550,Bum-Keun Song,Song Bum-Keun,12,121,Korea (South),,,,,,,,,,,,
3857299,791,South Korea,40558,Jun-Ho Son,Son Jun-Ho,13,121,Korea (South),,,,,,,,,,,,
3857299,791,South Korea,40564,Kyung-Won Kwon,Kwon Kyung-Won,20,121,Korea (South),,,,,,,3.0,Right Center Back,91:42,,Substitution - On (Tactical),Final Whistle
3857299,791,South Korea,40578,Tae-Hwan Kim,Kim Tae-Hwan,23,121,Korea (South),,,,,,,,,,,,
3857299,791,South Korea,40664,Min-Kyu Song,Song Min-Kyu,26,121,Korea (South),,,,,,,,,,,,
3857299,791,South Korea,40672,Moon-Hwan Kim,Kim Moon-Hwan,15,121,Korea (South),,,,,,,2.0,Right Back,00:00,,Starting XI,Final Whistle
3857299,791,South Korea,41495,Jong-Gyu Yoon,Yoon Jong-Gyu,2,121,Korea (South),,,,,,,,,,,,
3857299,791,South Korea,41711,Sang-Ho Na,Na Sangho,17,121,Korea (South),,,,,,,17.0,Right Wing,45:00,45:00,Tactical Shift,Substitution - On (Tactical)
3857299,791,South Korea,43565,Min Jae Kim,Min Jae Kim,4,121,Korea (South),,,,,,,3.0,Right Center Back,00:00,91:42,Starting XI,Substitution - Off (Tactical)
3857299,791,South Korea,99479,Yu-Min Cho,Cho Yu-Min,24,121,Korea (South),,,,,,,,,,,,
3857300,779,Argentina,2995,Ángel Fabián Di María Hernández,Ángel Di María,11,11,Argentina,,,,,,,12.0,Right Midfield,00:00,,Starting XI,Final Whistle
3857300,779,Argentina,3090,Nicolás Hernán Otamendi,Nicolás Otamendi,19,11,Argentina,,,,,,,5.0,Left Center Back,00:00,58:36,Starting XI,Tactical Shift
3857300,779,Argentina,5503,Lionel Andrés Messi Cuccittini,Lionel Messi,10,11,Argentina,,,,,,,22.0,Right Center Forward,00:00,,Starting XI,Final Whistle
3857300,779,Argentina,5507,Nicolás Alejandro Tagliafico,Nicolás Tagliafico,3,11,Argentina,,,,,,,6.0,Left Back,00:00,70:01,Starting XI,Substitution - Off (Tactical)
3857300,779,Argentina,5743,Paulo Bruno Exequiel Dybala,Paulo Dybala,21,11,Argentina,,,,,,,,,,,,
3857300,779,Argentina,6312,Franco Armani,,1,11,Argentina,,,,,,,,,,,,
3857300,779,Argentina,6377,Ángel Martín Correa,Ángel Correa,15,11,Argentina,,,,,,,,,,,,
3857300,779,Argentina,6694,Gerónimo Rulli,Gero Rulli,12,11,Argentina,,,,,,,,,,,,
3857300,779,Argentina,6909,Damián Emiliano Martínez,Emiliano Martínez,23,11,Argentina,,,,,,,1.0,Goalkeeper,00:00,,Starting XI,Final Whistle
3857300,779,Argentina,7006,Alejandro Darío Gómez,Papu Gómez,17,11,Argentina,,,,,,,16.0,Left Midfield,00:00,58:15,Starting XI,Substitution - Off (Tactical)
3857300,779,Argentina,7161,Germán Alejandro Pezzella,Germán Pezzella,6,11,Argentina,,,,,,,,,,,,
3857300,779,Argentina,7797,Rodrigo Javier De Paul,Rodrigo De Paul,7,11,Argentina,,,,,,,9.0,Right Defensive Midfield,00:00,,Starting XI,Final Whistle
3857300,779,Argentina,11456,Lautaro Javier Martínez,Lautaro Martínez,22,11,Argentina,,,,,,,24.0,Left Center Forward,00:00,,Starting XI,Final Whistle
3857300,779,Argentina,16308,Leandro Daniel Paredes,Leandro Paredes,5,11,Argentina,,,,,,,11.0,Left Defensive Midfield,00:00,58:24,Starting XI,Substitution - Off (Tactical)
3857300,779,Argentina,19597,Marcos Javier Acuña,Marcos Acuña,8,11,Argentina,,,,,,,6.0,Left Back,70:01,,Substitution - On (Tactical),Final Whistle
3857300,779,Argentina,20572,Cristian Gabriel Romero,Cristian Romero,13,11,Argentina,,,,,,,3.0,Right Center Back,00:00,58:14,Starting XI,Substitution - Off (Tactical)
3857300,779,Argentina,21081,Juan Marcos Foyth,Juan Foyth,2,11,Argentina,,,,,,,,,,,,
3857300,779,Argentina,26404,Guido Rodríguez,,18,11,Argentina,,,,,,,,,,,,
3857300,779,Argentina,27768,Lisandro Martínez,,25,11,Argentina,,,,,,,3.0,Right Center Back,58:14,58:36,Substitution - On (Tactical),Tactical Shift
3857300,779,Argentina,27886,Alexis Mac Allister,Alexis MacAllister,20,11,Argentina,,,,,,,,,,,,
3857300,779,Argentina,28263,Gonzalo Ariel Montiel,Gonzalo Montiel,4,11,Argentina,,,,,,,,,,,,
3857300,779,Argentina,28268,Exequiel Alejandro Palacios,Exequiel Palacios,14,11,Argentina,,,,,,,,,,,,
3857300,779,Argentina,28637,Thiago Ezequiel Almada,Thiago Almada,16,11,Argentina,,,,,,,,,,,,
3857300,779,Argentina,29201,Nahuel Molina Lucero,Nahuel Molina,26,11,Argentina,,,,,,,2.0,Right Back,00:00,,Starting XI,Final Whistle
3857300,779,Argentina,29560,Julián Álvarez,,9,11,Argentina,,,,,,,16.0,Left Midfield,58:15,,Substitution - On (Tactical),Final Whistle
3857300,779,Argentina,38718,Enzo Fernandez,,24,11,Argentina,,,,,,,11.0,Left Defensive Midfield,58:24,,Substitution - On (Tactical),Final Whistle
3857300,799,Saudi Arabia,5173,Abdullah Ibrahim Otayf,Abdullah Otayf,14,200,Saudi Arabia,,,,,,,,,,,,
3857300,799,Saudi Arabia,5178,Salman Mohammed Al Faraj,Salman Al Faraj,7,200,Saudi Arabia,,,,,,,13.0,Right Center Midfield,00:00,38:23,Starting XI,Player Off
3857300,799,Saudi Arabia,5183,Yasir Gharsan Al Shahrani,Yasir Al Shahrani,13,200,Saudi Arabia,,,,,,,6.0,Left Back,00:00,88:33,Starting XI,Tactical Shift
3857300,799,Saudi Arabia,5187,Salem Mohammed Al Dawsari,Salem Al Dawsari,10,200,Saudi Arabia,,,,,,,16.0,Left Midfield,00:00,88:33,Starting XI,Tactical Shift
3857300,799,Saudi Arabia,5188,Hattan Babhir,,19,200,Saudi Arabia,,,,,,,,,,,,
3857300,799,Saudi Arabia,5191,Mohammed Al Burayk,,6,200,Saudi Arabia,,,,,,,16.0,Left Midfield,98:36,,Substitution - On (Injury),Final Whistle
3857300,799,Saudi Arabia,5713,Mohammed Kanoo,,23,200,Saudi Arabia,,,,,,,15.0,Left Center Midfield,00:00,47:41,Starting XI,Tactical Shift
3857300,799,Saudi Arabia,5714,Mohammed Khalil Al Owais,Mohammed Al Owais,21,200,Saudi Arabia,,,,,,,1.0,Goalkeeper,00:00,,Starting XI,Final Whistle
3857300,799,Saudi Arabia,5715,Ali Albulayhi,,5,200,Saudi Arabia,,,,,,,5.0,Left Center Back,00:00,88:33,Starting XI,Tactical Shift
3857300,799,Saudi Arabia,51094,Abdulelah Al Amri,,4,200,Saudi Arabia,,,,,,,19.0,Center Attacking Midfield,87:44,88:33,Substitution - On (Tactical),Tactical Shift
3857300,799,Saudi Arabia,51096,Ali Al Hassan,Ali Al-Hassan,15,200,Saudi Arabia,,,,,,,,,,,,
3857300,799,Saudi Arabia,51099,Firas Tariq Nasser Al Albirakan,Firas Albirakan,9,200,Saudi Arabia,,,,,,,12.0,Right Midfield,00:00,77:23,Starting XI,Tactical Shift
3857300,799,Saudi Arabia,51103,Abdullah Mohammed Madu,Abdullah Madu,3,200,Saudi Arabia,,,,,,,,,,,,
3857300,799,Saudi Arabia,51469,Saleh Khalid Al Shehri,Saleh Al Shehri,11,200,Saudi Arabia,,,,,,,23.0,Center Forward,00:00,77:21,Starting XI,Substitution - Off (Tactical)
3857300,799,Saudi Arabia,51470,Riyadh Sharahili,,26,200,Saudi Arabia,,,,,,,,,,,,
3857300,799,Saudi Arabia,51546,Hassan Mohammed Al-Tambakti,Hassan Mohammed Al Tambakti,17,200,Saudi Arabia,,,,,,,3.0,Right Center Back,00:00,,Starting XI,Final Whistle
3857300,799,Saudi Arabia,51632,Sami Khalil Al Naji,Sami Al Naji,16,200,Saudi Arabia,,,,,,,,,,,,
3857300,799,Saudi Arabia,51663,Mohammed Al Rubaie Al Yami,Mohammed Al Yami,1,200,Saudi Arabia,,,,,,,,,,,,
3857300,799,Saudi Arabia,51705,Abdulrahman Al-Obood,Abdulrahman Al Obod,20,200,Saudi Arabia,,,,,,,,,,,,
3857300,799,Saudi Arabia,51710,Saud Abdullah Abdul Hamid,Saud Abdul Hamid,12,200,Saudi Arabia,,,,,,,2.0,Right Back,00:00,,Starting XI,Final Whistle
3857300,799,Saudi Arabia,54144,Nawaf Shaker Al Abid,Nawaf Al Abid,18,200,Saudi Arabia,,,,,,,13.0,Right Center Midfield,47:39,47:41,Substitution - On (Injury),Tactical Shift
3857300,799,Saudi Arabia,54149,Nawaf Alaqidi,,22,200,Saudi Arabia,,,,,,,,,,,,
3857300,799,Saudi Arabia,56755,Abdulelah Saad Hameed Al-Malki,Abdulelah Al Malki,8,200,Saudi Arabia,,,,,,,10.0,Center Defensive Midfield,00:00,47:41,Starting XI,Tactical Shift
3857300,799,Saudi Arabia,57620,Sultan Abdullah Salim Al Ghannam,Sultan Al Ghanam,2,200,Saudi Arabia,,,,,,,23.0,Center Forward,77:21,77:23,Substitution - On (Tactical),Tactical Shift
3857300,799,Saudi Arabia,74623,Nasser Al Dawsari,,24,200,Saudi Arabia,,,,,,,,,,,,
3857300,799,Saudi Arabia,121539,Haitham Mohammed Asiri,Haitham Asiri,25,200,Saudi Arabia,,,,,,,23.0,Center Forward,88:25,,Substitution - On (Tactical),Final Whistle
3857301,787,Senegal,2941,Ismaïla Sarr,,18,202,Senegal,,,,,,,17.0,Right Wing,00:00,64:04,Starting XI,Tactical Shift
3857301,787,Senegal,3404,Youssouf Sabaly,,21,202,Senegal,,,,,,,2.0,Right Back,00:00,,Starting XI,Final Whistle
3857301,787,Senegal,3436,Idrissa Gana Gueye,Idrissa Gueye,5,202,Senegal,,,,,,,11.0,Left Defensive Midfield,00:00,64:04,Starting XI,Tactical Shift
3857301,787,Senegal,3675,Fodé Ballo Touré,,12,202,Senegal,,,,,,,,,,,,
3857301,787,Senegal,3684,Cheikhou Kouyaté,,8,202,Senegal,,,,,,,,,,,,
3857301,787,Senegal,4506,Nampalys Mendy,,6,202,Senegal,,,,,,,9.0,Right Defensive Midfield,00:00,64:04,Starting XI,Tactical Shift
3857301,787,Senegal,5675,Kalidou Koulibaly,,3,202,Senegal,,,,,,,3.0,Right Center Back,00:00,,Starting XI,Final Whistle
3857301,787,Senegal,7379,Edouard Mendy,,16,202,Senegal,,,,,,,1.0,Goalkeeper,00:00,,Starting XI,Final Whistle
3857301,787,Senegal,8553,Abdou Diallo,,22,202,Senegal,,,,,,,5.0,Left Center Back,00:00,77:18,Starting XI,Tactical Shift
3857301,787,Senegal,8870,Alfred Benjamin Gomis,Alfred Gomis,23,202,Senegal,,,,,,,,,,,,
3857301,787,Senegal,10603,Mamadou Loum N'Diaye,Mamadou N'Diaye,25,202,Senegal,,,,,,,,,,,,
3857301,787,Senegal,13314,Famara Diedhiou,Famara Diédhiou,19,202,Senegal,,,,,,,23.0,Center Forward,00:00,73:47,Starting XI,Substitution - Off (Tactical)
3857301,787,Senegal,15970,Pape Abou Cissé,,4,202,Senegal,,,,,,,6.0,Left Back,76:57,77:18,Substitution - On (Tactical),Tactical Shift
3857301,787,Senegal,17456,Timothy Dieng,Seny Dieng,1,202,Senegal,,,,,,,,,,,,
3857301,787,Senegal,20611,Boulaye Dia,,9,202,Senegal,,,,,,,19.0,Center Attacking Midfield,00:00,64:04,Starting XI,Tactical Shift
3857301,787,Senegal,20758,Krépin Diatta,Krépin Diatta,15,202,Senegal,,,,,,,21.0,Left Wing,00:00,63:43,Starting XI,Substitution - Off (Tactical)
3857301,787,Senegal,21026,Pape Gueye,,26,202,Senegal,,,,,,,,,,,,
3857301,787,Senegal,31751,Pathé Ismaël Ciss,,11,202,Senegal,,,,,,,21.0,Left Wing,63:43,64:04,Substitution - On (Tactical),Tactical Shift
3857301,787,Senegal,32915,Ismail Jakobs,,14,202,Senegal,,,,,,,6.0,Left Back,00:00,76:57,Starting XI,Substitution - Off (Tactical)
3857301,787,Senegal,34893,Moustapha Name,,24,202,Senegal,,,,,,,,,,,,
3857301,787,Senegal,39595,Formose Mendy,,2,202,Senegal,,,,,,,,,,,,
3857301,787,Senegal,50497,Nicolas Jackson,,7,202,Senegal,,,,,,,,,,,,
3857301,787,Senegal,50498,Pape Matar Sarr,Pape Sarr,17,202,Senegal,,,,,,,13.0,Right Center Midfield,76:58,,Substitution - On (Tactical),Final Whistle
3857301,787,Senegal,80484,Iliman Ndiaye,,13,202,Senegal,,,,,,,21.0,Left Wing,73:57,74:25,Substitution - On (Tactical),Tactical Shift
3857301,787,Senegal,88123,Cheikh Ahmadou Bamba Mbacke Dieng,Bamba Dieng,20,202,Senegal,,,,,,,23.0,Center Forward,73:47,,Substitution - On (Tactical),Final Whistle
3857301,787,Senegal,312414,Moussa N''Diaye,,10,202,Senegal,,,,,,,,,,,,
3857301,3566,Qatar,40784,Akram Hassan Afif,Akram Afif,11,185,Qatar,,,,,,,24.0,Left Center Forward,00:00,75:06,Starting XI,Tactical Shift
3857301,3566,Qatar,124488,Hassan Khalid Al Heidos,Hassan Al Heidos,10,185,Qatar,,,,,,,15.0,Left Center Midfield,00:00,74:17,Starting XI,Substitution - Off (Tactical)
3857301,3566,Qatar,124490,Ahmed Alaa Eldin Abdelmotaal,Ahmed Alaa Eldin,7,185,Qatar,,,,,,,,,,,,
3857301,3566,Qatar,124492,Karim Boudiaf,,12,185,Qatar,,,,,,,13.0,Right Center Midfield,00:00,68:19,Starting XI,Substitution - Off (Tactical)
3857301,3566,Qatar,124493,Boualem Khoukhi,,16,185,Qatar,,,,,,,4.0,Center Back,00:00,,Starting XI,Final Whistle
3857301,3566,Qatar,124494,Abdelkarim Hassan Al Haj Fadlalla,Abdelkarim Hassan,3,185,Qatar,,,,,,,5.0,Left Center Back,00:00,83:08,Starting XI,Tactical Shift
3857301,3566,Qatar,124495,Almoez Ali Zainalabiddin Abdulla,Almoez Ali,19,185,Qatar,,,,,,,22.0,Right Center Forward,00:00,,Starting XI,Final Whistle
3857301,3566,Qatar,124496,Saad Abdullah Al Sheeb,Saad Al Sheeb,1,185,Qatar,,,,,,,,,,,,
3857301,3566,Qatar,124500,Assim Omer Al Haj Madibo,Assim Madibo,23,185,Qatar,,,,,,,10.0,Center Defensive Midfield,00:00,,Starting XI,Final Whistle
3857301,3566,Qatar,124504,Tarek Salman Salman,Tarek Salman,5,185,Qatar,,,,,,,8.0,Left Wing Back,82:08,83:08,Substitution - On (Tactical),Tactical Shift
3857301,3566,Qatar,124506,Pedro Miguel Correia,,2,185,Qatar,,,,,,,3.0,Right Center Back,00:00,17:52,Starting XI,Player Off
3857301,3566,Qatar,124510,Meshaal Aissa Barsham,Meshaal Barsham,22,185,Qatar,,,,,,,1.0,Goalkeeper,00:00,,Starting XI,Final Whistle
3857301,3566,Qatar,124512,Mosaab Khoder Jibril,Mosaab Khoder,13,185,Qatar,,,,,,,,,,,,
3857301,3566,Qatar,124514,Abdulaziz Hatem Mohammed Abdullah,Abdulaziz Hatem,6,185,Qatar,,,,,,,13.0,Right Center Midfield,68:19,,Substitution - On (Tactical),Final Whistle
3857301,3566,Qatar,124526,Salem Ali Al Hajri,Salem Al Hajri,20,185,Qatar,,,,,,,,,,,,
3857301,3566,Qatar,124899,Ismaeel Mohammad Mohammad,Ismaeel Mohammad,17,185,Qatar,,,,,,,7.0,Right Wing Back,00:00,,Starting XI,Final Whistle
3857301,3566,Qatar,124900,Homam Alamin Ahmed,Homam Ahmed,14,185,Qatar,,,,,,,8.0,Left Wing Back,00:00,82:08,Starting XI,Substitution - Off (Tactical)
3857301,3566,Qatar,124901,Mohammed Muntari,,9,185,Qatar,,,,,,,15.0,Left Center Midfield,74:17,75:06,Substitution - On (Tactical),Tactical Shift
3857301,3566,Qatar,124909,Mohammed Waed Abdulwahhab Al Bayati,Mohammed Al Bayati,4,185,Qatar,,,,,,,3.0,Right Center Back,82:14,83:08,Substitution - On (Tactical),Tactical Shift
3857301,3566,Qatar,126962,Jassem Gaber Abdulsallam,Jassem Abdulsallam,25,185,Qatar,,,,,,,,,,,,
3857301,3566,Qatar,130272,Yousef Hassan Mohamed Ali,Yousef Hassan,21,185,Qatar,,,,,,,,,,,,
3857301,3566,Qatar,146267,Khalid Muneer Mazeed,,18,185,Qatar,,,,,,,,,,,,
3857301,3566,Qatar,149463,Ali Assadalla Thaimn Qambar,Ali Assadalla,8,185,Qatar,,,,,,,,,,,,
3857301,3566,Qatar,150429,Mostafa Taerk Mashaal,Mostafa Mashaal,26,185,Qatar,,,,,,,,,,,,
3857301,3566,Qatar,157455,Naif Abdulraheem Al Hadhrami,Naif Al Hadhrami,24,185,Qatar,,,,,,,,,,,,
3869117,941,Netherlands,2988,Memphis Depay,,10,160,Netherlands,,,,,,,24.0,Left Center Forward,00:00,82:01,Starting XI,Substitution - Off (Tactical)
3869117,941,Netherlands,3264,Vincent Janssen,,18,160,Netherlands,,,,,,,,,,,,
3869117,941,Netherlands,3306,Nathan Aké,,5,160,Netherlands,,,,,,,5.0,Left Center Back,00:00,92:55,Starting XI,Substitution - Off (Tactical)
3869117,941,Netherlands,3311,Daley Blind,,17,160,Netherlands,,,,,,,8.0,Left Wing Back,00:00,,Starting XI,Final Whistle
3869117,941,Netherlands,3669,Virgil van Dijk,,4,160,Netherlands,,,,,,,4.0,Center Back,00:00,,Starting XI,Final Whistle
3869117,941,Netherlands,4318,Davy Klaassen,,14,160,Netherlands,,,,,,,19.0,Center Attacking Midfield,00:00,45:00,Starting XI,Substitution - Off (Tactical)
3869117,941,Netherlands,6994,Marten de Roon,,15,160,Netherlands,,,,,,,9.0,Right Defensive Midfield,00:00,45:00,Starting XI,Substitution - Off (Tactical)
3869117,941,Netherlands,7745,Steven Berghuis,,11,160,Netherlands,,,,,,,,,,,,
3869117,941,Netherlands,7787,Stefan de Vrij,,6,160,Netherlands,,,,,,,,,,,,
3869117,941,Netherlands,7829,Wout Weghorst,,19,160,Netherlands,,,,,,,19.0,Center Attacking Midfield,92:55,93:37,Substitution - On (Tactical),Tactical Shift
3869117,941,Netherlands,7838,Remko Pasveer,,1,160,Netherlands,,,,,,,,,,,,
3869117,941,Netherlands,7891,Teun Koopmeiners,,20,160,Netherlands,,,,,,,19.0,Center Attacking Midfield,45:00,45:53,Substitution - On (Tactical),Tactical Shift
3869117,941,Netherlands,8069,Matthijs de Ligt,,3,160,Netherlands,,,,,,,5.0,Left Center Back,92:55,,Substitution - On (Tactical),Final Whistle
3869117,941,Netherlands,8118,Frenkie de Jong,,21,160,Netherlands,,,,,,,11.0,Left Defensive Midfield,00:00,,Starting XI,Final Whistle
3869117,941,Netherlands,8124,Tyrell Malacia,,16,160,Netherlands,,,,,,,,,,,,
3869117,941,Netherlands,8125,Denzel Dumfries,,22,160,Netherlands,,,,,,,7.0,Right Wing Back,00:00,,Starting XI,Final Whistle
3869117,941,Netherlands,8259,Steven Bergwijn,,7,160,Netherlands,,,,,,,9.0,Right Defensive Midfield,45:00,45:53,Substitution - On (Tactical),Tactical Shift
3869117,941,Netherlands,8326,Andries Noppert,,23,160,Netherlands,,,,,,,1.0,Goalkeeper,00:00,,Starting XI,Final Whistle
3869117,941,Netherlands,16185,Justin Bijlow,,13,160,Netherlands,,,,,,,,,,,,
3869117,941,Netherlands,20033,Luuk de Jong,,9,160,Netherlands,,,,,,,,,,,,
3869117,941,Netherlands,20750,Cody Mathès Gakpo,Cody Gakpo,8,160,Netherlands,,,,,,,22.0,Right Center Forward,00:00,45:53,Starting XI,Tactical Shift
3869117,941,Netherlands,21547,Noa Lang,,12,160,Netherlands,,,,,,,,,,,,
3869117,941,Netherlands,21809,Jurriën David Norman Timber,Jurriën Timber,2,160,Netherlands,,,,,,,3.0,Right Center Back,00:00,,Starting XI,Final Whistle
3869117,941,Netherlands,21879,Kenneth Taylor,,24,160,Netherlands,,,,,,,,,,,,
3869117,941,Netherlands,32712,Jeremie Frimpong,,26,160,Netherlands,,,,,,,,,,,,
3869117,941,Netherlands,39167,Xavi Simons,,25,160,Netherlands,,,,,,,24.0,Left Center Forward,82:01,93:37,Substitution - On (Tactical),Tactical Shift
3869117,1839,United States,3377,Timothy Weah,,21,241,United States of America,,,,,,,17.0,Right Wing,00:00,66:51,Starting XI,Substitution - Off (Tactical)
3869117,1839,United States,3658,DeAndre Yedlin,,22,241,United States of America,,,,,,,2.0,Right Back,74:57,91:35,Substitution - On (Tactical),Tactical Shift
3869117,1839,United States,4614,Antonee Robinson,,5,241,United States of America,,,,,,,6.0,Left Back,00:00,91:14,Starting XI,Substitution - Off (Tactical)
3869117,1839,United States,6806,Shaquell Moore,Shaq Moore,18,241,United States of America,,,,,,,,,,,,
3869117,1839,United States,8246,Christian Pulisic,,10,241,United States of America,,,,,,,21.0,Left Wing,00:00,,Starting XI,Final Whistle
3869117,1839,United States,8526,Weston McKennie,,8,241,United States of America,,,,,,,15.0,Left Center Midfield,00:00,18:12,Starting XI,Tactical Shift
3869117,1839,United States,12352,Matthew Charles Turner,,1,241,United States of America,,,,,,,1.0,Goalkeeper,00:00,,Starting XI,Final Whistle
3869117,1839,United States,12524,Walker Zimmerman,,3,241,United States of America,,,,,,,3.0,Right Center Back,00:00,,Starting XI,Final Whistle
3869117,1839,United States,12746,Sean Johnson,,25,241,United States of America,,,,,,,,,,,,
3869117,1839,United States,12751,Tyler Adams,,4,241,United States of America,,,,,,,10.0,Center Defensive Midfield,00:00,,Starting XI,Final Whistle
3869117,1839,United States,12757,Aaron Long,,15,241,United States of America,,,,,,,,,,,,
3869117,1839,United States,13035,Kellyn Kai Perry-Acosta,,23,241,United States of America,,,,,,,,,,,,
3869117,1839,United States,13442,Cristian Roldán León,,17,241,United States of America,,,,,,,,,,,,
3869117,1839,United States,15971,Cameron Carter-Vickers,,20,241,United States of America,,,,,,,,,,,,
3869117,1839,United States,18242,Tim Ream,,13,241,United States of America,,,,,,,5.0,Left Center Back,00:00,,Starting XI,Final Whistle
3869117,1839,United States,21201,Ethan Horvath,,12,241,United States of America,,,,,,,,,,,,
3869117,1839,United States,21881,Sergino Dest,Sergiño Dest,2,241,United States of America,,,,,,,2.0,Right Back,00:00,74:57,Starting XI,Substitution - Off (Tactical)
3869117,1839,United States,22008,Haji Wright,,19,241,United States of America,,,,,,,13.0,Right Center Midfield,66:51,67:33,Substitution - On (Tactical),Tactical Shift
3869117,1839,United States,22168,Joshua Sargent,Josh Sargent,24,241,United States of America,,,,,,,,,,,,
3869117,1839,United States,22433,Jesus Ferreira,,9,241,United States of America,,,,,,,23.0,Center Forward,00:00,45:00,Starting XI,Substitution - Off (Tactical)
3869117,1839,United States,23789,Jordan Morris,,16,241,United States of America,,,,,,,6.0,Left Back,91:14,91:35,Substitution - On (Tactical),Tactical Shift
3869117,1839,United States,24243,Brenden Aaronson,,11,241,United States of America,,,,,,,17.0,Right Wing,66:51,67:33,Substitution - On (Tactical),Tactical Shift
3869117,1839,United States,33274,Luca de la Torre,,14,241,United States of America,,,,,,,,,,,,
3869117,1839,United States,34339,Giovanni Reyna,,7,241,United States of America,,,,,,,23.0,Center Forward,45:00,67:33,Substitution - On (Tactical),Tactical Shift
3869117,1839,United States,36830,Joseph Scally,Joe Scally,26,241,United States of America,,,,,,,,,,,,
3869117,1839,United States,38792,Yunus Dimoara Musah,,6,241,United States of America,,,,,,,13.0,Right Center Midfield,00:00,18:12,Starting XI,Tactical Shift
3869118,787,Senegal,2941,Ismaïla Sarr,,18,202,Senegal,,,,,,,21.0,Left Wing,00:00,,Starting XI,Final Whistle
3869118,787,Senegal,3404,Youssouf Sabaly,,21,202,Senegal,,,,,,,2.0,Right Back,00:00,,Starting XI,Final Whistle
3869118,787,Senegal,3675,Fodé Ballo Touré,,12,202,Senegal,,,,,,,6.0,Left Back,83:54,,Substitution - On (Tactical),Final Whistle
3869118,787,Senegal,4506,Nampalys Mendy,,6,202,Senegal,,,,,,,11.0,Left Defensive Midfield,00:00,,Starting XI,Final Whistle
3869118,787,Senegal,5675,Kalidou Koulibaly,,3,202,Senegal,,,,,,,3.0,Right Center Back,00:00,,Starting XI,Final Whistle
3869118,787,Senegal,7379,Edouard Mendy,,16,202,Senegal,,,,,,,1.0,Goalkeeper,00:00,,Starting XI,Final Whistle
3869118,787,Senegal,8553,Abdou Diallo,,22,202,Senegal,,,,,,,5.0,Left Center Back,00:00,,Starting XI,Final Whistle
3869118,787,Senegal,8870,Alfred Benjamin Gomis,Alfred Gomis,23,202,Senegal,,,,,,,,,,,,
3869118,787,Senegal,10603,Mamadou Loum N''Diaye,Mamadou N'Diaye,25,202,Senegal,,,,,,,,,,,,
3869118,787,Senegal,13314,Famara Diedhiou,Famara Diédhiou,19,202,Senegal,,,,,,,17.0,Right Wing,71:07,71:20,Substitution - On (Tactical),Tactical Shift
3869118,787,Senegal,15970,Pape Abou Cissé,,4,202,Senegal,,,,,,,,,,,,
3869118,787,Senegal,17456,Timothy Dieng,Seny Dieng,1,202,Senegal,,,,,,,,,,,,
3869118,787,Senegal,20611,Boulaye Dia,,9,202,Senegal,,,,,,,23.0,Center Forward,00:00,45:04,Starting XI,Tactical Shift
3869118,787,Senegal,20758,Krépin Diatta,Krépin Diatta,15,202,Senegal,,,,,,,17.0,Right Wing,00:00,45:00,Starting XI,Substitution - Off (Tactical)
3869118,787,Senegal,21026,Pape Gueye,,26,202,Senegal,,,,,,,9.0,Right Defensive Midfield,45:00,71:20,Substitution - On (Tactical),Tactical Shift
3869118,787,Senegal,31751,Pathé Ismaël Ciss,,11,202,Senegal,,,,,,,9.0,Right Defensive Midfield,00:00,45:00,Starting XI,Substitution - Off (Tactical)
3869118,787,Senegal,32915,Ismail Jakobs,,14,202,Senegal,,,,,,,6.0,Left Back,00:00,83:54,Starting XI,Substitution - Off (Tactical)
3869118,787,Senegal,34893,Moustapha Name,,24,202,Senegal,,,,,,,,,,,,
3869118,787,Senegal,39595,Formose Mendy,,2,202,Senegal,,,,,,,,,,,,
3869118,787,Senegal,50497,Nicolas Jackson,,7,202,Senegal,,,,,,,,,,,,
3869118,787,Senegal,50498,Pape Matar Sarr,Pape Sarr,17,202,Senegal,,,,,,,17.0,Right Wing,45:00,45:04,Substitution - On (Tactical),Tactical Shift
3869118,787,Senegal,80484,Iliman Ndiaye,,13,202,Senegal,,,,,,,19.0,Center Attacking Midfield,00:00,45:01,Starting XI,Substitution - Off (Tactical)
3869118,787,Senegal,88123,Cheikh Ahmadou Bamba Mbacke Dieng,Bamba Dieng,20,202,Senegal,,,,,,,19.0,Center Attacking Midfield,45:01,45:04,Substitution - On (Tactical),Tactical Shift
3869118,787,Senegal,312414,Moussa N''Diaye,,10,202,Senegal,,,,,,,,,,,,
3869118,768,England,3205,Kyle Walker,,2,68,England,,,,,,,2.0,Right Back,00:00,,Starting XI,Final Whistle
3869118,768,England,3244,John Stones,,5,68,England,,,,,,,3.0,Right Center Back,00:00,76:10,Starting XI,Substitution - Off (Tactical)
3869118,768,England,3308,Kieran Trippier,,12,68,England,,,,,,,,,,,,
3869118,768,England,3318,Marcus Rashford,,11,68,England,,,,,,,17.0,Right Wing,64:19,,Substitution - On (Tactical),Final Whistle
3869118,768,England,3336,Harry Maguire,,6,68,England,,,,,,,5.0,Left Center Back,00:00,,Starting XI,Final Whistle
3869118,768,England,3382,Luke Shaw,,3,68,England,,,,,,,6.0,Left Back,00:00,,Starting XI,Final Whistle
3869118,768,England,3468,Jordan Pickford,,1,68,England,,,,,,,1.0,Goalkeeper,00:00,,Starting XI,Final Whistle
3869118,768,England,3474,Nick Pope,,13,68,England,,,,,,,,,,,,
3869118,768,England,3532,Jordan Brian Henderson,Jordan Henderson,8,68,England,,,,,,,13.0,Right Center Midfield,00:00,81:09,Starting XI,Substitution - Off (Tactical)
3869118,768,England,3616,Callum Wilson,,24,68,England,,,,,,,,,,,,
3869118,768,England,3664,Trent Alexander-Arnold,,18,68,England,,,,,,,,,,,,
3869118,768,England,3943,Declan Rice,,4,68,England,,,,,,,10.0,Center Defensive Midfield,00:00,83:41,Starting XI,Tactical Shift
3869118,768,England,4354,Philip Foden,,20,68,England,,,,,,,21.0,Left Wing,00:00,64:27,Starting XI,Substitution - Off (Tactical)
3869118,768,England,4706,Kalvin Phillips,,14,68,England,,,,,,,13.0,Right Center Midfield,81:09,83:41,Substitution - On (Tactical),Tactical Shift
3869118,768,England,7843,Mason Mount,,19,68,England,,,,,,,15.0,Left Center Midfield,75:55,83:41,Substitution - On (Tactical),Tactical Shift
3869118,768,England,9638,Jack Grealish,,7,68,England,,,,,,,21.0,Left Wing,64:27,,Substitution - On (Tactical),Final Whistle
3869118,768,England,9905,James Maddison,,25,68,England,,,,,,,,,,,,
3869118,768,England,9928,Conor Coady,,16,68,England,,,,,,,,,,,,
3869118,768,England,10955,Harry Kane,,9,68,England,,,,,,,23.0,Center Forward,00:00,,Starting XI,Final Whistle
3869118,768,England,10956,Eric Dier,,15,68,England,,,,,,,3.0,Right Center Back,76:10,,Substitution - On (Tactical),Final Whistle
3869118,768,England,22084,Bukayo Saka,,17,68,England,,,,,,,17.0,Right Wing,00:00,64:19,Starting XI,Substitution - Off (Tactical)
3869118,768,England,22783,Aaron Ramsdale,,23,68,England,,,,,,,,,,,,
3869118,768,England,29399,Conor Gallagher,,26,68,England,,,,,,,,,,,,
3869118,768,England,30714,Jude Bellingham,,22,68,England,,,,,,,15.0,Left Center Midfield,00:00,75:55,Starting XI,Substitution - Off (Tactical)
3869151,779,Argentina,2995,Ángel Fabián Di María Hernández,Ángel Di María,11,11,Argentina,,,,,,,,,,,,
3869151,779,Argentina,3090,Nicolás Hernán Otamendi,Nicolás Otamendi,19,11,Argentina,,,,,,,5.0,Left Center Back,00:00,51:04,Starting XI,Tactical Shift
3869151,779,Argentina,5503,Lionel Andrés Messi Cuccittini,Lionel Messi,10,11,Argentina,,,,,,,23.0,Center Forward,00:00,26:58,Starting XI,Tactical Shift
3869151,779,Argentina,5507,Nicolás Alejandro Tagliafico,Nicolás Tagliafico,3,11,Argentina,,,,,,,8.0,Left Wing Back,71:19,,Substitution - On (Tactical),Final Whistle
3869151,779,Argentina,5743,Paulo Bruno Exequiel Dybala,Paulo Dybala,21,11,Argentina,,,,,,,,,,,,
3869151,779,Argentina,6312,Franco Armani,,1,11,Argentina,,,,,,,,,,,,
3869151,779,Argentina,6377,Ángel Martín Correa,Ángel Correa,15,11,Argentina,,,,,,,,,,,,
3869151,779,Argentina,6694,Gerónimo Rulli,Gero Rulli,12,11,Argentina,,,,,,,,,,,,
3869151,779,Argentina,6909,Damián Emiliano Martínez,Emiliano Martínez,23,11,Argentina,,,,,,,1.0,Goalkeeper,00:00,,Starting XI,Final Whistle
3869151,779,Argentina,7006,Alejandro Darío Gómez,Papu Gómez,17,11,Argentina,,,,,,,21.0,Left Wing,00:00,26:58,Starting XI,Tactical Shift
3869151,779,Argentina,7161,Germán Alejandro Pezzella,Germán Pezzella,6,11,Argentina,,,,,,,,,,,,
3869151,779,Argentina,7797,Rodrigo Javier De Paul,Rodrigo De Paul,7,11,Argentina,,,,,,,13.0,Right Center Midfield,00:00,26:58,Starting XI,Tactical Shift
3869151,779,Argentina,11456,Lautaro Javier Martínez,Lautaro Martínez,22,11,Argentina,,,,,,,24.0,Left Center Forward,71:00,,Substitution - On (Tactical),Final Whistle
3869151,779,Argentina,16308,Leandro Daniel Paredes,Leandro Paredes,5,11,Argentina,,,,,,,,,,,,
3869151,779,Argentina,19597,Marcos Javier Acuña,Marcos Acuña,8,11,Argentina,,,,,,,6.0,Left Back,00:00,51:04,Starting XI,Tactical Shift
3869151,779,Argentina,20572,Cristian Gabriel Romero,Cristian Romero,13,11,Argentina,,,,,,,3.0,Right Center Back,00:00,,Starting XI,Final Whistle
3869151,779,Argentina,21081,Juan Marcos Foyth,Juan Foyth,2,11,Argentina,,,,,,,,,,,,
3869151,779,Argentina,26404,Guido Rodríguez,,18,11,Argentina,,,,,,,,,,,,
3869151,779,Argentina,27768,Lisandro Martínez,,25,11,Argentina,,,,,,,12.0,Right Midfield,49:07,51:04,Substitution - On (Tactical),Tactical Shift
3869151,779,Argentina,27886,Alexis Mac Allister,Alexis MacAllister,20,11,Argentina,,,,,,,15.0,Left Center Midfield,00:00,26:58,Starting XI,Tactical Shift
3869151,779,Argentina,28263,Gonzalo Ariel Montiel,Gonzalo Montiel,4,11,Argentina,,,,,,,15.0,Left Center Midfield,79:17,80:43,Substitution - On (Tactical),Tactical Shift
3869151,779,Argentina,28268,Exequiel Alejandro Palacios,Exequiel Palacios,14,11,Argentina,,,,,,,7.0,Right Wing Back,79:15,80:43,Substitution - On (Tactical),Tactical Shift
3869151,779,Argentina,28637,Thiago Ezequiel Almada,Thiago Almada,16,11,Argentina,,,,,,,,,,,,
3869151,779,Argentina,29201,Nahuel Molina Lucero,Nahuel Molina,26,11,Argentina,,,,,,,2.0,Right Back,00:00,51:04,Starting XI,Tactical Shift
3869151,779,Argentina,29560,Julián Álvarez,,9,11,Argentina,,,,,,,17.0,Right Wing,00:00,26:58,Starting XI,Tactical Shift
3869151,779,Argentina,38718,Enzo Fernandez,,24,11,Argentina,,,,,,,10.0,Center Defensive Midfield,00:00,26:58,Starting XI,Tactical Shift
3869151,792,Australia,3240,Mathew Ryan,Mat Ryan,1,14,Australia,,,,,,,1.0,Goalkeeper,00:00,,Starting XI,Final Whistle
3869151,792,Australia,3281,Aaron Mooy,,13,14,Australia,,,,,,,11.0,Left Defensive Midfield,00:00,,Starting XI,Final Whistle
3869151,792,Australia,5479,Aziz Eraltay Behich,Aziz Behich,16,14,Australia,,,,,,,6.0,Left Back,00:00,,Starting XI,Final Whistle
3869151,792,Australia,5481,Mathew Leckie,,7,14,Australia,,,,,,,12.0,Right Midfield,00:00,45:00,Starting XI,Tactical Shift
3869151,792,Australia,5490,Jackson Irvine,,22,14,Australia,,,,,,,24.0,Left Center Forward,00:00,45:00,Starting XI,Tactical Shift
3869151,792,Australia,8346,Craig Goodwin,,23,14,Australia,,,,,,,21.0,Left Wing,57:52,57:53,Substitution - On (Tactical),Tactical Shift
3869151,792,Australia,8859,Ajdin Hrustic,,10,14,Australia,,,,,,,9.0,Right Defensive Midfield,57:52,57:53,Substitution - On (Tactical),Tactical Shift
3869151,792,Australia,9430,Jason Cummings,,25,14,Australia,,,,,,,,,,,,
3869151,792,Australia,9980,Jamie MacLaren,Jamie Maclaren,9,14,Australia,,,,,,,24.0,Left Center Forward,71:48,71:49,Substitution - On (Tactical),Tactical Shift
3869151,792,Australia,15957,Miloš Degenek,,2,14,Australia,,,,,,,2.0,Right Back,00:00,71:49,Starting XI,Substitution - Off (Tactical)
3869151,792,Australia,16549,Danny Vuković,,18,14,Australia,,,,,,,,,,,,
3869151,792,Australia,22293,Harry Souttar,,19,14,Australia,,,,,,,3.0,Right Center Back,00:00,,Starting XI,Final Whistle
3869151,792,Australia,22371,Bailey Wright,,8,14,Australia,,,,,,,,,,,,
3869151,792,Australia,24475,Awer Mabil,,11,14,Australia,,,,,,,,,,,,
3869151,792,Australia,28370,Fran Karačić,,5,14,Australia,,,,,,,2.0,Right Back,71:49,,Tactical Shift,Final Whistle
3869151,792,Australia,33446,Thomas Deng,,20,14,Australia,,,,,,,,,,,,
3869151,792,Australia,33465,Joel King,,24,14,Australia,,,,,,,,,,,,
3869151,792,Australia,33477,Riley McGree,,14,14,Australia,,,,,,,16.0,Left Midfield,00:00,45:00,Starting XI,Tactical Shift
3869151,792,Australia,33488,Keanu Baccus,,26,14,Australia,,,,,,,9.0,Right Defensive Midfield,00:00,57:52,Starting XI,Substitution - Off (Tactical)
3869151,792,Australia,33492,Mitchell Thomas Duke,Mitchell Duke,15,14,Australia,,,,,,,22.0,Right Center Forward,00:00,45:00,Starting XI,Tactical Shift
3869151,792,Australia,33495,Kye Rowles,,4,14,Australia,,,,,,,5.0,Left Center Back,00:00,,Starting XI,Final Whistle
3869151,792,Australia,33502,Cameron Peter Devlin,,17,14,Australia,,,,,,,,,,,,
3869151,792,Australia,33564,Andrew Redmayne,,12,14,Australia,,,,,,,,,,,,
3869151,792,Australia,33572,Nathaniel Atkinson,,3,14,Australia,,,,,,,,,,,,
3869151,792,Australia,36158,Marco Tilio,,6,14,Australia,,,,,,,,,,,,
3869151,792,Australia,227697,Garang Kuol,,21,14,Australia,,,,,,,22.0,Right Center Forward,71:48,71:49,Substitution - On (Tactical),Tactical Shift
3869152,771,France,2972,Marcus Thuram,,26,78,France,,,,,,,23.0,Center Forward,75:48,75:56,Substitution - On (Tactical),Tactical Shift
3869152,771,France,3009,Kylian Mbappé Lottin,Kylian Mbappé,10,78,France,,,,,,,21.0,Left Wing,00:00,75:56,Starting XI,Tactical Shift
3869152,771,France,3026,Adrien Rabiot,,14,78,France,,,,,,,11.0,Left Defensive Midfield,00:00,,Starting XI,Final Whistle
3869152,771,France,3099,Hugo Lloris,,1,78,France,,,,,,,1.0,Goalkeeper,00:00,,Starting XI,Final Whistle
3869152,771,France,3379,Alphonse Areola,,23,78,France,,,,,,,,,,,,
3869152,771,France,3543,Steve Mandanda,,16,78,France,,,,,,,,,,,,
3869152,771,France,3604,Olivier Giroud,,9,78,France,,,,,,,23.0,Center Forward,00:00,75:48,Starting XI,Substitution - Off (Tactical)
3869152,771,France,4445,Jules Koundé,,5,78,France,,,,,,,2.0,Right Back,00:00,91:35,Starting XI,Substitution - Off (Tactical)
3869152,771,France,5476,Benjamin Pavard,,2,78,France,,,,,,,,,,,,
3869152,771,France,5477,Ousmane Dembélé,,11,78,France,,,,,,,17.0,Right Wing,00:00,75:40,Starting XI,Substitution - Off (Tactical)
3869152,771,France,5485,Raphaël Varane,,4,78,France,,,,,,,3.0,Right Center Back,00:00,,Starting XI,Final Whistle
3869152,771,France,5487,Antoine Griezmann,,7,78,France,,,,,,,19.0,Center Attacking Midfield,00:00,,Starting XI,Final Whistle
3869152,771,France,6704,Theo Bernard François Hernández,Theo Hernández,22,78,France,,,,,,,6.0,Left Back,00:00,,Starting XI,Final Whistle
3869152,771,France,7153,Jordan Veretout,,15,78,France,,,,,,,,,,,,
3869152,771,France,7345,Mattéo Guendouzi Olié,Mattéo Guendouzi,6,78,France,,,,,,,,,,,,
3869152,771,France,7439,Axel Disasi,,3,78,France,,,,,,,2.0,Right Back,91:35,,Substitution - On (Tactical),Final Whistle
3869152,771,France,8217,Kingsley Coman,,20,78,France,,,,,,,17.0,Right Wing,75:40,,Substitution - On (Tactical),Final Whistle
3869152,771,France,8519,Dayotchanculle Upamecano,,18,78,France,,,,,,,5.0,Left Center Back,00:00,,Starting XI,Final Whistle
3869152,771,France,10481,Aurélien Djani Tchouaméni,Aurélien Tchouaméni,8,78,France,,,,,,,9.0,Right Defensive Midfield,00:00,65:40,Starting XI,Substitution - Off (Tactical)
3869152,771,France,11135,Ibrahima Konaté,,24,78,France,,,,,,,,,,,,
3869152,771,France,11990,Youssouf Fofana,,13,78,France,,,,,,,9.0,Right Defensive Midfield,65:40,,Substitution - On (Tactical),Final Whistle
3869152,771,France,17592,William Saliba,,17,78,France,,,,,,,,,,,,
3869152,771,France,22097,Randal Kolo Muani,Randal Kolo,12,78,France,,,,,,,,,,,,
3869152,771,France,24778,Eduardo Camavinga,,25,78,France,,,,,,,,,,,,
3869152,789,Poland,3034,Kamil Glik,,15,182,Poland,,,,,,,3.0,Right Center Back,00:00,,Starting XI,Final Whistle
3869152,789,Poland,3637,Grzegorz Krychowiak,,10,182,Poland,,,,,,,10.0,Center Defensive Midfield,00:00,63:49,Starting XI,Tactical Shift
3869152,789,Poland,4626,Jan Bednarek,,5,182,Poland,,,,,,,5.0,Left Center Back,86:13,,Substitution - On (Tactical),Final Whistle
3869152,789,Poland,4664,Sebastian Szymański,,19,182,Poland,,,,,,,15.0,Left Center Midfield,00:00,63:47,Starting XI,Substitution - Off (Tactical)
3869152,789,Poland,4682,Robert Gumny,,25,182,Poland,,,,,,,,,,,,
3869152,789,Poland,4685,Artur Jędrzejczyk,,3,182,Poland,,,,,,,,,,,,
3869152,789,Poland,4734,Matty Cash,,2,182,Poland,,,,,,,2.0,Right Back,00:00,,Starting XI,Final Whistle
3869152,789,Poland,5660,Piotr Zieliński,,20,182,Poland,,,,,,,13.0,Right Center Midfield,00:00,63:49,Starting XI,Tactical Shift
3869152,789,Poland,5665,Arkadiusz Milik,,7,182,Poland,,,,,,,15.0,Left Center Midfield,63:47,63:49,Substitution - On (Tactical),Tactical Shift
3869152,789,Poland,5667,Kamil Grosicki,,11,182,Poland,,,,,,,21.0,Left Wing,86:14,,Substitution - On (Tactical),Final Whistle
3869152,789,Poland,5668,Robert Lewandowski,,9,182,Poland,,,,,,,23.0,Center Forward,00:00,,Starting XI,Final Whistle
3869152,789,Poland,5669,Wojciech Szczęsny,,1,182,Poland,,,,,,,1.0,Goalkeeper,00:00,,Starting XI,Final Whistle
3869152,789,Poland,5673,Bartosz Bereszyński,,18,182,Poland,,,,,,,6.0,Left Back,00:00,,Starting XI,Final Whistle
3869152,789,Poland,7979,Przemysław Frankowski,,24,182,Poland,,,,,,,16.0,Left Midfield,00:00,63:49,Starting XI,Tactical Shift
3869152,789,Poland,8021,Szymon Żurkowski,,17,182,Poland,,,,,,,,,,,,
3869152,789,Poland,8704,Mateusz Wieteska,,4,182,Poland,,,,,,,,,,,,
3869152,789,Poland,8714,Damian Szymański,,8,182,Poland,,,,,,,,,,,,
3869152,789,Poland,8836,Karol Świderski,,16,182,Poland,,,,,,,,,,,,
3869152,789,Poland,11508,Łukasz Skorupski,,12,182,Poland,,,,,,,,,,,,
3869152,789,Poland,11737,Krystian Bielik,,6,182,Poland,,,,,,,11.0,Left Defensive Midfield,70:28,,Substitution - On (Tactical),Final Whistle
3869152,789,Poland,12493,Krzysztof Piątek,,23,182,Poland,,,,,,,,,,,,
3869152,789,Poland,24413,Kamil Grabara,,22,182,Poland,,,,,,,,,,,,
3869152,789,Poland,28453,Michał Skóraś,,26,182,Poland,,,,,,,,,,,,
3869152,789,Poland,31955,Jakub Kamiński,,13,182,Poland,,,,,,,12.0,Right Midfield,00:00,63:49,Starting XI,Tactical Shift
3869152,789,Poland,44166,Jakub Piotr Kiwior,,14,182,Poland,,,,,,,5.0,Left Center Back,00:00,86:13,Starting XI,Substitution - Off (Tactical)
3869152,789,Poland,50502,Nicola Zalewski,,21,182,Poland,,,,,,,17.0,Right Wing,70:17,,Substitution - On (Tactical),Final Whistle
3869219,778,Japan,3175,Eiji Kawashima,,1,114,Japan,,,,,,,,,,,,
3869219,778,Japan,3300,Maya Yoshida,,22,114,Japan,,,,,,,4.0,Center Back,00:00,,Starting XI,Final Whistle
3869219,778,Japan,3530,Hiroki Sakai,,19,114,Japan,,,,,,,21.0,Left Wing,73:54,74:20,Substitution - On (Tactical),Tactical Shift
3869219,778,Japan,5690,Yuto Nagatomo,,5,114,Japan,,,,,,,8.0,Left Wing Back,00:00,63:17,Starting XI,Substitution - Off (Tactical)
3869219,778,Japan,5693,Gaku Shibasaki,,7,114,Japan,,,,,,,,,,,,
3869219,778,Japan,8361,Ritsu Doan,,8,114,Japan,,,,,,,17.0,Right Wing,00:00,86:09,Starting XI,Substitution - Off (Tactical)
3869219,778,Japan,8776,Takumi Minamino,,10,114,Japan,,,,,,,17.0,Right Wing,86:09,86:37,Substitution - On (Tactical),Tactical Shift
3869219,778,Japan,8949,Takuma Asano,,18,114,Japan,,,,,,,23.0,Center Forward,63:29,,Substitution - On (Tactical),Final Whistle
3869219,778,Japan,9411,Daichi Kamada,,15,114,Japan,,,,,,,21.0,Left Wing,00:00,73:54,Starting XI,Substitution - Off (Tactical)
3869219,778,Japan,23527,Junya Ito,,14,114,Japan,,,,,,,7.0,Right Wing Back,00:00,74:20,Starting XI,Tactical Shift
3869219,778,Japan,23721,Wataru Endo,,6,114,Japan,,,,,,,9.0,Right Defensive Midfield,00:00,,Starting XI,Final Whistle
3869219,778,Japan,23730,Takehiro Tomiyasu,,16,114,Japan,,,,,,,3.0,Right Center Back,00:00,,Starting XI,Final Whistle
3869219,778,Japan,25719,Shūichi Gonda,,12,114,Japan,,,,,,,1.0,Goalkeeper,00:00,,Starting XI,Final Whistle
3869219,778,Japan,29366,Daniel Schmidt,,23,114,Japan,,,,,,,,,,,,
3869219,778,Japan,30628,Daizen Maeda,,25,114,Japan,,,,,,,23.0,Center Forward,00:00,63:29,Starting XI,Substitution - Off (Tactical)
3869219,778,Japan,37122,Yuki Soma,,24,114,Japan,,,,,,,,,,,,
3869219,778,Japan,37208,Ao Tanaka,,17,114,Japan,,,,,,,11.0,Left Defensive Midfield,105:00,119:30,Substitution - On (Tactical),Player Off
3869219,778,Japan,37209,Miki Yamane,,2,114,Japan,,,,,,,,,,,,
3869219,778,Japan,37211,Kaoru Mitoma,,9,114,Japan,,,,,,,8.0,Left Wing Back,63:17,,Substitution - On (Tactical),Final Whistle
3869219,778,Japan,37215,Shogo Taniguchi,,3,114,Japan,,,,,,,5.0,Left Center Back,00:00,,Starting XI,Final Whistle
3869219,778,Japan,37221,Hidemasa Morita,,13,114,Japan,,,,,,,11.0,Left Defensive Midfield,00:00,105:00,Starting XI,Substitution - Off (Tactical)
3869219,778,Japan,38285,Ayase Ueda,,21,114,Japan,,,,,,,,,,,,
3869219,778,Japan,95272,Hiroki Ito,,26,114,Japan,,,,,,,,,,,,
3869219,778,Japan,100436,Shuto Machino,,20,114,Japan,,,,,,,,,,,,
3869219,785,Croatia,3441,Nikola Vlašić,,13,56,Croatia,,,,,,,15.0,Left Center Midfield,98:25,,Substitution - On (Tactical),Final Whistle
3869219,785,Croatia,3471,Dejan Lovren,,6,56,Croatia,,,,,,,3.0,Right Center Back,00:00,,Starting XI,Final Whistle
3869219,785,Croatia,5456,Mateo Kovačić,,8,56,Croatia,,,,,,,15.0,Left Center Midfield,00:00,98:25,Starting XI,Substitution - Off (Tactical)
3869219,785,Croatia,5460,Andrej Kramarić,,9,56,Croatia,,,,,,,17.0,Right Wing,00:00,59:07,Starting XI,Tactical Shift
3869219,785,Croatia,5463,Luka Modrić,,10,56,Croatia,,,,,,,13.0,Right Center Midfield,00:00,98:21,Starting XI,Substitution - Off (Tactical)
3869219,785,Croatia,5468,Domagoj Vida,,21,56,Croatia,,,,,,,,,,,,
3869219,785,Croatia,5469,Marcelo Brozović,,11,56,Croatia,,,,,,,10.0,Center Defensive Midfield,00:00,,Starting XI,Final Whistle
3869219,785,Croatia,5474,Ivan Perišić,,4,56,Croatia,,,,,,,21.0,Left Wing,00:00,105:00,Starting XI,Substitution - Off (Tactical)
3869219,785,Croatia,7693,Bruno Petković,,16,56,Croatia,,,,,,,23.0,Center Forward,00:00,61:19,Starting XI,Substitution - Off (Tactical)
3869219,785,Croatia,8654,Ante Budimir,,17,56,Croatia,,,,,,,23.0,Center Forward,61:19,,Substitution - On (Tactical),Final Whistle
3869219,785,Croatia,11127,Borna Barišić,,3,56,Croatia,,,,,,,6.0,Left Back,00:00,,Starting XI,Final Whistle
3869219,785,Croatia,11603,Mario Pašalić,,15,56,Croatia,,,,,,,21.0,Left Wing,67:50,68:05,Substitution - On (Tactical),Tactical Shift
3869219,785,Croatia,16527,Mislav Oršić,,18,56,Croatia,,,,,,,21.0,Left Wing,105:00,,Substitution - On (Tactical),Final Whistle
3869219,785,Croatia,16531,Dominik Livaković,,1,56,Croatia,,,,,,,1.0,Goalkeeper,00:00,,Starting XI,Final Whistle
3869219,785,Croatia,22041,Marko Livaja,,14,56,Croatia,,,,,,,23.0,Center Forward,105:00,,Substitution - On (Tactical),Final Whistle
3869219,785,Croatia,28835,Ivica Ivušić,,23,56,Croatia,,,,,,,,,,,,
3869219,785,Croatia,28914,Lovro Majer,,7,56,Croatia,,,,,,,13.0,Right Center Midfield,98:21,,Substitution - On (Tactical),Final Whistle
3869219,785,Croatia,29163,Josip Juranović,,22,56,Croatia,,,,,,,2.0,Right Back,00:00,,Starting XI,Final Whistle
3869219,785,Croatia,29342,Ivo Grbić,,12,56,Croatia,,,,,,,,,,,,
3869219,785,Croatia,32602,Kristijan Jakić,,26,56,Croatia,,,,,,,,,,,,
3869219,785,Croatia,32689,Martin Erlić,,5,56,Croatia,,,,,,,,,,,,
3869219,785,Croatia,33018,Joško Gvardiol,,20,56,Croatia,,,,,,,5.0,Left Center Back,00:00,,Starting XI,Final Whistle
3869219,785,Croatia,37148,Josip Šutalo,,24,56,Croatia,,,,,,,,,,,,
3869219,785,Croatia,39490,Luka Sučić,,25,56,Croatia,,,,,,,,,,,,
3869220,772,Spain,3477,Álvaro Borja Morata Martín,Álvaro Morata,7,214,Spain,,,,,,,23.0,Center Forward,62:34,,Substitution - On (Tactical),Final Whistle
3869220,772,Spain,3957,César Azpilicueta Tanco,César Azpilicueta,2,214,Spain,,,,,,,,,,,,
3869220,772,Spain,4127,David Raya Martin,David Raya,13,214,Spain,,,,,,,,,,,,
3869220,772,Spain,4353,Aymeric Laporte,,24,214,Spain,,,,,,,5.0,Left Center Back,00:00,,Starting XI,Final Whistle
3869220,772,Spain,5199,Jorge Resurrección Merodio,Koke,8,214,Spain,,,,,,,,,,,,
3869220,772,Spain,5203,Sergio Busquets i Burgos,Sergio Busquets,5,214,Spain,,,,,,,10.0,Center Defensive Midfield,00:00,,Starting XI,Final Whistle
3869220,772,Spain,5211,Jordi Alba Ramos,Jordi Alba,18,214,Spain,,,,,,,6.0,Left Back,00:00,63:23,Starting XI,Player Off
3869220,772,Spain,5719,Marco Asensio Willemsen,,10,214,Spain,,,,,,,23.0,Center Forward,00:00,62:34,Starting XI,Substitution - Off (Tactical)
3869220,772,Spain,5721,Daniel Carvajal Ramos,Daniel Carvajal,20,214,Spain,,,,,,,,,,,,
3869220,772,Spain,6583,Carlos Soler Barragán,Carlos Soler,19,214,Spain,,,,,,,15.0,Left Center Midfield,62:33,65:04,Substitution - On (Tactical),Tactical Shift
3869220,772,Spain,6720,Pablo Sarabia García,Pablo Sarabia,22,214,Spain,,,,,,,17.0,Right Wing,117:54,,Substitution - On (Tactical),Final Whistle
3869220,772,Spain,6748,Ferrán Torres García,Ferrán Torres,11,214,Spain,,,,,,,17.0,Right Wing,00:00,75:04,Starting XI,Substitution - Off (Tactical)
3869220,772,Spain,6765,Rodrigo Hernández Cascante,Rodri,16,214,Spain,,,,,,,3.0,Right Center Back,00:00,,Starting XI,Final Whistle
3869220,772,Spain,6840,Marcos Llorente Moreno,Marcos Llorente,6,214,Spain,,,,,,,2.0,Right Back,00:00,,Starting XI,Final Whistle
3869220,772,Spain,6892,Pau Francisco Torres,Pau Torres,4,214,Spain,,,,,,,,,,,,
3869220,772,Spain,9843,Robert Lynch Sanchez,Robert Sanchez,1,214,Spain,,,,,,,,,,,,
3869220,772,Spain,11748,Unai Simón Mendibil,Unai Simón,23,214,Spain,,,,,,,1.0,Goalkeeper,00:00,,Starting XI,Final Whistle
3869220,772,Spain,16532,Daniel Olmo Carvajal,Daniel Olmo,21,214,Spain,,,,,,,21.0,Left Wing,00:00,97:21,Starting XI,Substitution - Off (Tactical)
3869220,772,Spain,30486,Pedro González López,Pedri,26,214,Spain,,,,,,,15.0,Left Center Midfield,00:00,35:08,Starting XI,Tactical Shift
3869220,772,Spain,30756,Anssumane Fati,Ansu Fati,25,214,Spain,,,,,,,21.0,Left Wing,97:21,,Substitution - On (Tactical),Final Whistle
3869220,772,Spain,31953,Eric García Martret,Eric García,3,214,Spain,,,,,,,,,,,,
3869220,772,Spain,35641,Hugo Guillamón Sanmartín,Hugo Guillamón,15,214,Spain,,,,,,,,,,,,
3869220,772,Spain,39161,Alejandro Balde Martínez,Alejandro Balde,14,214,Spain,,,,,,,6.0,Left Back,97:30,,Substitution - On (Tactical),Final Whistle
3869220,772,Spain,50494,Yeremi Jesús Pino Santos,Yeremi Pino,17,214,Spain,,,,,,,,,,,,
3869220,772,Spain,68574,Nicholas Williams Arthuer,Nico Williams,12,214,Spain,,,,,,,17.0,Right Wing,75:04,,Substitution - On (Tactical),Final Whistle
3869220,772,Spain,133353,Pablo Martín Páez Gavira,Gavi,9,214,Spain,,,,,,,13.0,Right Center Midfield,00:00,35:08,Starting XI,Tactical Shift
3869220,788,Morocco,3625,Sofiane Boufal,,17,154,Morocco,,,,,,,21.0,Left Wing,00:00,65:52,Starting XI,Substitution - Off (Tactical)
3869220,788,Morocco,3634,Abdelhamid Sabiri,,11,154,Morocco,,,,,,,11.0,Left Defensive Midfield,120:05,81:37,Tactical Shift,Substitution - On (Tactical)
3869220,788,Morocco,5219,Romain Saïss,,6,154,Morocco,,,,,,,5.0,Left Center Back,00:00,111:05,Starting XI,Player Off
3869220,788,Morocco,5233,Munir Mohand Mohamedi,Munir,12,154,Morocco,,,,,,,,,,,,
3869220,788,Morocco,5234,Sofyan Amrabat,,4,154,Morocco,,,,,,,10.0,Center Defensive Midfield,00:00,120:05,Starting XI,Tactical Shift
3869220,788,Morocco,5237,Hakim Ziyech,,7,154,Morocco,,,,,,,17.0,Right Wing,00:00,,Starting XI,Final Whistle
3869220,788,Morocco,5245,Achraf Hakimi Mouh,Achraf Hakimi,2,154,Morocco,,,,,,,2.0,Right Back,00:00,120:05,Starting XI,Tactical Shift
3869220,788,Morocco,6301,Youssef En-Nesyri,,19,154,Morocco,,,,,,,23.0,Center Forward,00:00,81:37,Starting XI,Substitution - Off (Tactical)
3869220,788,Morocco,6785,Yassine Bounou,,1,154,Morocco,,,,,,,1.0,Goalkeeper,00:00,,Starting XI,Final Whistle
3869220,788,Morocco,7459,Jawad El Yamiq,,18,154,Morocco,,,,,,,3.0,Right Center Back,120:05,,Tactical Shift,Final Whistle
3869220,788,Morocco,12149,Nayef Aguerd,,5,154,Morocco,,,,,,,3.0,Right Center Back,00:00,84:00,Starting XI,Substitution - Off (Injury)
3869220,788,Morocco,15890,Noussair Mazraoui,,3,154,Morocco,,,,,,,6.0,Left Back,00:00,82:50,Starting XI,Substitution - Off (Tactical)
3869220,788,Morocco,21214,Ilias Chair,,13,154,Morocco,,,,,,,,,,,,
3869220,788,Morocco,21736,Zakaria Aboukhlal,,14,154,Morocco,,,,,,,,,,,,
3869220,788,Morocco,23774,Selim Amallah,,15,154,Morocco,,,,,,,15.0,Left Center Midfield,00:00,81:35,Starting XI,Substitution - Off (Tactical)
3869220,788,Morocco,31295,Yahia Attiyat allah,,25,154,Morocco,,,,,,,8.0,Left Wing Back,120:05,82:50,Tactical Shift,Substitution - On (Tactical)
3869220,788,Morocco,46258,Azzedine Ounahi,,8,154,Morocco,,,,,,,13.0,Right Center Midfield,00:00,119:30,Starting XI,Substitution - Off (Tactical)
3869220,788,Morocco,59493,Abderrazak Hamdallah,,9,154,Morocco,,,,,,,,,,,,
3869220,788,Morocco,67700,Badr Banoun,,24,154,Morocco,,,,,,,13.0,Right Center Midfield,119:30,120:05,Substitution - On (Tactical),Tactical Shift
3869220,788,Morocco,102668,Yahya Jabrane,,26,154,Morocco,,,,,,,,,,,,
3869220,788,Morocco,131037,Anass Zaroury,,10,22,Belgium,,,,,,,,,,,,
3869220,788,Morocco,139011,Ahmed Reda Tagnaouti,,22,154,Morocco,,,,,,,,,,,,
3869220,788,Morocco,139016,Achraf Dari,,20,154,Morocco,,,,,,,,,,,,
3869220,788,Morocco,149714,Abdessamad Ezzalzouli,Abde Ezzalzouli,16,154,Morocco,,,,,,,21.0,Left Wing,120:05,,Tactical Shift,Final Whistle
3869220,788,Morocco,156734,Bilal El Khannous,,23,154,Morocco,,,,,,,,,,,,
3869220,788,Morocco,296254,Walid Cheddira,,21,154,Morocco,,,,,,,23.0,Center Forward,120:05,81:35,Tactical Shift,Substitution - On (Tactical)
3869253,781,Brazil,3063,Danilo Luiz da Silva,Danilo,2,31,Brazil,,,,,,,6.0,Left Back,00:00,71:44,Starting XI,Substitution - Off (Tactical)
3869253,781,Brazil,3067,Ederson Santana de Moraes,Ederson Moraes,23,31,Brazil,,,,,,,,,,,,
3869253,781,Brazil,3247,Fábio Henrique Tavares,Fabinho,15,31,Brazil,,,,,,,,,,,,
3869253,781,Brazil,3280,Richarlison de Andrade,Richarlison,9,31,Brazil,,,,,,,23.0,Center Forward,00:00,,Starting XI,Final Whistle
3869253,781,Brazil,3295,Thiago Emiliano da Silva,Thiago Silva,3,31,Brazil,,,,,,,5.0,Left Center Back,00:00,,Starting XI,Final Whistle
3869253,781,Brazil,4320,Neymar da Silva Santos Junior,Neymar,10,31,Brazil,,,,,,,19.0,Center Attacking Midfield,00:00,80:17,Starting XI,Substitution - Off (Tactical)
3869253,781,Brazil,4324,Daniel Alves da Silva,Dani Alves,13,31,Brazil,,,,,,,2.0,Right Back,62:33,,Substitution - On (Tactical),Final Whistle
3869253,781,Brazil,4372,Marcos Aoás Corrêa,Marquinhos,4,31,Brazil,,,,,,,3.0,Right Center Back,00:00,,Starting XI,Final Whistle
3869253,781,Brazil,5539,Carlos Henrique Casimiro,Casemiro,5,31,Brazil,,,,,,,11.0,Left Defensive Midfield,00:00,,Starting XI,Final Whistle
3869253,781,Brazil,5547,Alisson Ramsés Becker,Alisson,1,31,Brazil,,,,,,,1.0,Goalkeeper,00:00,79:53,Starting XI,Substitution - Off (Tactical)
3869253,781,Brazil,9904,Frederico Rodrigues Santos,Fred,8,31,Brazil,,,,,,,,,,,,
3869253,781,Brazil,10595,Raphael Dias Belloli,Raphinha,11,31,Brazil,,,,,,,17.0,Right Wing,00:00,80:19,Starting XI,Tactical Shift
3869253,781,Brazil,11493,Gleison Bremer Silva Nascimento,Bremer,24,31,Brazil,,,,,,,6.0,Left Back,71:44,,Substitution - On (Tactical),Final Whistle
3869253,781,Brazil,13620,Éder Gabriel Militão,Éder Militão,14,31,Brazil,,,,,,,2.0,Right Back,00:00,62:33,Starting XI,Substitution - Off (Tactical)
3869253,781,Brazil,18395,Vinícius José Paixão de Oliveira Júnior,Vinícius Júnior,20,31,Brazil,,,,,,,21.0,Left Wing,00:00,71:46,Starting XI,Substitution - Off (Tactical)
3869253,781,Brazil,22600,Lucas Tolentino Coelho de Lima,Lucas Paquetá,7,31,Brazil,,,,,,,9.0,Right Defensive Midfield,00:00,,Starting XI,Final Whistle
3869253,781,Brazil,25101,Weverton Pereira da Silva,Wéverton,12,31,Brazil,,,,,,,1.0,Goalkeeper,79:53,,Substitution - On (Tactical),Final Whistle
3869253,781,Brazil,25104,Rodrygo Silva de Goes,Rodrygo,21,31,Brazil,,,,,,,19.0,Center Attacking Midfield,80:17,,Substitution - On (Tactical),Final Whistle
3869253,781,Brazil,25142,Bruno Guimarães Rodriguez Moura,Bruno Guimarães,17,31,Brazil,,,,,,,,,,,,
3869253,781,Brazil,25154,Éverton Augusto de Barros Ribeiro,Éverton Ribeiro,22,31,Brazil,,,,,,,,,,,,
3869253,781,Brazil,25305,Pedro Guilherme Abreu dos Santos,Pedro,25,31,Brazil,,,,,,,,,,,,
3869253,781,Brazil,25363,Antony Matheus dos Santos,Antony,19,31,Brazil,,,,,,,,,,,,
3869253,781,Brazil,29976,Gabriel Teodoro Martinelli Silva,Gabriel Martinelli,26,31,Brazil,,,,,,,21.0,Left Wing,71:46,80:19,Substitution - On (Tactical),Tactical Shift
3869253,791,South Korea,3083,Heung-Min Son,Son Heung-Min,7,121,Korea (South),,,,,,,24.0,Left Center Forward,00:00,45:00,Starting XI,Tactical Shift
3869253,791,South Korea,3135,Chang-Hoon Kwon,Kwon Chang-Hoon,22,121,Korea (South),,,,,,,,,,,,
3869253,791,South Korea,5604,Young-Gwon Kim,Kim Young-Gwon,19,121,Korea (South),,,,,,,5.0,Left Center Back,00:00,,Starting XI,Final Whistle
3869253,791,South Korea,5618,Woo-Young Jung,Jung Woo-Young,5,121,Korea (South),,,,,,,9.0,Right Defensive Midfield,00:00,45:00,Starting XI,Substitution - Off (Tactical)
3869253,791,South Korea,5619,Hyeon-Woo Jo,,21,121,Korea (South),,,,,,,,,,,,
3869253,791,South Korea,5620,Hee-Chan Hwang,Hwang Hee-Chan,11,121,Korea (South),,,,,,,16.0,Left Midfield,00:00,45:00,Starting XI,Tactical Shift
3869253,791,South Korea,5623,Jae-Sung Lee,Lee Jae-Sung,10,121,Korea (South),,,,,,,12.0,Right Midfield,00:00,45:00,Starting XI,Tactical Shift
3869253,791,South Korea,5986,Chul Hong,Hong Chul,14,121,Korea (South),,,,,,,6.0,Left Back,45:00,,Tactical Shift,Final Whistle
3869253,791,South Korea,22067,Woo-Yeong Jeong,Jeong Woo-Yeong,25,121,Korea (South),,,,,,,,,,,,
3869253,791,South Korea,22740,Kang-In Lee,Lee Kang-In,18,121,Korea (South),,,,,,,15.0,Left Center Midfield,73:28,,Substitution - On (Tactical),Final Whistle
3869253,791,South Korea,23264,Seung-Ho Paik,Paik Seung-Ho,8,121,Korea (South),,,,,,,13.0,Right Center Midfield,64:26,,Substitution - On (Tactical),Final Whistle
3869253,791,South Korea,23763,In-Beom Hwang,Hwang In-Beom,6,121,Korea (South),,,,,,,11.0,Left Defensive Midfield,00:00,45:00,Starting XI,Tactical Shift
3869253,791,South Korea,29966,Ui-Jo Hwang,Hwang Ui-jo,16,121,Korea (South),,,,,,,23.0,Center Forward,79:31,,Substitution - On (Tactical),Final Whistle
3869253,791,South Korea,37641,Seung-Gyu Kim,Kim Seung-Gyu,1,121,Korea (South),,,,,,,1.0,Goalkeeper,00:00,,Starting XI,Final Whistle
3869253,791,South Korea,40538,Jin-Su Kim,Kim Jin-Su,3,121,Korea (South),,,,,,,6.0,Left Back,00:00,45:00,Starting XI,Substitution - Off (Tactical)
3869253,791,South Korea,40542,Gue-Sung Cho,Cho Kyu-Sung,9,121,Korea (South),,,,,,,22.0,Right Center Forward,00:00,45:00,Starting XI,Tactical Shift
3869253,791,South Korea,40550,Bum-Keun Song,Song Bum-Keun,12,121,Korea (South),,,,,,,,,,,,
3869253,791,South Korea,40558,Jun-Ho Son,Son Jun-Ho,13,121,Korea (South),,,,,,,10.0,Center Defensive Midfield,45:00,45:00,Tactical Shift,Substitution - On (Tactical)
3869253,791,South Korea,40564,Kyung-Won Kwon,Kwon Kyung-Won,20,121,Korea (South),,,,,,,,,,,,
3869253,791,South Korea,40578,Tae-Hwan Kim,Kim Tae-Hwan,23,121,Korea (South),,,,,,,,,,,,
3869253,791,South Korea,40664,Min-Kyu Song,Song Min-Kyu,26,121,Korea (South),,,,,,,,,,,,
3869253,791,South Korea,40672,Moon-Hwan Kim,Kim Moon-Hwan,15,121,Korea (South),,,,,,,2.0,Right Back,00:00,,Starting XI,Final Whistle
3869253,791,South Korea,41495,Jong-Gyu Yoon,Yoon Jong-Gyu,2,121,Korea (South),,,,,,,,,,,,
3869253,791,South Korea,41711,Sang-Ho Na,Na Sangho,17,121,Korea (South),,,,,,,,,,,,
3869253,791,South Korea,43565,Min Jae Kim,Min Jae Kim,4,121,Korea (South),,,,,,,3.0,Right Center Back,00:00,,Starting XI,Final Whistle
3869253,791,South Korea,99479,Yu-Min Cho,Cho Yu-Min,24,121,Korea (South),,,,,,,,,,,,
3869254,780,Portugal,3193,Bernardo Mota Veiga de Carvalho e Silva,Bernardo Silva,10,183,Portugal,,,,,,,13.0,Right Center Midfield,00:00,80:39,Starting XI,Substitution - Off (Tactical)
3869254,780,Portugal,4272,João Mário Naval da Costa Eduardo,João Mário,17,183,Portugal,,,,,,,,,,,,
3869254,780,Portugal,5204,Bruno Miguel Borges Fernandes,Bruno Fernandes,8,183,Portugal,,,,,,,17.0,Right Wing,00:00,86:40,Starting XI,Substitution - Off (Tactical)
3869254,780,Portugal,5205,Rui Pedro dos Santos Patrício,Rui Patrício,1,183,Portugal,,,,,,,,,,,,
3869254,780,Portugal,5206,Rúben Santos Gato Alves Dias,Rúben Dias,4,183,Portugal,,,,,,,5.0,Left Center Back,00:00,,Starting XI,Final Whistle
3869254,780,Portugal,5207,Cristiano Ronaldo dos Santos Aveiro,Cristiano Ronaldo,7,183,Portugal,,,,,,,21.0,Left Wing,72:49,74:11,Substitution - On (Tactical),Tactical Shift
3869254,780,Portugal,5209,Raphaël Adelino José Guerreiro,Raphaël Guerreiro,5,183,Portugal,,,,,,,6.0,Left Back,00:00,,Starting XI,Final Whistle
3869254,780,Portugal,5214,William Silva de Carvalho,William Carvalho,14,183,Portugal,,,,,,,10.0,Center Defensive Midfield,00:00,83:07,Starting XI,Tactical Shift
3869254,780,Portugal,5218,André Miguel Valente Silva,André Silva,9,183,Portugal,,,,,,,,,,,,
3869254,780,Portugal,7005,João Pedro Cavaco Cancelo,João Cancelo,20,183,Portugal,,,,,,,,,,,,
3869254,780,Portugal,9927,Rúben Diogo Da Silva Neves,Rúben Neves,18,183,Portugal,,,,,,,13.0,Right Center Midfield,80:39,83:07,Substitution - On (Tactical),Tactical Shift
3869254,780,Portugal,10868,Ricardo Jorge Luz Horta,Ricardo Horta,21,183,Portugal,,,,,,,23.0,Center Forward,72:35,74:11,Substitution - On (Tactical),Tactical Shift
3869254,780,Portugal,11184,Otávio Edmilson da Silva Monteiro,Otavinho,25,183,Portugal,,,,,,,15.0,Left Center Midfield,00:00,73:04,Starting XI,Substitution - Off (Tactical)
3869254,780,Portugal,12041,João Félix Sequeira,João Félix,11,183,Portugal,,,,,,,21.0,Left Wing,00:00,72:49,Starting XI,Substitution - Off (Tactical)
3869254,780,Portugal,12169,João Maria Lobo Alves Palhinha Gonçalves,João Palhinha,6,183,Portugal,,,,,,,,,,,,
3869254,780,Portugal,16028,José Diogo Dalot Teixeira,Diogo Dalot,2,183,Portugal,,,,,,,2.0,Right Back,00:00,,Starting XI,Final Whistle
3869254,780,Portugal,18360,Rafael Alexandre Conceição Leão,Rafael Leão,15,183,Portugal,,,,,,,17.0,Right Wing,86:40,,Substitution - On (Tactical),Final Whistle
3869254,780,Portugal,18866,José Pedro Malheiro de Sá,José Sá,12,183,Portugal,,,,,,,,,,,,
3869254,780,Portugal,20016,Kléper Laveran Lima Ferreira,Pepe,3,183,Portugal,,,,,,,3.0,Right Center Back,00:00,,Starting XI,Final Whistle
3869254,780,Portugal,32975,Diogo Meireles Costa,Diogo Costa,22,183,Portugal,,,,,,,1.0,Goalkeeper,00:00,,Starting XI,Final Whistle
3869254,780,Portugal,34639,Vitor Machado Ferreira,Vitinha,16,183,Portugal,,,,,,,15.0,Left Center Midfield,73:04,,Substitution - On (Tactical),Final Whistle
3869254,780,Portugal,38803,Gonçalo Matias Ramos,Gonçalo Ramos,26,183,Portugal,,,,,,,23.0,Center Forward,00:00,72:35,Starting XI,Substitution - Off (Tactical)
3869254,780,Portugal,40874,Matheus Luiz Nunes,Matheus Nunes,23,183,Portugal,,,,,,,,,,,,
3869254,780,Portugal,143854,António João Pereira Albuquerque Tavares Silva,António Silva,24,183,Portugal,,,,,,,,,,,,
3869254,773,Switzerland,3500,Granit Xhaka,,10,221,Switzerland,,,,,,,10.0,Center Defensive Midfield,00:00,58:22,Starting XI,Tactical Shift
3869254,773,Switzerland,3533,Xherdan Shaqiri,,23,221,Switzerland,,,,,,,24.0,Left Center Forward,00:00,58:22,Starting XI,Tactical Shift
3869254,773,Switzerland,3913,Edimilson Fernandes,,2,221,Switzerland,,,,,,,7.0,Right Wing Back,00:00,58:22,Starting XI,Tactical Shift
3869254,773,Switzerland,5537,Fabian Lukas Schär,Fabian Schär,22,221,Switzerland,,,,,,,4.0,Center Back,00:00,24:58,Starting XI,Player Off
3869254,773,Switzerland,5538,Denis Lemi Zakaria Lako Lado,Denis Zakaria,6,221,Switzerland,,,,,,,15.0,Left Center Midfield,53:36,58:22,Substitution - On (Tactical),Tactical Shift
3869254,773,Switzerland,5543,Haris Seferović,,9,221,Switzerland,,,,,,,13.0,Right Center Midfield,53:54,58:22,Substitution - On (Tactical),Tactical Shift
3869254,773,Switzerland,5544,Ricardo Iván Rodríguez Araya,Ricardo Rodríguez,13,221,Switzerland,,,,,,,5.0,Left Center Back,00:00,58:22,Starting XI,Tactical Shift
3869254,773,Switzerland,5545,Breel-Donald Embolo,Breel Embolo,7,221,Switzerland,,,,,,,22.0,Right Center Forward,00:00,58:22,Starting XI,Tactical Shift
3869254,773,Switzerland,5549,Manuel Obafemi Akanji,Manuel Akanji,5,221,Switzerland,,,,,,,3.0,Right Center Back,00:00,,Starting XI,Final Whistle
3869254,773,Switzerland,5550,Yann Sommer,,1,221,Switzerland,,,,,,,1.0,Goalkeeper,00:00,,Starting XI,Final Whistle
3869254,773,Switzerland,6983,Remo Freuler,,8,221,Switzerland,,,,,,,15.0,Left Center Midfield,00:00,53:36,Starting XI,Substitution - Off (Tactical)
3869254,773,Switzerland,8561,Fabian Frei,,20,221,Switzerland,,,,,,,,,,,,
3869254,773,Switzerland,8814,Nico Elvedi,,4,221,Switzerland,,,,,,,,,,,,
3869254,773,Switzerland,12326,Renato Steffen,,11,221,Switzerland,,,,,,,,,,,,
3869254,773,Switzerland,16016,Michel Aebischer,,14,221,Switzerland,,,,,,,,,,,,
3869254,773,Switzerland,16022,Christian Fassnacht,,16,221,Switzerland,,,,,,,,,,,,
3869254,773,Switzerland,16026,Djibril Sow,,15,221,Switzerland,,,,,,,13.0,Right Center Midfield,00:00,53:54,Starting XI,Substitution - Off (Tactical)
3869254,773,Switzerland,17974,Gregor Kobel,,21,221,Switzerland,,,,,,,,,,,,
3869254,773,Switzerland,29003,Jonas Omlin,,12,221,Switzerland,,,,,,,,,,,,
3869254,773,Switzerland,29006,Noah Okafor,,19,221,Switzerland,,,,,,,16.0,Left Midfield,65:43,90:28,Substitution - On (Tactical),Tactical Shift
3869254,773,Switzerland,29012,Eray Ervin Cömert,Eray Cömert,18,221,Switzerland,,,,,,,4.0,Center Back,45:00,58:22,Substitution - On (Tactical),Tactical Shift
3869254,773,Switzerland,30401,Ruben Vargas,,17,221,Switzerland,,,,,,,8.0,Left Wing Back,00:00,58:22,Starting XI,Tactical Shift
3869254,773,Switzerland,41655,Ardon Jashari,,26,221,Switzerland,,,,,,,24.0,Left Center Forward,88:36,90:28,Substitution - On (Tactical),Tactical Shift
3869254,773,Switzerland,46313,Philipp Köhn,,24,221,Switzerland,,,,,,,,,,,,
3869254,773,Switzerland,50436,Fabian Rieder,,25,221,Switzerland,,,,,,,,,,,,
3869321,941,Netherlands,2988,Memphis Depay,,10,160,Netherlands,,,,,,,24.0,Left Center Forward,00:00,64:04,Starting XI,Tactical Shift
3869321,941,Netherlands,3264,Vincent Janssen,,18,160,Netherlands,,,,,,,,,,,,
3869321,941,Netherlands,3306,Nathan Aké,,5,160,Netherlands,,,,,,,5.0,Left Center Back,00:00,64:04,Starting XI,Tactical Shift
3869321,941,Netherlands,3311,Daley Blind,,17,160,Netherlands,,,,,,,8.0,Left Wing Back,00:00,64:01,Starting XI,Substitution - Off (Tactical)
3869321,941,Netherlands,3669,Virgil van Dijk,,4,160,Netherlands,,,,,,,4.0,Center Back,00:00,64:04,Starting XI,Tactical Shift
3869321,941,Netherlands,4318,Davy Klaassen,,14,160,Netherlands,,,,,,,,,,,,
3869321,941,Netherlands,6994,Marten de Roon,,15,160,Netherlands,,,,,,,9.0,Right Defensive Midfield,00:00,45:00,Starting XI,Substitution - Off (Tactical)
3869321,941,Netherlands,7745,Steven Berghuis,,11,160,Netherlands,,,,,,,19.0,Center Attacking Midfield,45:00,45:00,Tactical Shift,Substitution - On (Tactical)
3869321,941,Netherlands,7787,Stefan de Vrij,,6,160,Netherlands,,,,,,,,,,,,
3869321,941,Netherlands,7829,Wout Weghorst,,19,160,Netherlands,,,,,,,19.0,Center Attacking Midfield,77:57,78:09,Substitution - On (Tactical),Tactical Shift
3869321,941,Netherlands,7838,Remko Pasveer,,1,160,Netherlands,,,,,,,,,,,,
3869321,941,Netherlands,7891,Teun Koopmeiners,,20,160,Netherlands,,,,,,,9.0,Right Defensive Midfield,45:00,,Tactical Shift,Final Whistle
3869321,941,Netherlands,8069,Matthijs de Ligt,,3,160,Netherlands,,,,,,,,,,,,
3869321,941,Netherlands,8118,Frenkie de Jong,,21,160,Netherlands,,,,,,,11.0,Left Defensive Midfield,00:00,,Starting XI,Final Whistle
3869321,941,Netherlands,8124,Tyrell Malacia,,16,160,Netherlands,,,,,,,,,,,,
3869321,941,Netherlands,8125,Denzel Dumfries,,22,160,Netherlands,,,,,,,7.0,Right Wing Back,00:00,64:04,Starting XI,Tactical Shift
3869321,941,Netherlands,8259,Steven Bergwijn,,7,160,Netherlands,,,,,,,22.0,Right Center Forward,00:00,45:00,Starting XI,Substitution - Off (Tactical)
3869321,941,Netherlands,8326,Andries Noppert,,23,160,Netherlands,,,,,,,1.0,Goalkeeper,00:00,,Starting XI,Final Whistle
3869321,941,Netherlands,16185,Justin Bijlow,,13,160,Netherlands,,,,,,,,,,,,
3869321,941,Netherlands,20033,Luuk de Jong,,9,160,Netherlands,,,,,,,8.0,Left Wing Back,64:01,64:04,Substitution - On (Tactical),Tactical Shift
3869321,941,Netherlands,20750,Cody Mathès Gakpo,Cody Gakpo,8,160,Netherlands,,,,,,,19.0,Center Attacking Midfield,00:00,112:41,Starting XI,Substitution - Off (Tactical)
3869321,941,Netherlands,21547,Noa Lang,,12,160,Netherlands,,,,,,,16.0,Left Midfield,112:41,,Substitution - On (Tactical),Final Whistle
3869321,941,Netherlands,21809,Jurriën David Norman Timber,Jurriën Timber,2,160,Netherlands,,,,,,,3.0,Right Center Back,00:00,,Starting XI,Final Whistle
3869321,941,Netherlands,21879,Kenneth Taylor,,24,160,Netherlands,,,,,,,,,,,,
3869321,941,Netherlands,32712,Jeremie Frimpong,,26,160,Netherlands,,,,,,,,,,,,
3869321,941,Netherlands,39167,Xavi Simons,,25,160,Netherlands,,,,,,,,,,,,
3869321,779,Argentina,2995,Ángel Fabián Di María Hernández,Ángel Di María,11,11,Argentina,,,,,,,5.0,Left Center Back,111:01,112:50,Substitution - On (Tactical),Tactical Shift
3869321,779,Argentina,3090,Nicolás Hernán Otamendi,Nicolás Otamendi,19,11,Argentina,,,,,,,4.0,Center Back,00:00,112:50,Starting XI,Tactical Shift
3869321,779,Argentina,5503,Lionel Andrés Messi Cuccittini,Lionel Messi,10,11,Argentina,,,,,,,22.0,Right Center Forward,00:00,112:50,Starting XI,Tactical Shift
3869321,779,Argentina,5507,Nicolás Alejandro Tagliafico,Nicolás Tagliafico,3,11,Argentina,,,,,,,6.0,Left Back,112:50,77:09,Tactical Shift,Substitution - On (Tactical)
3869321,779,Argentina,5743,Paulo Bruno Exequiel Dybala,Paulo Dybala,21,11,Argentina,,,,,,,,,,,,
3869321,779,Argentina,6312,Franco Armani,,1,11,Argentina,,,,,,,,,,,,
3869321,779,Argentina,6377,Ángel Martín Correa,Ángel Correa,15,11,Argentina,,,,,,,,,,,,
3869321,779,Argentina,6694,Gerónimo Rulli,Gero Rulli,12,11,Argentina,,,,,,,,,,,,
3869321,779,Argentina,6909,Damián Emiliano Martínez,Emiliano Martínez,23,11,Argentina,,,,,,,1.0,Goalkeeper,00:00,,Starting XI,Final Whistle
3869321,779,Argentina,7006,Alejandro Darío Gómez,Papu Gómez,17,11,Argentina,,,,,,,,,,,,
3869321,779,Argentina,7161,Germán Alejandro Pezzella,Germán Pezzella,6,11,Argentina,,,,,,,3.0,Right Center Back,112:50,,Tactical Shift,Final Whistle
3869321,779,Argentina,7797,Rodrigo Javier De Paul,Rodrigo De Paul,7,11,Argentina,,,,,,,13.0,Right Center Midfield,00:00,37:35,Starting XI,Player Off
3869321,779,Argentina,11456,Lautaro Javier Martínez,Lautaro Martínez,22,11,Argentina,,,,,,,21.0,Left Wing,112:50,80:55,Tactical Shift,Substitution - On (Tactical)
3869321,779,Argentina,16308,Leandro Daniel Paredes,Leandro Paredes,5,11,Argentina,,,,,,,10.0,Center Defensive Midfield,112:50,65:47,Tactical Shift,Substitution - On (Tactical)
3869321,779,Argentina,19597,Marcos Javier Acuña,Marcos Acuña,8,11,Argentina,,,,,,,8.0,Left Wing Back,00:00,77:09,Starting XI,Substitution - Off (Tactical)
3869321,779,Argentina,20572,Cristian Gabriel Romero,Cristian Romero,13,11,Argentina,,,,,,,3.0,Right Center Back,00:00,77:28,Starting XI,Substitution - Off (Tactical)
3869321,779,Argentina,21081,Juan Marcos Foyth,Juan Foyth,2,11,Argentina,,,,,,,,,,,,
3869321,779,Argentina,26404,Guido Rodríguez,,18,11,Argentina,,,,,,,,,,,,
3869321,779,Argentina,27768,Lisandro Martínez,,25,11,Argentina,,,,,,,5.0,Left Center Back,00:00,111:01,Starting XI,Substitution - Off (Tactical)
3869321,779,Argentina,27886,Alexis Mac Allister,Alexis MacAllister,20,11,Argentina,,,,,,,15.0,Left Center Midfield,00:00,,Starting XI,Final Whistle
3869321,779,Argentina,28263,Gonzalo Ariel Montiel,Gonzalo Montiel,4,11,Argentina,,,,,,,7.0,Right Wing Back,105:00,112:50,Substitution - On (Tactical),Tactical Shift
3869321,779,Argentina,28268,Exequiel Alejandro Palacios,Exequiel Palacios,14,11,Argentina,,,,,,,,,,,,
3869321,779,Argentina,28637,Thiago Ezequiel Almada,Thiago Almada,16,11,Argentina,,,,,,,,,,,,
3869321,779,Argentina,29201,Nahuel Molina Lucero,Nahuel Molina,26,11,Argentina,,,,,,,7.0,Right Wing Back,00:00,105:00,Starting XI,Substitution - Off (Tactical)
3869321,779,Argentina,29560,Julián Álvarez,,9,11,Argentina,,,,,,,24.0,Left Center Forward,00:00,80:55,Starting XI,Substitution - Off (Tactical)
3869321,779,Argentina,38718,Enzo Fernandez,,24,11,Argentina,,,,,,,10.0,Center Defensive Midfield,00:00,112:50,Starting XI,Tactical Shift
3869354,771,France,2972,Marcus Thuram,,26,78,France,,,,,,,,,,,,
3869354,771,France,3009,Kylian Mbappé Lottin,Kylian Mbappé,10,78,France,,,,,,,21.0,Left Wing,00:00,,Starting XI,Final Whistle
3869354,771,France,3026,Adrien Rabiot,,14,78,France,,,,,,,11.0,Left Defensive Midfield,00:00,,Starting XI,Final Whistle
3869354,771,France,3099,Hugo Lloris,,1,78,France,,,,,,,1.0,Goalkeeper,00:00,,Starting XI,Final Whistle
3869354,771,France,3379,Alphonse Areola,,23,78,France,,,,,,,,,,,,
3869354,771,France,3543,Steve Mandanda,,16,78,France,,,,,,,,,,,,
3869354,771,France,3604,Olivier Giroud,,9,78,France,,,,,,,23.0,Center Forward,00:00,,Starting XI,Final Whistle
3869354,771,France,4445,Jules Koundé,,5,78,France,,,,,,,2.0,Right Back,00:00,,Starting XI,Final Whistle
3869354,771,France,5476,Benjamin Pavard,,2,78,France,,,,,,,,,,,,
3869354,771,France,5477,Ousmane Dembélé,,11,78,France,,,,,,,17.0,Right Wing,00:00,78:37,Starting XI,Substitution - Off (Tactical)
3869354,771,France,5485,Raphaël Varane,,4,78,France,,,,,,,3.0,Right Center Back,00:00,,Starting XI,Final Whistle
3869354,771,France,5487,Antoine Griezmann,,7,78,France,,,,,,,19.0,Center Attacking Midfield,00:00,,Starting XI,Final Whistle
3869354,771,France,6704,Theo Bernard François Hernández,Theo Hernández,22,78,France,,,,,,,6.0,Left Back,00:00,,Starting XI,Final Whistle
3869354,771,France,7153,Jordan Veretout,,15,78,France,,,,,,,,,,,,
3869354,771,France,7345,Mattéo Guendouzi Olié,Mattéo Guendouzi,6,78,France,,,,,,,,,,,,
3869354,771,France,7439,Axel Disasi,,3,78,France,,,,,,,,,,,,
3869354,771,France,8217,Kingsley Coman,,20,78,France,,,,,,,17.0,Right Wing,78:37,,Substitution - On (Tactical),Final Whistle
3869354,771,France,8519,Dayotchanculle Upamecano,,18,78,France,,,,,,,5.0,Left Center Back,00:00,,Starting XI,Final Whistle
3869354,771,France,10481,Aurélien Djani Tchouaméni,Aurélien Tchouaméni,8,78,France,,,,,,,9.0,Right Defensive Midfield,00:00,,Starting XI,Final Whistle
3869354,771,France,11135,Ibrahima Konaté,,24,78,France,,,,,,,,,,,,
3869354,771,France,11990,Youssouf Fofana,,13,78,France,,,,,,,,,,,,
3869354,771,France,17592,William Saliba,,17,78,France,,,,,,,,,,,,
3869354,771,France,22097,Randal Kolo Muani,Randal Kolo,12,78,France,,,,,,,,,,,,
3869354,771,France,24778,Eduardo Camavinga,,25,78,France,,,,,,,,,,,,
3869354,768,England,3205,Kyle Walker,,2,68,England,,,,,,,2.0,Right Back,00:00,,Starting XI,Final Whistle
3869354,768,England,3233,Raheem Sterling,Raheem Sterling,10,68,England,,,,,,,17.0,Right Wing,78:51,,Substitution - On (Tactical),Final Whistle
3869354,768,England,3244,John Stones,,5,68,England,,,,,,,3.0,Right Center Back,00:00,97:04,Starting XI,Substitution - Off (Injury)
3869354,768,England,3308,Kieran Trippier,,12,68,England,,,,,,,,,,,,
3869354,768,England,3318,Marcus Rashford,,11,68,England,,,,,,,21.0,Left Wing,84:28,,Substitution - On (Tactical),Final Whistle
3869354,768,England,3336,Harry Maguire,,6,68,England,,,,,,,5.0,Left Center Back,00:00,,Starting XI,Final Whistle
3869354,768,England,3382,Luke Shaw,,3,68,England,,,,,,,6.0,Left Back,00:00,,Starting XI,Final Whistle
3869354,768,England,3468,Jordan Pickford,,1,68,England,,,,,,,1.0,Goalkeeper,00:00,,Starting XI,Final Whistle
3869354,768,England,3474,Nick Pope,,13,68,England,,,,,,,,,,,,
3869354,768,England,3532,Jordan Brian Henderson,Jordan Henderson,8,68,England,,,,,,,13.0,Right Center Midfield,00:00,78:48,Starting XI,Substitution - Off (Tactical)
3869354,768,England,3616,Callum Wilson,,24,68,England,,,,,,,,,,,,
3869354,768,England,3664,Trent Alexander-Arnold,,18,68,England,,,,,,,,,,,,
3869354,768,England,3943,Declan Rice,,4,68,England,,,,,,,10.0,Center Defensive Midfield,00:00,97:21,Starting XI,Tactical Shift
3869354,768,England,4354,Philip Foden,,20,68,England,,,,,,,21.0,Left Wing,00:00,84:28,Starting XI,Substitution - Off (Tactical)
3869354,768,England,4706,Kalvin Phillips,,14,68,England,,,,,,,,,,,,
3869354,768,England,7843,Mason Mount,,19,68,England,,,,,,,13.0,Right Center Midfield,78:48,,Substitution - On (Tactical),Final Whistle
3869354,768,England,9638,Jack Grealish,,7,68,England,,,,,,,3.0,Right Center Back,97:04,97:21,Substitution - On (Injury),Tactical Shift
3869354,768,England,9905,James Maddison,,25,68,England,,,,,,,,,,,,
3869354,768,England,9928,Conor Coady,,16,68,England,,,,,,,,,,,,
3869354,768,England,10955,Harry Kane,,9,68,England,,,,,,,23.0,Center Forward,00:00,,Starting XI,Final Whistle
3869354,768,England,10956,Eric Dier,,15,68,England,,,,,,,,,,,,
3869354,768,England,22084,Bukayo Saka,,17,68,England,,,,,,,17.0,Right Wing,00:00,78:51,Starting XI,Substitution - Off (Tactical)
3869354,768,England,22783,Aaron Ramsdale,,23,68,England,,,,,,,,,,,,
3869354,768,England,29399,Conor Gallagher,,26,68,England,,,,,,,,,,,,
3869354,768,England,30714,Jude Bellingham,,22,68,England,,,,,,,15.0,Left Center Midfield,00:00,97:21,Starting XI,Tactical Shift
3869420,781,Brazil,3063,Danilo Luiz da Silva,Danilo,2,31,Brazil,,,,,,,6.0,Left Back,00:00,105:45,Starting XI,Tactical Shift
3869420,781,Brazil,3067,Ederson Santana de Moraes,Ederson Moraes,23,31,Brazil,,,,,,,,,,,,
3869420,781,Brazil,3247,Fábio Henrique Tavares,Fabinho,15,31,Brazil,,,,,,,,,,,,
3869420,781,Brazil,3280,Richarlison de Andrade,Richarlison,9,31,Brazil,,,,,,,23.0,Center Forward,00:00,83:18,Starting XI,Substitution - Off (Tactical)
3869420,781,Brazil,3295,Thiago Emiliano da Silva,Thiago Silva,3,31,Brazil,,,,,,,5.0,Left Center Back,00:00,105:45,Starting XI,Tactical Shift
3869420,781,Brazil,4320,Neymar da Silva Santos Junior,Neymar,10,31,Brazil,,,,,,,19.0,Center Attacking Midfield,00:00,,Starting XI,Final Whistle
3869420,781,Brazil,4324,Daniel Alves da Silva,Dani Alves,13,31,Brazil,,,,,,,,,,,,
3869420,781,Brazil,4372,Marcos Aoás Corrêa,Marquinhos,4,31,Brazil,,,,,,,3.0,Right Center Back,00:00,105:45,Starting XI,Tactical Shift
3869420,781,Brazil,5539,Carlos Henrique Casimiro,Casemiro,5,31,Brazil,,,,,,,11.0,Left Defensive Midfield,00:00,,Starting XI,Final Whistle
3869420,781,Brazil,5547,Alisson Ramsés Becker,Alisson,1,31,Brazil,,,,,,,1.0,Goalkeeper,00:00,,Starting XI,Final Whistle
3869420,781,Brazil,6945,Alex Sandro Lobo Silva,Alex Sandro,6,31,Brazil,,,,,,,2.0,Right Back,105:01,105:45,Substitution - On (Tactical),Tactical Shift
3869420,781,Brazil,9904,Frederico Rodrigues Santos,Fred,8,31,Brazil,,,,,,,9.0,Right Defensive Midfield,105:00,,Substitution - On (Tactical),Final Whistle
3869420,781,Brazil,10595,Raphael Dias Belloli,Raphinha,11,31,Brazil,,,,,,,12.0,Right Midfield,00:00,55:11,Starting XI,Substitution - Off (Tactical)
3869420,781,Brazil,11493,Gleison Bremer Silva Nascimento,Bremer,24,31,Brazil,,,,,,,,,,,,
3869420,781,Brazil,13620,Éder Gabriel Militão,Éder Militão,14,31,Brazil,,,,,,,2.0,Right Back,00:00,105:01,Starting XI,Substitution - Off (Tactical)
3869420,781,Brazil,18395,Vinícius José Paixão de Oliveira Júnior,Vinícius Júnior,20,31,Brazil,,,,,,,16.0,Left Midfield,00:00,63:42,Starting XI,Substitution - Off (Tactical)
3869420,781,Brazil,22600,Lucas Tolentino Coelho de Lima,Lucas Paquetá,7,31,Brazil,,,,,,,9.0,Right Defensive Midfield,00:00,105:00,Starting XI,Substitution - Off (Tactical)
3869420,781,Brazil,25101,Weverton Pereira da Silva,Wéverton,12,31,Brazil,,,,,,,,,,,,
3869420,781,Brazil,25104,Rodrygo Silva de Goes,Rodrygo,21,31,Brazil,,,,,,,16.0,Left Midfield,105:45,,Tactical Shift,Final Whistle
3869420,781,Brazil,25142,Bruno Guimarães Rodriguez Moura,Bruno Guimarães,17,31,Brazil,,,,,,,,,,,,
3869420,781,Brazil,25154,Éverton Augusto de Barros Ribeiro,Éverton Ribeiro,22,31,Brazil,,,,,,,,,,,,
3869420,781,Brazil,25305,Pedro Guilherme Abreu dos Santos,Pedro,25,31,Brazil,,,,,,,23.0,Center Forward,105:45,,Tactical Shift,Final Whistle
3869420,781,Brazil,25363,Antony Matheus dos Santos,Antony,19,31,Brazil,,,,,,,12.0,Right Midfield,105:45,,Tactical Shift,Final Whistle
3869420,781,Brazil,29976,Gabriel Teodoro Martinelli Silva,Gabriel Martinelli,26,31,Brazil,,,,,,,,,,,,
3869420,785,Croatia,3441,Nikola Vlašić,,13,56,Croatia,,,,,,,12.0,Right Midfield,109:25,71:50,Tactical Shift,Substitution - On (Tactical)
3869420,785,Croatia,3471,Dejan Lovren,,6,56,Croatia,,,,,,,3.0,Right Center Back,00:00,,Starting XI,Final Whistle
3869420,785,Croatia,5456,Mateo Kovačić,,8,56,Croatia,,,,,,,15.0,Left Center Midfield,00:00,105:00,Starting XI,Substitution - Off (Tactical)
3869420,785,Croatia,5460,Andrej Kramarić,,9,56,Croatia,,,,,,,23.0,Center Forward,00:00,71:54,Starting XI,Substitution - Off (Tactical)
3869420,785,Croatia,5463,Luka Modrić,,10,56,Croatia,,,,,,,13.0,Right Center Midfield,00:00,109:25,Starting XI,Tactical Shift
3869420,785,Croatia,5468,Domagoj Vida,,21,56,Croatia,,,,,,,,,,,,
3869420,785,Croatia,5469,Marcelo Brozović,,11,56,Croatia,,,,,,,10.0,Center Defensive Midfield,00:00,109:25,Starting XI,Tactical Shift
3869420,785,Croatia,5474,Ivan Perišić,,4,56,Croatia,,,,,,,21.0,Left Wing,00:00,109:25,Starting XI,Tactical Shift
3869420,785,Croatia,7693,Bruno Petković,,16,56,Croatia,,,,,,,22.0,Right Center Forward,109:25,71:54,Tactical Shift,Substitution - On (Tactical)
3869420,785,Croatia,8654,Ante Budimir,,17,56,Croatia,,,,,,,24.0,Left Center Forward,109:25,109:25,Tactical Shift,Substitution - On (Tactical)
3869420,785,Croatia,11127,Borna Barišić,,3,56,Croatia,,,,,,,,,,,,
3869420,785,Croatia,11603,Mario Pašalić,,15,56,Croatia,,,,,,,17.0,Right Wing,00:00,71:50,Starting XI,Substitution - Off (Tactical)
3869420,785,Croatia,12625,Borna Sosa,,19,56,Croatia,,,,,,,6.0,Left Back,00:00,109:25,Starting XI,Substitution - Off (Tactical)
3869420,785,Croatia,16527,Mislav Oršić,,18,56,Croatia,,,,,,,16.0,Left Midfield,113:06,,Substitution - On (Tactical),Final Whistle
3869420,785,Croatia,16531,Dominik Livaković,,1,56,Croatia,,,,,,,1.0,Goalkeeper,00:00,,Starting XI,Final Whistle
3869420,785,Croatia,22041,Marko Livaja,,14,56,Croatia,,,,,,,,,,,,
3869420,785,Croatia,28835,Ivica Ivušić,,23,56,Croatia,,,,,,,,,,,,
3869420,785,Croatia,28914,Lovro Majer,,7,56,Croatia,,,,,,,15.0,Left Center Midfield,105:00,109:25,Substitution - On (Tactical),Tactical Shift
3869420,785,Croatia,29163,Josip Juranović,,22,56,Croatia,,,,,,,2.0,Right Back,00:00,,Starting XI,Final Whistle
3869420,785,Croatia,29342,Ivo Grbić,,12,56,Croatia,,,,,,,,,,,,
3869420,785,Croatia,32602,Kristijan Jakić,,26,56,Croatia,,,,,,,,,,,,
3869420,785,Croatia,32689,Martin Erlić,,5,56,Croatia,,,,,,,,,,,,
3869420,785,Croatia,33018,Joško Gvardiol,,20,56,Croatia,,,,,,,5.0,Left Center Back,00:00,,Starting XI,Final Whistle
3869420,785,Croatia,37148,Josip Šutalo,,24,56,Croatia,,,,,,,,,,,,
3869420,785,Croatia,39490,Luka Sučić,,25,56,Croatia,,,,,,,,,,,,
3869420,785,Croatia,49337,Josip Stanišić,,2,56,Croatia,,,,,,,,,,,,
3869486,780,Portugal,3193,Bernardo Mota Veiga de Carvalho e Silva,Bernardo Silva,10,183,Portugal,,,,,,,13.0,Right Center Midfield,00:00,51:09,Starting XI,Tactical Shift
3869486,780,Portugal,4272,João Mário Naval da Costa Eduardo,João Mário,17,183,Portugal,,,,,,,,,,,,
3869486,780,Portugal,5204,Bruno Miguel Borges Fernandes,Bruno Fernandes,8,183,Portugal,,,,,,,17.0,Right Wing,00:00,78:43,Starting XI,Tactical Shift
3869486,780,Portugal,5205,Rui Pedro dos Santos Patrício,Rui Patrício,1,183,Portugal,,,,,,,,,,,,
3869486,780,Portugal,5206,Rúben Santos Gato Alves Dias,Rúben Dias,4,183,Portugal,,,,,,,5.0,Left Center Back,00:00,,Starting XI,Final Whistle
3869486,780,Portugal,5207,Cristiano Ronaldo dos Santos Aveiro,Cristiano Ronaldo,7,183,Portugal,,,,,,,10.0,Center Defensive Midfield,50:47,51:09,Substitution - On (Tactical),Tactical Shift
3869486,780,Portugal,5209,Raphaël Adelino José Guerreiro,Raphaël Guerreiro,5,183,Portugal,,,,,,,6.0,Left Back,00:00,50:43,Starting XI,Substitution - Off (Tactical)
3869486,780,Portugal,5214,William Silva de Carvalho,William Carvalho,14,183,Portugal,,,,,,,,,,,,
3869486,780,Portugal,5218,André Miguel Valente Silva,André Silva,9,183,Portugal,,,,,,,,,,,,
3869486,780,Portugal,7005,João Pedro Cavaco Cancelo,João Cancelo,20,183,Portugal,,,,,,,6.0,Left Back,50:43,,Substitution - On (Tactical),Final Whistle
3869486,780,Portugal,9927,Rúben Diogo Da Silva Neves,Rúben Neves,18,183,Portugal,,,,,,,10.0,Center Defensive Midfield,00:00,50:47,Starting XI,Substitution - Off (Tactical)
3869486,780,Portugal,10868,Ricardo Jorge Luz Horta,Ricardo Horta,21,183,Portugal,,,,,,,2.0,Right Back,78:40,78:43,Substitution - On (Tactical),Tactical Shift
3869486,780,Portugal,11184,Otávio Edmilson da Silva Monteiro,Otavinho,25,183,Portugal,,,,,,,15.0,Left Center Midfield,00:00,51:09,Starting XI,Tactical Shift
3869486,780,Portugal,12041,João Félix Sequeira,João Félix,11,183,Portugal,,,,,,,21.0,Left Wing,00:00,68:32,Starting XI,Tactical Shift
3869486,780,Portugal,12169,João Maria Lobo Alves Palhinha Gonçalves,João Palhinha,6,183,Portugal,,,,,,,,,,,,
3869486,780,Portugal,16028,José Diogo Dalot Teixeira,Diogo Dalot,2,183,Portugal,,,,,,,2.0,Right Back,00:00,78:40,Starting XI,Substitution - Off (Tactical)
3869486,780,Portugal,18360,Rafael Alexandre Conceição Leão,Rafael Leão,15,183,Portugal,,,,,,,19.0,Center Attacking Midfield,68:21,68:32,Substitution - On (Tactical),Tactical Shift
3869486,780,Portugal,18866,José Pedro Malheiro de Sá,José Sá,12,183,Portugal,,,,,,,,,,,,
3869486,780,Portugal,20016,Kléper Laveran Lima Ferreira,Pepe,3,183,Portugal,,,,,,,3.0,Right Center Back,00:00,,Starting XI,Final Whistle
3869486,780,Portugal,32975,Diogo Meireles Costa,Diogo Costa,22,183,Portugal,,,,,,,1.0,Goalkeeper,00:00,,Starting XI,Final Whistle
3869486,780,Portugal,34639,Vitor Machado Ferreira,Vitinha,16,183,Portugal,,,,,,,9.0,Right Defensive Midfield,68:29,,Substitution - On (Tactical),Final Whistle
3869486,780,Portugal,38803,Gonçalo Matias Ramos,Gonçalo Ramos,26,183,Portugal,,,,,,,23.0,Center Forward,00:00,51:09,Starting XI,Tactical Shift
3869486,780,Portugal,40874,Matheus Luiz Nunes,Matheus Nunes,23,183,Portugal,,,,,,,,,,,,
3869486,780,Portugal,143854,António João Pereira Albuquerque Tavares Silva,António Silva,24,183,Portugal,,,,,,,,,,,,
3869486,788,Morocco,3625,Sofiane Boufal,,17,154,Morocco,,,,,,,16.0,Left Midfield,00:00,52:33,Starting XI,Player Off
3869486,788,Morocco,3634,Abdelhamid Sabiri,,11,154,Morocco,,,,,,,,,,,,
3869486,788,Morocco,5219,Romain Saïss,,6,154,Morocco,,,,,,,5.0,Left Center Back,00:00,56:57,Starting XI,Substitution - Off (Injury)
3869486,788,Morocco,5233,Munir Mohand Mohamedi,Munir,12,154,Morocco,,,,,,,,,,,,
3869486,788,Morocco,5234,Sofyan Amrabat,,4,154,Morocco,,,,,,,10.0,Center Defensive Midfield,00:00,64:46,Starting XI,Tactical Shift
3869486,788,Morocco,5237,Hakim Ziyech,,7,154,Morocco,,,,,,,12.0,Right Midfield,00:00,64:46,Starting XI,Tactical Shift
3869486,788,Morocco,5245,Achraf Hakimi Mouh,Achraf Hakimi,2,154,Morocco,,,,,,,2.0,Right Back,00:00,64:46,Starting XI,Tactical Shift
3869486,788,Morocco,6301,Youssef En-Nesyri,,19,154,Morocco,,,,,,,23.0,Center Forward,00:00,64:00,Starting XI,Substitution - Off (Tactical)
3869486,788,Morocco,6785,Yassine Bounou,,1,154,Morocco,,,,,,,1.0,Goalkeeper,00:00,,Starting XI,Final Whistle
3869486,788,Morocco,7459,Jawad El Yamiq,,18,154,Morocco,,,,,,,3.0,Right Center Back,00:00,57:07,Starting XI,Tactical Shift
3869486,788,Morocco,21214,Ilias Chair,,13,154,Morocco,,,,,,,,,,,,
3869486,788,Morocco,21736,Zakaria Aboukhlal,,14,154,Morocco,,,,,,,17.0,Right Wing,80:35,92:52,Substitution - On (Tactical),Tactical Shift
3869486,788,Morocco,23774,Selim Amallah,,15,154,Morocco,,,,,,,15.0,Left Center Midfield,00:00,63:46,Starting XI,Substitution - Off (Tactical)
3869486,788,Morocco,31295,Yahia Attiyat allah,,25,154,Morocco,,,,,,,6.0,Left Back,00:00,64:46,Starting XI,Tactical Shift
3869486,788,Morocco,46258,Azzedine Ounahi,,8,154,Morocco,,,,,,,13.0,Right Center Midfield,00:00,64:46,Starting XI,Tactical Shift
3869486,788,Morocco,59493,Abderrazak Hamdallah,,9,154,Morocco,,,,,,,,,,,,
3869486,788,Morocco,67700,Badr Banoun,,24,154,Morocco,,,,,,,23.0,Center Forward,64:00,64:46,Substitution - On (Tactical),Tactical Shift
3869486,788,Morocco,102668,Yahya Jabrane,,26,154,Morocco,,,,,,,9.0,Right Defensive Midfield,80:52,80:52,Tactical Shift,Substitution - On (Tactical)
3869486,788,Morocco,131037,Anass Zaroury,,10,22,Belgium,,,,,,,,,,,,
3869486,788,Morocco,139011,Ahmed Reda Tagnaouti,,22,154,Morocco,,,,,,,,,,,,
3869486,788,Morocco,139016,Achraf Dari,,20,154,Morocco,,,,,,,5.0,Left Center Back,56:57,57:07,Substitution - On (Injury),Tactical Shift
3869486,788,Morocco,149714,Abdessamad Ezzalzouli,Abde Ezzalzouli,16,154,Morocco,,,,,,,,,,,,
3869486,788,Morocco,156734,Bilal El Khannous,,23,154,Morocco,,,,,,,,,,,,
3869486,788,Morocco,296254,Walid Cheddira,,21,154,Morocco,,,,,,,15.0,Left Center Midfield,63:46,64:46,Substitution - On (Tactical),Tactical Shift
3869519,779,Argentina,2995,Ángel Fabián Di María Hernández,Ángel Di María,11,11,Argentina,,,,,,,,,,,,
3869519,779,Argentina,3090,Nicolás Hernán Otamendi,Nicolás Otamendi,19,11,Argentina,,,,,,,5.0,Left Center Back,00:00,61:30,Starting XI,Tactical Shift
3869519,779,Argentina,5503,Lionel Andrés Messi Cuccittini,Lionel Messi,10,11,Argentina,,,,,,,22.0,Right Center Forward,00:00,,Starting XI,Final Whistle
3869519,779,Argentina,5507,Nicolás Alejandro Tagliafico,Nicolás Tagliafico,3,11,Argentina,,,,,,,6.0,Left Back,00:00,61:30,Starting XI,Tactical Shift
3869519,779,Argentina,5743,Paulo Bruno Exequiel Dybala,Paulo Dybala,21,11,Argentina,,,,,,,24.0,Left Center Forward,73:47,,Substitution - On (Tactical),Final Whistle
3869519,779,Argentina,6312,Franco Armani,,1,11,Argentina,,,,,,,,,,,,
3869519,779,Argentina,6377,Ángel Martín Correa,Ángel Correa,15,11,Argentina,,,,,,,15.0,Left Center Midfield,85:36,,Substitution - On (Tactical),Final Whistle
3869519,779,Argentina,6694,Gerónimo Rulli,Gero Rulli,12,11,Argentina,,,,,,,,,,,,
3869519,779,Argentina,6909,Damián Emiliano Martínez,Emiliano Martínez,23,11,Argentina,,,,,,,1.0,Goalkeeper,00:00,,Starting XI,Final Whistle
3869519,779,Argentina,7161,Germán Alejandro Pezzella,Germán Pezzella,6,11,Argentina,,,,,,,,,,,,
3869519,779,Argentina,7797,Rodrigo Javier De Paul,Rodrigo De Paul,7,11,Argentina,,,,,,,12.0,Right Midfield,00:00,61:30,Starting XI,Tactical Shift
3869519,779,Argentina,11456,Lautaro Javier Martínez,Lautaro Martínez,22,11,Argentina,,,,,,,,,,,,
3869519,779,Argentina,16308,Leandro Daniel Paredes,Leandro Paredes,5,11,Argentina,,,,,,,9.0,Right Defensive Midfield,00:00,61:28,Starting XI,Substitution - Off (Tactical)
3869519,779,Argentina,20572,Cristian Gabriel Romero,Cristian Romero,13,11,Argentina,,,,,,,3.0,Right Center Back,00:00,,Starting XI,Final Whistle
3869519,779,Argentina,21081,Juan Marcos Foyth,Juan Foyth,2,11,Argentina,,,,,,,7.0,Right Wing Back,85:57,,Substitution - On (Tactical),Final Whistle
3869519,779,Argentina,26404,Guido Rodríguez,,18,11,Argentina,,,,,,,,,,,,
3869519,779,Argentina,27768,Lisandro Martínez,,25,11,Argentina,,,,,,,9.0,Right Defensive Midfield,61:28,61:30,Substitution - On (Tactical),Tactical Shift
3869519,779,Argentina,27886,Alexis Mac Allister,Alexis MacAllister,20,11,Argentina,,,,,,,16.0,Left Midfield,00:00,61:30,Starting XI,Tactical Shift
3869519,779,Argentina,28268,Exequiel Alejandro Palacios,Exequiel Palacios,14,11,Argentina,,,,,,,13.0,Right Center Midfield,73:38,,Substitution - On (Tactical),Final Whistle
3869519,779,Argentina,28637,Thiago Ezequiel Almada,Thiago Almada,16,11,Argentina,,,,,,,,,,,,
3869519,779,Argentina,29201,Nahuel Molina Lucero,Nahuel Molina,26,11,Argentina,,,,,,,2.0,Right Back,00:00,61:30,Starting XI,Tactical Shift
3869519,779,Argentina,29560,Julián Álvarez,,9,11,Argentina,,,,,,,24.0,Left Center Forward,00:00,73:47,Starting XI,Substitution - Off (Tactical)
3869519,779,Argentina,38718,Enzo Fernandez,,24,11,Argentina,,,,,,,11.0,Left Defensive Midfield,00:00,61:30,Starting XI,Tactical Shift
3869519,785,Croatia,3441,Nikola Vlašić,,13,56,Croatia,,,,,,,17.0,Right Wing,45:00,,Tactical Shift,Final Whistle
3869519,785,Croatia,3471,Dejan Lovren,,6,56,Croatia,,,,,,,3.0,Right Center Back,00:00,,Starting XI,Final Whistle
3869519,785,Croatia,5456,Mateo Kovačić,,8,56,Croatia,,,,,,,15.0,Left Center Midfield,00:00,49:43,Starting XI,Tactical Shift
3869519,785,Croatia,5460,Andrej Kramarić,,9,56,Croatia,,,,,,,23.0,Center Forward,00:00,49:43,Starting XI,Tactical Shift
3869519,785,Croatia,5463,Luka Modrić,,10,56,Croatia,,,,,,,13.0,Right Center Midfield,00:00,49:43,Starting XI,Tactical Shift
3869519,785,Croatia,5468,Domagoj Vida,,21,56,Croatia,,,,,,,,,,,,
3869519,785,Croatia,5469,Marcelo Brozović,,11,56,Croatia,,,,,,,10.0,Center Defensive Midfield,00:00,49:43,Starting XI,Substitution - Off (Tactical)
3869519,785,Croatia,5474,Ivan Perišić,,4,56,Croatia,,,,,,,21.0,Left Wing,00:00,45:00,Starting XI,Tactical Shift
3869519,785,Croatia,7693,Bruno Petković,,16,56,Croatia,,,,,,,23.0,Center Forward,49:43,49:43,Tactical Shift,Substitution - On (Tactical)
3869519,785,Croatia,8654,Ante Budimir,,17,56,Croatia,,,,,,,,,,,,
3869519,785,Croatia,11127,Borna Barišić,,3,56,Croatia,,,,,,,,,,,,
3869519,785,Croatia,11603,Mario Pašalić,,15,56,Croatia,,,,,,,17.0,Right Wing,00:00,45:00,Starting XI,Substitution - Off (Tactical)
3869519,785,Croatia,12625,Borna Sosa,,19,56,Croatia,,,,,,,6.0,Left Back,00:00,45:00,Starting XI,Substitution - Off (Tactical)
3869519,785,Croatia,16527,Mislav Oršić,,18,56,Croatia,,,,,,,21.0,Left Wing,45:00,45:00,Tactical Shift,Substitution - On (Tactical)
3869519,785,Croatia,16531,Dominik Livaković,,1,56,Croatia,,,,,,,1.0,Goalkeeper,00:00,,Starting XI,Final Whistle
3869519,785,Croatia,22041,Marko Livaja,,14,56,Croatia,,,,,,,19.0,Center Attacking Midfield,71:47,,Substitution - On (Tactical),Final Whistle
3869519,785,Croatia,28835,Ivica Ivušić,,23,56,Croatia,,,,,,,,,,,,
3869519,785,Croatia,28914,Lovro Majer,,7,56,Croatia,,,,,,,9.0,Right Defensive Midfield,80:40,,Substitution - On (Tactical),Final Whistle
3869519,785,Croatia,29163,Josip Juranović,,22,56,Croatia,,,,,,,2.0,Right Back,00:00,,Starting XI,Final Whistle
3869519,785,Croatia,29342,Ivo Grbić,,12,56,Croatia,,,,,,,,,,,,
3869519,785,Croatia,32602,Kristijan Jakić,,26,56,Croatia,,,,,,,,,,,,
3869519,785,Croatia,32689,Martin Erlić,,5,56,Croatia,,,,,,,,,,,,
3869519,785,Croatia,33018,Joško Gvardiol,,20,56,Croatia,,,,,,,5.0,Left Center Back,00:00,,Starting XI,Final Whistle
3869519,785,Croatia,37148,Josip Šutalo,,24,56,Croatia,,,,,,,,,,,,
3869519,785,Croatia,39490,Luka Sučić,,25,56,Croatia,,,,,,,,,,,,
3869519,785,Croatia,49337,Josip Stanišić,,2,56,Croatia,,,,,,,,,,,,
3869552,771,France,2972,Marcus Thuram,,26,78,France,,,,,,,23.0,Center Forward,64:45,64:52,Substitution - On (Tactical),Tactical Shift
3869552,771,France,3009,Kylian Mbappé Lottin,Kylian Mbappé,10,78,France,,,,,,,21.0,Left Wing,00:00,52:05,Starting XI,Player Off
3869552,771,France,3099,Hugo Lloris,,1,78,France,,,,,,,1.0,Goalkeeper,00:00,,Starting XI,Final Whistle
3869552,771,France,3379,Alphonse Areola,,23,78,France,,,,,,,,,,,,
3869552,771,France,3543,Steve Mandanda,,16,78,France,,,,,,,,,,,,
3869552,771,France,3604,Olivier Giroud,,9,78,France,,,,,,,23.0,Center Forward,00:00,64:45,Starting XI,Substitution - Off (Tactical)
3869552,771,France,4445,Jules Koundé,,5,78,France,,,,,,,2.0,Right Back,00:00,,Starting XI,Final Whistle
3869552,771,France,5476,Benjamin Pavard,,2,78,France,,,,,,,,,,,,
3869552,771,France,5477,Ousmane Dembélé,,11,78,France,,,,,,,17.0,Right Wing,00:00,78:07,Starting XI,Substitution - Off (Tactical)
3869552,771,France,5485,Raphaël Varane,,4,78,France,,,,,,,3.0,Right Center Back,00:00,,Starting XI,Final Whistle
3869552,771,France,5487,Antoine Griezmann,,7,78,France,,,,,,,19.0,Center Attacking Midfield,00:00,64:52,Starting XI,Tactical Shift
3869552,771,France,6704,Theo Bernard François Hernández,Theo Hernández,22,78,France,,,,,,,6.0,Left Back,00:00,,Starting XI,Final Whistle
3869552,771,France,7153,Jordan Veretout,,15,78,France,,,,,,,,,,,,
3869552,771,France,7345,Mattéo Guendouzi Olié,Mattéo Guendouzi,6,78,France,,,,,,,,,,,,
3869552,771,France,7439,Axel Disasi,,3,78,France,,,,,,,,,,,,
3869552,771,France,8217,Kingsley Coman,,20,78,France,,,,,,,,,,,,
3869552,771,France,8519,Dayotchanculle Upamecano,,18,78,France,,,,,,,,,,,,
3869552,771,France,10481,Aurélien Djani Tchouaméni,Aurélien Tchouaméni,8,78,France,,,,,,,9.0,Right Defensive Midfield,00:00,64:52,Starting XI,Tactical Shift
3869552,771,France,11135,Ibrahima Konaté,,24,78,France,,,,,,,5.0,Left Center Back,00:00,,Starting XI,Final Whistle
3869552,771,France,11990,Youssouf Fofana,,13,78,France,,,,,,,11.0,Left Defensive Midfield,00:00,64:52,Starting XI,Tactical Shift
3869552,771,France,17592,William Saliba,,17,78,France,,,,,,,,,,,,
3869552,771,France,22097,Randal Kolo Muani,Randal Kolo,12,78,France,,,,,,,17.0,Right Wing,78:07,,Substitution - On (Tactical),Final Whistle
3869552,771,France,24778,Eduardo Camavinga,,25,78,France,,,,,,,,,,,,
3869552,788,Morocco,3625,Sofiane Boufal,,17,154,Morocco,,,,,,,21.0,Left Wing,00:00,66:05,Starting XI,Substitution - Off (Tactical)
3869552,788,Morocco,3634,Abdelhamid Sabiri,,11,154,Morocco,,,,,,,,,,,,
3869552,788,Morocco,5219,Romain Saïss,,6,154,Morocco,,,,,,,4.0,Center Back,00:00,20:36,Starting XI,Substitution - Off (Injury)
3869552,788,Morocco,5233,Munir Mohand Mohamedi,Munir,12,154,Morocco,,,,,,,,,,,,
3869552,788,Morocco,5234,Sofyan Amrabat,,4,154,Morocco,,,,,,,9.0,Right Defensive Midfield,00:00,20:45,Starting XI,Tactical Shift
3869552,788,Morocco,5237,Hakim Ziyech,,7,154,Morocco,,,,,,,17.0,Right Wing,00:00,78:19,Starting XI,Tactical Shift
3869552,788,Morocco,5245,Achraf Hakimi Mouh,Achraf Hakimi,2,154,Morocco,,,,,,,7.0,Right Wing Back,00:00,20:45,Starting XI,Tactical Shift
3869552,788,Morocco,6301,Youssef En-Nesyri,,19,154,Morocco,,,,,,,23.0,Center Forward,00:00,65:43,Starting XI,Substitution - Off (Tactical)
3869552,788,Morocco,6785,Yassine Bounou,,1,154,Morocco,,,,,,,1.0,Goalkeeper,00:00,,Starting XI,Final Whistle
3869552,788,Morocco,7459,Jawad El Yamiq,,18,154,Morocco,,,,,,,5.0,Left Center Back,00:00,,Starting XI,Final Whistle
3869552,788,Morocco,12149,Nayef Aguerd,,5,154,Morocco,,,,,,,,,,,,
3869552,788,Morocco,15890,Noussair Mazraoui,,3,154,Morocco,,,,,,,8.0,Left Wing Back,00:00,20:45,Starting XI,Tactical Shift
3869552,788,Morocco,21214,Ilias Chair,,13,154,Morocco,,,,,,,,,,,,
3869552,788,Morocco,21736,Zakaria Aboukhlal,,14,154,Morocco,,,,,,,21.0,Left Wing,66:05,78:19,Substitution - On (Tactical),Tactical Shift
3869552,788,Morocco,23774,Selim Amallah,,15,154,Morocco,,,,,,,4.0,Center Back,20:36,20:45,Substitution - On (Injury),Tactical Shift
3869552,788,Morocco,31295,Yahia Attiyat allah,,25,154,Morocco,,,,,,,6.0,Left Back,45:00,,Tactical Shift,Final Whistle
3869552,788,Morocco,46258,Azzedine Ounahi,,8,154,Morocco,,,,,,,11.0,Left Defensive Midfield,00:00,20:45,Starting XI,Tactical Shift
3869552,788,Morocco,59493,Abderrazak Hamdallah,,9,154,Morocco,,,,,,,23.0,Center Forward,65:43,78:19,Substitution - On (Tactical),Tactical Shift
3869552,788,Morocco,67700,Badr Banoun,,24,154,Morocco,,,,,,,,,,,,
3869552,788,Morocco,102668,Yahya Jabrane,,26,154,Morocco,,,,,,,,,,,,
3869552,788,Morocco,131037,Anass Zaroury,,10,22,Belgium,,,,,,,,,,,,
3869552,788,Morocco,139011,Ahmed Reda Tagnaouti,,22,154,Morocco,,,,,,,,,,,,
3869552,788,Morocco,139016,Achraf Dari,,20,154,Morocco,,,,,,,3.0,Right Center Back,00:00,,Starting XI,Final Whistle
3869552,788,Morocco,149714,Abdessamad Ezzalzouli,Abde Ezzalzouli,16,154,Morocco,,,,,,,15.0,Left Center Midfield,77:31,78:19,Substitution - On (Tactical),Tactical Shift
3869552,788,Morocco,156734,Bilal El Khannous,,23,154,Morocco,,,,,,,,,,,,
3869684,785,Croatia,3441,Nikola Vlašić,,13,56,Croatia,,,,,,,17.0,Right Wing,61:04,,Substitution - On (Injury),Final Whistle
3869684,785,Croatia,3471,Dejan Lovren,,6,56,Croatia,,,,,,,,,,,,
3869684,785,Croatia,5456,Mateo Kovačić,,8,56,Croatia,,,,,,,11.0,Left Defensive Midfield,00:00,,Starting XI,Final Whistle
3869684,785,Croatia,5460,Andrej Kramarić,,9,56,Croatia,,,,,,,19.0,Center Attacking Midfield,00:00,43:18,Starting XI,Tactical Shift
3869684,785,Croatia,5463,Luka Modrić,,10,56,Croatia,,,,,,,9.0,Right Defensive Midfield,00:00,,Starting XI,Final Whistle
3869684,785,Croatia,5468,Domagoj Vida,,21,56,Croatia,,,,,,,,,,,,
3869684,785,Croatia,5469,Marcelo Brozović,,11,56,Croatia,,,,,,,,,,,,
3869684,785,Croatia,5474,Ivan Perišić,,4,56,Croatia,,,,,,,6.0,Left Back,00:00,,Starting XI,Final Whistle
3869684,785,Croatia,7693,Bruno Petković,,16,56,Croatia,,,,,,,23.0,Center Forward,66:58,85:19,Substitution - On (Tactical),Player Off
3869684,785,Croatia,8654,Ante Budimir,,17,56,Croatia,,,,,,,,,,,,
3869684,785,Croatia,11127,Borna Barišić,,3,56,Croatia,,,,,,,,,,,,
3869684,785,Croatia,11603,Mario Pašalić,,15,56,Croatia,,,,,,,19.0,Center Attacking Midfield,66:55,,Substitution - On (Tactical),Final Whistle
3869684,785,Croatia,12625,Borna Sosa,,19,56,Croatia,,,,,,,,,,,,
3869684,785,Croatia,16527,Mislav Oršić,,18,56,Croatia,,,,,,,21.0,Left Wing,00:00,94:52,Starting XI,Substitution - Off (Tactical)
3869684,785,Croatia,16531,Dominik Livaković,,1,56,Croatia,,,,,,,1.0,Goalkeeper,00:00,,Starting XI,Final Whistle
3869684,785,Croatia,22041,Marko Livaja,,14,56,Croatia,,,,,,,23.0,Center Forward,00:00,66:58,Starting XI,Substitution - Off (Tactical)
3869684,785,Croatia,28835,Ivica Ivušić,,23,56,Croatia,,,,,,,,,,,,
3869684,785,Croatia,28914,Lovro Majer,,7,56,Croatia,,,,,,,17.0,Right Wing,00:00,43:18,Starting XI,Tactical Shift
3869684,785,Croatia,29163,Josip Juranović,,22,56,Croatia,,,,,,,,,,,,
3869684,785,Croatia,29342,Ivo Grbić,,12,56,Croatia,,,,,,,,,,,,
3869684,785,Croatia,32602,Kristijan Jakić,,26,56,Croatia,,,,,,,21.0,Left Wing,94:52,,Substitution - On (Tactical),Final Whistle
3869684,785,Croatia,32689,Martin Erlić,,5,56,Croatia,,,,,,,,,,,,
3869684,785,Croatia,33018,Joško Gvardiol,,20,56,Croatia,,,,,,,5.0,Left Center Back,00:00,,Starting XI,Final Whistle
3869684,785,Croatia,37148,Josip Šutalo,,24,56,Croatia,,,,,,,3.0,Right Center Back,00:00,,Starting XI,Final Whistle
3869684,785,Croatia,39490,Luka Sučić,,25,56,Croatia,,,,,,,,,,,,
3869684,785,Croatia,49337,Josip Stanišić,,2,56,Croatia,,,,,,,2.0,Right Back,00:00,,Starting XI,Final Whistle
3869684,788,Morocco,3625,Sofiane Boufal,,17,154,Morocco,,,,,,,21.0,Left Wing,00:00,63:17,Starting XI,Substitution - Off (Tactical)
3869684,788,Morocco,3634,Abdelhamid Sabiri,,11,154,Morocco,,,,,,,15.0,Left Center Midfield,00:00,45:00,Starting XI,Substitution - Off (Tactical)
3869684,788,Morocco,5219,Romain Saïss,,6,154,Morocco,,,,,,,,,,,,
3869684,788,Morocco,5233,Munir Mohand Mohamedi,Munir,12,154,Morocco,,,,,,,,,,,,
3869684,788,Morocco,5234,Sofyan Amrabat,,4,154,Morocco,,,,,,,10.0,Center Defensive Midfield,00:00,67:13,Starting XI,Tactical Shift
3869684,788,Morocco,5237,Hakim Ziyech,,7,154,Morocco,,,,,,,17.0,Right Wing,00:00,45:00,Starting XI,Tactical Shift
3869684,788,Morocco,5245,Achraf Hakimi Mouh,Achraf Hakimi,2,154,Morocco,,,,,,,2.0,Right Back,00:00,,Starting XI,Final Whistle
3869684,788,Morocco,6301,Youssef En-Nesyri,,19,154,Morocco,,,,,,,23.0,Center Forward,00:00,,Starting XI,Final Whistle
3869684,788,Morocco,6785,Yassine Bounou,,1,154,Morocco,,,,,,,1.0,Goalkeeper,00:00,,Starting XI,Final Whistle
3869684,788,Morocco,7459,Jawad El Yamiq,,18,154,Morocco,,,,,,,3.0,Right Center Back,00:00,66:48,Starting XI,Substitution - Off (Injury)
3869684,788,Morocco,12149,Nayef Aguerd,,5,154,Morocco,,,,,,,,,,,,
3869684,788,Morocco,21214,Ilias Chair,,13,154,Morocco,,,,,,,17.0,Right Wing,45:00,45:00,Tactical Shift,Substitution - On (Tactical)
3869684,788,Morocco,21736,Zakaria Aboukhlal,,14,154,Morocco,,,,,,,,,,,,
3869684,788,Morocco,23774,Selim Amallah,,15,154,Morocco,,,,,,,3.0,Right Center Back,66:48,67:13,Substitution - On (Injury),Tactical Shift
3869684,788,Morocco,31295,Yahia Attiyat allah,,25,154,Morocco,,,,,,,6.0,Left Back,00:00,,Starting XI,Final Whistle
3869684,788,Morocco,46258,Azzedine Ounahi,,8,154,Morocco,,,,,,,15.0,Left Center Midfield,55:02,67:13,Substitution - On (Tactical),Tactical Shift
3869684,788,Morocco,59493,Abderrazak Hamdallah,,9,154,Morocco,,,,,,,,,,,,
3869684,788,Morocco,67700,Badr Banoun,,24,154,Morocco,,,,,,,5.0,Left Center Back,63:24,67:13,Substitution - On (Injury),Tactical Shift
3869684,788,Morocco,102668,Yahya Jabrane,,26,154,Morocco,,,,,,,,,,,,
3869684,788,Morocco,131037,Anass Zaroury,,10,22,Belgium,,,,,,,21.0,Left Wing,63:17,,Substitution - On (Tactical),Final Whistle
3869684,788,Morocco,139011,Ahmed Reda Tagnaouti,,22,154,Morocco,,,,,,,,,,,,
3869684,788,Morocco,139016,Achraf Dari,,20,154,Morocco,,,,,,,5.0,Left Center Back,00:00,63:24,Starting XI,Substitution - Off (Injury)
3869684,788,Morocco,149714,Abdessamad Ezzalzouli,Abde Ezzalzouli,16,154,Morocco,,,,,,,,,,,,
3869684,788,Morocco,156734,Bilal El Khannous,,23,154,Morocco,,,,,,,13.0,Right Center Midfield,00:00,45:00,Starting XI,Tactical Shift
3869684,788,Morocco,296254,Walid Cheddira,,21,154,Morocco,,,,,,,,,,,,
3869685,771,France,2972,Marcus Thuram,,26,78,France,,,,,,,23.0,Center Forward,41:01,41:20,Substitution - On (Tactical),Tactical Shift
3869685,771,France,3009,Kylian Mbappé Lottin,Kylian Mbappé,10,78,France,,,,,,,21.0,Left Wing,00:00,41:20,Starting XI,Tactical Shift
3869685,771,France,3026,Adrien Rabiot,,14,78,France,,,,,,,11.0,Left Defensive Midfield,00:00,95:10,Starting XI,Substitution - Off (Tactical)
3869685,771,France,3099,Hugo Lloris,,1,78,France,,,,,,,1.0,Goalkeeper,00:00,,Starting XI,Final Whistle
3869685,771,France,3379,Alphonse Areola,,23,78,France,,,,,,,,,,,,
3869685,771,France,3543,Steve Mandanda,,16,78,France,,,,,,,,,,,,
3869685,771,France,3604,Olivier Giroud,,9,78,France,,,,,,,23.0,Center Forward,00:00,41:01,Starting XI,Substitution - Off (Tactical)
3869685,771,France,4445,Jules Koundé,,5,78,France,,,,,,,2.0,Right Back,00:00,120:35,Starting XI,Substitution - Off (Tactical)
3869685,771,France,5476,Benjamin Pavard,,2,78,France,,,,,,,,,,,,
3869685,771,France,5477,Ousmane Dembélé,,11,78,France,,,,,,,17.0,Right Wing,00:00,40:32,Starting XI,Substitution - Off (Tactical)
3869685,771,France,5485,Raphaël Varane,,4,78,France,,,,,,,3.0,Right Center Back,00:00,112:28,Starting XI,Substitution - Off (Injury)
3869685,771,France,5487,Antoine Griezmann,,7,78,France,,,,,,,19.0,Center Attacking Midfield,00:00,70:29,Starting XI,Substitution - Off (Tactical)
3869685,771,France,6704,Theo Bernard François Hernández,Theo Hernández,22,78,France,,,,,,,6.0,Left Back,00:00,70:27,Starting XI,Substitution - Off (Tactical)
3869685,771,France,7153,Jordan Veretout,,15,78,France,,,,,,,,,,,,
3869685,771,France,7345,Mattéo Guendouzi Olié,Mattéo Guendouzi,6,78,France,,,,,,,,,,,,
3869685,771,France,7439,Axel Disasi,,3,78,France,,,,,,,2.0,Right Back,120:35,,Substitution - On (Tactical),Final Whistle
3869685,771,France,8217,Kingsley Coman,,20,78,France,,,,,,,19.0,Center Attacking Midfield,70:29,72:52,Substitution - On (Tactical),Tactical Shift
3869685,771,France,8519,Dayotchanculle Upamecano,,18,78,France,,,,,,,5.0,Left Center Back,00:00,,Starting XI,Final Whistle
3869685,771,France,10481,Aurélien Djani Tchouaméni,Aurélien Tchouaméni,8,78,France,,,,,,,9.0,Right Defensive Midfield,00:00,,Starting XI,Final Whistle
3869685,771,France,11135,Ibrahima Konaté,,24,78,France,,,,,,,3.0,Right Center Back,112:28,,Substitution - On (Injury),Final Whistle
3869685,771,France,11990,Youssouf Fofana,,13,78,France,,,,,,,11.0,Left Defensive Midfield,95:10,,Substitution - On (Tactical),Final Whistle
3869685,771,France,17592,William Saliba,,17,78,France,,,,,,,,,,,,
3869685,771,France,22097,Randal Kolo Muani,Randal Kolo,12,78,France,,,,,,,17.0,Right Wing,40:32,72:52,Substitution - On (Tactical),Tactical Shift
3869685,771,France,24778,Eduardo Camavinga,,25,78,France,,,,,,,6.0,Left Back,70:27,,Substitution - On (Tactical),Final Whistle
3869685,779,Argentina,2995,Ángel Fabián Di María Hernández,Ángel Di María,11,11,Argentina,,,,,,,21.0,Left Wing,00:00,63:51,Starting XI,Substitution - Off (Tactical)
3869685,779,Argentina,3090,Nicolás Hernán Otamendi,Nicolás Otamendi,19,11,Argentina,,,,,,,5.0,Left Center Back,00:00,,Starting XI,Final Whistle
3869685,779,Argentina,5503,Lionel Andrés Messi Cuccittini,Lionel Messi,10,11,Argentina,,,,,,,17.0,Right Wing,00:00,115:32,Starting XI,Tactical Shift
3869685,779,Argentina,5507,Nicolás Alejandro Tagliafico,Nicolás Tagliafico,3,11,Argentina,,,,,,,6.0,Left Back,00:00,115:32,Starting XI,Tactical Shift
3869685,779,Argentina,5743,Paulo Bruno Exequiel Dybala,Paulo Dybala,21,11,Argentina,,,,,,,8.0,Left Wing Back,120:46,120:48,Substitution - On (Tactical),Tactical Shift
3869685,779,Argentina,6312,Franco Armani,,1,11,Argentina,,,,,,,,,,,,
3869685,779,Argentina,6377,Ángel Martín Correa,Ángel Correa,15,11,Argentina,,,,,,,,,,,,
3869685,779,Argentina,6694,Gerónimo Rulli,Gero Rulli,12,11,Argentina,,,,,,,,,,,,
3869685,779,Argentina,6909,Damián Emiliano Martínez,Emiliano Martínez,23,11,Argentina,,,,,,,1.0,Goalkeeper,00:00,,Starting XI,Final Whistle
3869685,779,Argentina,7006,Alejandro Darío Gómez,Papu Gómez,17,11,Argentina,,,,,,,,,,,,
3869685,779,Argentina,7161,Germán Alejandro Pezzella,Germán Pezzella,6,11,Argentina,,,,,,,15.0,Left Center Midfield,115:22,115:32,Substitution - On (Tactical),Tactical Shift
3869685,779,Argentina,7797,Rodrigo Javier De Paul,Rodrigo De Paul,7,11,Argentina,,,,,,,13.0,Right Center Midfield,00:00,101:37,Starting XI,Substitution - Off (Tactical)
3869685,779,Argentina,11456,Lautaro Javier Martínez,Lautaro Martínez,22,11,Argentina,,,,,,,23.0,Center Forward,101:49,115:32,Substitution - On (Tactical),Tactical Shift
3869685,779,Argentina,16308,Leandro Daniel Paredes,Leandro Paredes,5,11,Argentina,,,,,,,13.0,Right Center Midfield,101:37,102:16,Substitution - On (Tactical),Tactical Shift
3869685,779,Argentina,19597,Marcos Javier Acuña,Marcos Acuña,8,11,Argentina,,,,,,,21.0,Left Wing,102:16,115:32,Tactical Shift,Tactical Shift
3869685,779,Argentina,20572,Cristian Gabriel Romero,Cristian Romero,13,11,Argentina,,,,,,,3.0,Right Center Back,00:00,,Starting XI,Final Whistle
3869685,779,Argentina,21081,Juan Marcos Foyth,Juan Foyth,2,11,Argentina,,,,,,,,,,,,
3869685,779,Argentina,26404,Guido Rodríguez,,18,11,Argentina,,,,,,,,,,,,
3869685,779,Argentina,27768,Lisandro Martínez,,25,11,Argentina,,,,,,,,,,,,
3869685,779,Argentina,27886,Alexis Mac Allister,Alexis MacAllister,20,11,Argentina,,,,,,,15.0,Left Center Midfield,00:00,115:22,Starting XI,Substitution - Off (Tactical)
3869685,779,Argentina,28263,Gonzalo Ariel Montiel,Gonzalo Montiel,4,11,Argentina,,,,,,,2.0,Right Back,102:16,115:32,Tactical Shift,Tactical Shift
3869685,779,Argentina,28268,Exequiel Alejandro Palacios,Exequiel Palacios,14,11,Argentina,,,,,,,,,,,,
3869685,779,Argentina,28637,Thiago Ezequiel Almada,Thiago Almada,16,11,Argentina,,,,,,,,,,,,
3869685,779,Argentina,29201,Nahuel Molina Lucero,Nahuel Molina,26,11,Argentina,,,,,,,2.0,Right Back,00:00,90:00,Starting XI,Substitution - Off (Tactical)
3869685,779,Argentina,29560,Julián Álvarez,,9,11,Argentina,,,,,,,23.0,Center Forward,00:00,101:49,Starting XI,Substitution - Off (Tactical)
3869685,779,Argentina,38718,Enzo Fernandez,,24,11,Argentina,,,,,,,10.0,Center Defensive Midfield,00:00,102:16,Starting XI,Tactical Shift
